REGION,TECHNOLOGY,TIMESLICE,YEAR,value
Cuba,PWRBIO02,311,2019,0.0
Cuba,PWRBIO02,311,2020,0.0
Cuba,PWRBIO02,311,2021,0.0
Cuba,PWRBIO02,311,2022,0.0
Cuba,PWRBIO02,311,2023,0.0
Cuba,PWRBIO02,311,2024,0.0
Cuba,PWRBIO02,311,2025,0.0
Cuba,PWRBIO02,311,2026,0.0
Cuba,PWRBIO02,311,2027,0.0
Cuba,PWRBIO02,311,2028,0.0
Cuba,PWRBIO02,311,2029,0.0
Cuba,PWRBIO02,311,2030,0.0
Cuba,PWRBIO02,311,2031,0.0
Cuba,PWRBIO02,311,2032,0.0
Cuba,PWRBIO02,311,2033,0.0
Cuba,PWRBIO02,311,2034,0.0
Cuba,PWRBIO02,311,2035,0.0
Cuba,PWRBIO02,311,2036,0.0
Cuba,PWRBIO02,311,2037,0.0
Cuba,PWRBIO02,311,2038,0.0
Cuba,PWRBIO02,311,2039,0.0
Cuba,PWRBIO02,311,2040,0.0
Cuba,PWRBIO02,311,2041,0.0
Cuba,PWRBIO02,311,2042,0.0
Cuba,PWRBIO02,311,2043,0.0
Cuba,PWRBIO02,311,2044,0.0
Cuba,PWRBIO02,311,2045,0.0
Cuba,PWRBIO02,311,2046,0.0
Cuba,PWRBIO02,311,2047,0.0
Cuba,PWRBIO02,311,2048,0.0
Cuba,PWRBIO02,311,2049,0.0
Cuba,PWRBIO02,311,2050,0.0
Cuba,PWRBIO02,311,2051,0.0
Cuba,PWRBIO02,311,2052,0.0
Cuba,PWRBIO02,311,2053,0.0
Cuba,PWRBIO02,311,2054,0.0
Cuba,PWRBIO02,311,2055,0.0
Cuba,PWRBIO02,312,2019,0.0
Cuba,PWRBIO02,312,2020,0.0
Cuba,PWRBIO02,312,2021,0.0
Cuba,PWRBIO02,312,2022,0.0
Cuba,PWRBIO02,312,2023,0.0
Cuba,PWRBIO02,312,2024,0.0
Cuba,PWRBIO02,312,2025,0.0
Cuba,PWRBIO02,312,2026,0.0
Cuba,PWRBIO02,312,2027,0.0
Cuba,PWRBIO02,312,2028,0.0
Cuba,PWRBIO02,312,2029,0.0
Cuba,PWRBIO02,312,2030,0.0
Cuba,PWRBIO02,312,2031,0.0
Cuba,PWRBIO02,312,2032,0.0
Cuba,PWRBIO02,312,2033,0.0
Cuba,PWRBIO02,312,2034,0.0
Cuba,PWRBIO02,312,2035,0.0
Cuba,PWRBIO02,312,2036,0.0
Cuba,PWRBIO02,312,2037,0.0
Cuba,PWRBIO02,312,2038,0.0
Cuba,PWRBIO02,312,2039,0.0
Cuba,PWRBIO02,312,2040,0.0
Cuba,PWRBIO02,312,2041,0.0
Cuba,PWRBIO02,312,2042,0.0
Cuba,PWRBIO02,312,2043,0.0
Cuba,PWRBIO02,312,2044,0.0
Cuba,PWRBIO02,312,2045,0.0
Cuba,PWRBIO02,312,2046,0.0
Cuba,PWRBIO02,312,2047,0.0
Cuba,PWRBIO02,312,2048,0.0
Cuba,PWRBIO02,312,2049,0.0
Cuba,PWRBIO02,312,2050,0.0
Cuba,PWRBIO02,312,2051,0.0
Cuba,PWRBIO02,312,2052,0.0
Cuba,PWRBIO02,312,2053,0.0
Cuba,PWRBIO02,312,2054,0.0
Cuba,PWRBIO02,312,2055,0.0
Cuba,PWRBIO02,313,2019,0.0
Cuba,PWRBIO02,313,2020,0.0
Cuba,PWRBIO02,313,2021,0.0
Cuba,PWRBIO02,313,2022,0.0
Cuba,PWRBIO02,313,2023,0.0
Cuba,PWRBIO02,313,2024,0.0
Cuba,PWRBIO02,313,2025,0.0
Cuba,PWRBIO02,313,2026,0.0
Cuba,PWRBIO02,313,2027,0.0
Cuba,PWRBIO02,313,2028,0.0
Cuba,PWRBIO02,313,2029,0.0
Cuba,PWRBIO02,313,2030,0.0
Cuba,PWRBIO02,313,2031,0.0
Cuba,PWRBIO02,313,2032,0.0
Cuba,PWRBIO02,313,2033,0.0
Cuba,PWRBIO02,313,2034,0.0
Cuba,PWRBIO02,313,2035,0.0
Cuba,PWRBIO02,313,2036,0.0
Cuba,PWRBIO02,313,2037,0.0
Cuba,PWRBIO02,313,2038,0.0
Cuba,PWRBIO02,313,2039,0.0
Cuba,PWRBIO02,313,2040,0.0
Cuba,PWRBIO02,313,2041,0.0
Cuba,PWRBIO02,313,2042,0.0
Cuba,PWRBIO02,313,2043,0.0
Cuba,PWRBIO02,313,2044,0.0
Cuba,PWRBIO02,313,2045,0.0
Cuba,PWRBIO02,313,2046,0.0
Cuba,PWRBIO02,313,2047,0.0
Cuba,PWRBIO02,313,2048,0.0
Cuba,PWRBIO02,313,2049,0.0
Cuba,PWRBIO02,313,2050,0.0
Cuba,PWRBIO02,313,2051,0.0
Cuba,PWRBIO02,313,2052,0.0
Cuba,PWRBIO02,313,2053,0.0
Cuba,PWRBIO02,313,2054,0.0
Cuba,PWRBIO02,313,2055,0.0
Cuba,PWRBIO02,314,2019,0.0
Cuba,PWRBIO02,314,2020,0.0
Cuba,PWRBIO02,314,2021,0.0
Cuba,PWRBIO02,314,2022,0.0
Cuba,PWRBIO02,314,2023,0.0
Cuba,PWRBIO02,314,2024,0.0
Cuba,PWRBIO02,314,2025,0.0
Cuba,PWRBIO02,314,2026,0.0
Cuba,PWRBIO02,314,2027,0.0
Cuba,PWRBIO02,314,2028,0.0
Cuba,PWRBIO02,314,2029,0.0
Cuba,PWRBIO02,314,2030,0.0
Cuba,PWRBIO02,314,2031,0.0
Cuba,PWRBIO02,314,2032,0.0
Cuba,PWRBIO02,314,2033,0.0
Cuba,PWRBIO02,314,2034,0.0
Cuba,PWRBIO02,314,2035,0.0
Cuba,PWRBIO02,314,2036,0.0
Cuba,PWRBIO02,314,2037,0.0
Cuba,PWRBIO02,314,2038,0.0
Cuba,PWRBIO02,314,2039,0.0
Cuba,PWRBIO02,314,2040,0.0
Cuba,PWRBIO02,314,2041,0.0
Cuba,PWRBIO02,314,2042,0.0
Cuba,PWRBIO02,314,2043,0.0
Cuba,PWRBIO02,314,2044,0.0
Cuba,PWRBIO02,314,2045,0.0
Cuba,PWRBIO02,314,2046,0.0
Cuba,PWRBIO02,314,2047,0.0
Cuba,PWRBIO02,314,2048,0.0
Cuba,PWRBIO02,314,2049,0.0
Cuba,PWRBIO02,314,2050,0.0
Cuba,PWRBIO02,314,2051,0.0
Cuba,PWRBIO02,314,2052,0.0
Cuba,PWRBIO02,314,2053,0.0
Cuba,PWRBIO02,314,2054,0.0
Cuba,PWRBIO02,314,2055,0.0
Cuba,PWRBIO02,315,2019,0.0
Cuba,PWRBIO02,315,2020,0.0
Cuba,PWRBIO02,315,2021,0.0
Cuba,PWRBIO02,315,2022,0.0
Cuba,PWRBIO02,315,2023,0.0
Cuba,PWRBIO02,315,2024,0.0
Cuba,PWRBIO02,315,2025,0.0
Cuba,PWRBIO02,315,2026,0.0
Cuba,PWRBIO02,315,2027,0.0
Cuba,PWRBIO02,315,2028,0.0
Cuba,PWRBIO02,315,2029,0.0
Cuba,PWRBIO02,315,2030,0.0
Cuba,PWRBIO02,315,2031,0.0
Cuba,PWRBIO02,315,2032,0.0
Cuba,PWRBIO02,315,2033,0.0
Cuba,PWRBIO02,315,2034,0.0
Cuba,PWRBIO02,315,2035,0.0
Cuba,PWRBIO02,315,2036,0.0
Cuba,PWRBIO02,315,2037,0.0
Cuba,PWRBIO02,315,2038,0.0
Cuba,PWRBIO02,315,2039,0.0
Cuba,PWRBIO02,315,2040,0.0
Cuba,PWRBIO02,315,2041,0.0
Cuba,PWRBIO02,315,2042,0.0
Cuba,PWRBIO02,315,2043,0.0
Cuba,PWRBIO02,315,2044,0.0
Cuba,PWRBIO02,315,2045,0.0
Cuba,PWRBIO02,315,2046,0.0
Cuba,PWRBIO02,315,2047,0.0
Cuba,PWRBIO02,315,2048,0.0
Cuba,PWRBIO02,315,2049,0.0
Cuba,PWRBIO02,315,2050,0.0
Cuba,PWRBIO02,315,2051,0.0
Cuba,PWRBIO02,315,2052,0.0
Cuba,PWRBIO02,315,2053,0.0
Cuba,PWRBIO02,315,2054,0.0
Cuba,PWRBIO02,315,2055,0.0
Cuba,PWRBIO02,316,2019,0.0
Cuba,PWRBIO02,316,2020,0.0
Cuba,PWRBIO02,316,2021,0.0
Cuba,PWRBIO02,316,2022,0.0
Cuba,PWRBIO02,316,2023,0.0
Cuba,PWRBIO02,316,2024,0.0
Cuba,PWRBIO02,316,2025,0.0
Cuba,PWRBIO02,316,2026,0.0
Cuba,PWRBIO02,316,2027,0.0
Cuba,PWRBIO02,316,2028,0.0
Cuba,PWRBIO02,316,2029,0.0
Cuba,PWRBIO02,316,2030,0.0
Cuba,PWRBIO02,316,2031,0.0
Cuba,PWRBIO02,316,2032,0.0
Cuba,PWRBIO02,316,2033,0.0
Cuba,PWRBIO02,316,2034,0.0
Cuba,PWRBIO02,316,2035,0.0
Cuba,PWRBIO02,316,2036,0.0
Cuba,PWRBIO02,316,2037,0.0
Cuba,PWRBIO02,316,2038,0.0
Cuba,PWRBIO02,316,2039,0.0
Cuba,PWRBIO02,316,2040,0.0
Cuba,PWRBIO02,316,2041,0.0
Cuba,PWRBIO02,316,2042,0.0
Cuba,PWRBIO02,316,2043,0.0
Cuba,PWRBIO02,316,2044,0.0
Cuba,PWRBIO02,316,2045,0.0
Cuba,PWRBIO02,316,2046,0.0
Cuba,PWRBIO02,316,2047,0.0
Cuba,PWRBIO02,316,2048,0.0
Cuba,PWRBIO02,316,2049,0.0
Cuba,PWRBIO02,316,2050,0.0
Cuba,PWRBIO02,316,2051,0.0
Cuba,PWRBIO02,316,2052,0.0
Cuba,PWRBIO02,316,2053,0.0
Cuba,PWRBIO02,316,2054,0.0
Cuba,PWRBIO02,316,2055,0.0
Cuba,PWRBIO02,317,2019,0.0
Cuba,PWRBIO02,317,2020,0.0
Cuba,PWRBIO02,317,2021,0.0
Cuba,PWRBIO02,317,2022,0.0
Cuba,PWRBIO02,317,2023,0.0
Cuba,PWRBIO02,317,2024,0.0
Cuba,PWRBIO02,317,2025,0.0
Cuba,PWRBIO02,317,2026,0.0
Cuba,PWRBIO02,317,2027,0.0
Cuba,PWRBIO02,317,2028,0.0
Cuba,PWRBIO02,317,2029,0.0
Cuba,PWRBIO02,317,2030,0.0
Cuba,PWRBIO02,317,2031,0.0
Cuba,PWRBIO02,317,2032,0.0
Cuba,PWRBIO02,317,2033,0.0
Cuba,PWRBIO02,317,2034,0.0
Cuba,PWRBIO02,317,2035,0.0
Cuba,PWRBIO02,317,2036,0.0
Cuba,PWRBIO02,317,2037,0.0
Cuba,PWRBIO02,317,2038,0.0
Cuba,PWRBIO02,317,2039,0.0
Cuba,PWRBIO02,317,2040,0.0
Cuba,PWRBIO02,317,2041,0.0
Cuba,PWRBIO02,317,2042,0.0
Cuba,PWRBIO02,317,2043,0.0
Cuba,PWRBIO02,317,2044,0.0
Cuba,PWRBIO02,317,2045,0.0
Cuba,PWRBIO02,317,2046,0.0
Cuba,PWRBIO02,317,2047,0.0
Cuba,PWRBIO02,317,2048,0.0
Cuba,PWRBIO02,317,2049,0.0
Cuba,PWRBIO02,317,2050,0.0
Cuba,PWRBIO02,317,2051,0.0
Cuba,PWRBIO02,317,2052,0.0
Cuba,PWRBIO02,317,2053,0.0
Cuba,PWRBIO02,317,2054,0.0
Cuba,PWRBIO02,317,2055,0.0
Cuba,PWRBIO02,318,2019,0.0
Cuba,PWRBIO02,318,2020,0.0
Cuba,PWRBIO02,318,2021,0.0
Cuba,PWRBIO02,318,2022,0.0
Cuba,PWRBIO02,318,2023,0.0
Cuba,PWRBIO02,318,2024,0.0
Cuba,PWRBIO02,318,2025,0.0
Cuba,PWRBIO02,318,2026,0.0
Cuba,PWRBIO02,318,2027,0.0
Cuba,PWRBIO02,318,2028,0.0
Cuba,PWRBIO02,318,2029,0.0
Cuba,PWRBIO02,318,2030,0.0
Cuba,PWRBIO02,318,2031,0.0
Cuba,PWRBIO02,318,2032,0.0
Cuba,PWRBIO02,318,2033,0.0
Cuba,PWRBIO02,318,2034,0.0
Cuba,PWRBIO02,318,2035,0.0
Cuba,PWRBIO02,318,2036,0.0
Cuba,PWRBIO02,318,2037,0.0
Cuba,PWRBIO02,318,2038,0.0
Cuba,PWRBIO02,318,2039,0.0
Cuba,PWRBIO02,318,2040,0.0
Cuba,PWRBIO02,318,2041,0.0
Cuba,PWRBIO02,318,2042,0.0
Cuba,PWRBIO02,318,2043,0.0
Cuba,PWRBIO02,318,2044,0.0
Cuba,PWRBIO02,318,2045,0.0
Cuba,PWRBIO02,318,2046,0.0
Cuba,PWRBIO02,318,2047,0.0
Cuba,PWRBIO02,318,2048,0.0
Cuba,PWRBIO02,318,2049,0.0
Cuba,PWRBIO02,318,2050,0.0
Cuba,PWRBIO02,318,2051,0.0
Cuba,PWRBIO02,318,2052,0.0
Cuba,PWRBIO02,318,2053,0.0
Cuba,PWRBIO02,318,2054,0.0
Cuba,PWRBIO02,318,2055,0.0
Cuba,PWRBIO02,321,2019,0.0
Cuba,PWRBIO02,321,2020,0.0
Cuba,PWRBIO02,321,2021,0.0
Cuba,PWRBIO02,321,2022,0.0
Cuba,PWRBIO02,321,2023,0.0
Cuba,PWRBIO02,321,2024,0.0
Cuba,PWRBIO02,321,2025,0.0
Cuba,PWRBIO02,321,2026,0.0
Cuba,PWRBIO02,321,2027,0.0
Cuba,PWRBIO02,321,2028,0.0
Cuba,PWRBIO02,321,2029,0.0
Cuba,PWRBIO02,321,2030,0.0
Cuba,PWRBIO02,321,2031,0.0
Cuba,PWRBIO02,321,2032,0.0
Cuba,PWRBIO02,321,2033,0.0
Cuba,PWRBIO02,321,2034,0.0
Cuba,PWRBIO02,321,2035,0.0
Cuba,PWRBIO02,321,2036,0.0
Cuba,PWRBIO02,321,2037,0.0
Cuba,PWRBIO02,321,2038,0.0
Cuba,PWRBIO02,321,2039,0.0
Cuba,PWRBIO02,321,2040,0.0
Cuba,PWRBIO02,321,2041,0.0
Cuba,PWRBIO02,321,2042,0.0
Cuba,PWRBIO02,321,2043,0.0
Cuba,PWRBIO02,321,2044,0.0
Cuba,PWRBIO02,321,2045,0.0
Cuba,PWRBIO02,321,2046,0.0
Cuba,PWRBIO02,321,2047,0.0
Cuba,PWRBIO02,321,2048,0.0
Cuba,PWRBIO02,321,2049,0.0
Cuba,PWRBIO02,321,2050,0.0
Cuba,PWRBIO02,321,2051,0.0
Cuba,PWRBIO02,321,2052,0.0
Cuba,PWRBIO02,321,2053,0.0
Cuba,PWRBIO02,321,2054,0.0
Cuba,PWRBIO02,321,2055,0.0
Cuba,PWRBIO02,322,2019,0.0
Cuba,PWRBIO02,322,2020,0.0
Cuba,PWRBIO02,322,2021,0.0
Cuba,PWRBIO02,322,2022,0.0
Cuba,PWRBIO02,322,2023,0.0
Cuba,PWRBIO02,322,2024,0.0
Cuba,PWRBIO02,322,2025,0.0
Cuba,PWRBIO02,322,2026,0.0
Cuba,PWRBIO02,322,2027,0.0
Cuba,PWRBIO02,322,2028,0.0
Cuba,PWRBIO02,322,2029,0.0
Cuba,PWRBIO02,322,2030,0.0
Cuba,PWRBIO02,322,2031,0.0
Cuba,PWRBIO02,322,2032,0.0
Cuba,PWRBIO02,322,2033,0.0
Cuba,PWRBIO02,322,2034,0.0
Cuba,PWRBIO02,322,2035,0.0
Cuba,PWRBIO02,322,2036,0.0
Cuba,PWRBIO02,322,2037,0.0
Cuba,PWRBIO02,322,2038,0.0
Cuba,PWRBIO02,322,2039,0.0
Cuba,PWRBIO02,322,2040,0.0
Cuba,PWRBIO02,322,2041,0.0
Cuba,PWRBIO02,322,2042,0.0
Cuba,PWRBIO02,322,2043,0.0
Cuba,PWRBIO02,322,2044,0.0
Cuba,PWRBIO02,322,2045,0.0
Cuba,PWRBIO02,322,2046,0.0
Cuba,PWRBIO02,322,2047,0.0
Cuba,PWRBIO02,322,2048,0.0
Cuba,PWRBIO02,322,2049,0.0
Cuba,PWRBIO02,322,2050,0.0
Cuba,PWRBIO02,322,2051,0.0
Cuba,PWRBIO02,322,2052,0.0
Cuba,PWRBIO02,322,2053,0.0
Cuba,PWRBIO02,322,2054,0.0
Cuba,PWRBIO02,322,2055,0.0
Cuba,PWRBIO02,323,2019,0.0
Cuba,PWRBIO02,323,2020,0.0
Cuba,PWRBIO02,323,2021,0.0
Cuba,PWRBIO02,323,2022,0.0
Cuba,PWRBIO02,323,2023,0.0
Cuba,PWRBIO02,323,2024,0.0
Cuba,PWRBIO02,323,2025,0.0
Cuba,PWRBIO02,323,2026,0.0
Cuba,PWRBIO02,323,2027,0.0
Cuba,PWRBIO02,323,2028,0.0
Cuba,PWRBIO02,323,2029,0.0
Cuba,PWRBIO02,323,2030,0.0
Cuba,PWRBIO02,323,2031,0.0
Cuba,PWRBIO02,323,2032,0.0
Cuba,PWRBIO02,323,2033,0.0
Cuba,PWRBIO02,323,2034,0.0
Cuba,PWRBIO02,323,2035,0.0
Cuba,PWRBIO02,323,2036,0.0
Cuba,PWRBIO02,323,2037,0.0
Cuba,PWRBIO02,323,2038,0.0
Cuba,PWRBIO02,323,2039,0.0
Cuba,PWRBIO02,323,2040,0.0
Cuba,PWRBIO02,323,2041,0.0
Cuba,PWRBIO02,323,2042,0.0
Cuba,PWRBIO02,323,2043,0.0
Cuba,PWRBIO02,323,2044,0.0
Cuba,PWRBIO02,323,2045,0.0
Cuba,PWRBIO02,323,2046,0.0
Cuba,PWRBIO02,323,2047,0.0
Cuba,PWRBIO02,323,2048,0.0
Cuba,PWRBIO02,323,2049,0.0
Cuba,PWRBIO02,323,2050,0.0
Cuba,PWRBIO02,323,2051,0.0
Cuba,PWRBIO02,323,2052,0.0
Cuba,PWRBIO02,323,2053,0.0
Cuba,PWRBIO02,323,2054,0.0
Cuba,PWRBIO02,323,2055,0.0
Cuba,PWRBIO02,324,2019,0.0
Cuba,PWRBIO02,324,2020,0.0
Cuba,PWRBIO02,324,2021,0.0
Cuba,PWRBIO02,324,2022,0.0
Cuba,PWRBIO02,324,2023,0.0
Cuba,PWRBIO02,324,2024,0.0
Cuba,PWRBIO02,324,2025,0.0
Cuba,PWRBIO02,324,2026,0.0
Cuba,PWRBIO02,324,2027,0.0
Cuba,PWRBIO02,324,2028,0.0
Cuba,PWRBIO02,324,2029,0.0
Cuba,PWRBIO02,324,2030,0.0
Cuba,PWRBIO02,324,2031,0.0
Cuba,PWRBIO02,324,2032,0.0
Cuba,PWRBIO02,324,2033,0.0
Cuba,PWRBIO02,324,2034,0.0
Cuba,PWRBIO02,324,2035,0.0
Cuba,PWRBIO02,324,2036,0.0
Cuba,PWRBIO02,324,2037,0.0
Cuba,PWRBIO02,324,2038,0.0
Cuba,PWRBIO02,324,2039,0.0
Cuba,PWRBIO02,324,2040,0.0
Cuba,PWRBIO02,324,2041,0.0
Cuba,PWRBIO02,324,2042,0.0
Cuba,PWRBIO02,324,2043,0.0
Cuba,PWRBIO02,324,2044,0.0
Cuba,PWRBIO02,324,2045,0.0
Cuba,PWRBIO02,324,2046,0.0
Cuba,PWRBIO02,324,2047,0.0
Cuba,PWRBIO02,324,2048,0.0
Cuba,PWRBIO02,324,2049,0.0
Cuba,PWRBIO02,324,2050,0.0
Cuba,PWRBIO02,324,2051,0.0
Cuba,PWRBIO02,324,2052,0.0
Cuba,PWRBIO02,324,2053,0.0
Cuba,PWRBIO02,324,2054,0.0
Cuba,PWRBIO02,324,2055,0.0
Cuba,PWRBIO02,325,2019,0.0
Cuba,PWRBIO02,325,2020,0.0
Cuba,PWRBIO02,325,2021,0.0
Cuba,PWRBIO02,325,2022,0.0
Cuba,PWRBIO02,325,2023,0.0
Cuba,PWRBIO02,325,2024,0.0
Cuba,PWRBIO02,325,2025,0.0
Cuba,PWRBIO02,325,2026,0.0
Cuba,PWRBIO02,325,2027,0.0
Cuba,PWRBIO02,325,2028,0.0
Cuba,PWRBIO02,325,2029,0.0
Cuba,PWRBIO02,325,2030,0.0
Cuba,PWRBIO02,325,2031,0.0
Cuba,PWRBIO02,325,2032,0.0
Cuba,PWRBIO02,325,2033,0.0
Cuba,PWRBIO02,325,2034,0.0
Cuba,PWRBIO02,325,2035,0.0
Cuba,PWRBIO02,325,2036,0.0
Cuba,PWRBIO02,325,2037,0.0
Cuba,PWRBIO02,325,2038,0.0
Cuba,PWRBIO02,325,2039,0.0
Cuba,PWRBIO02,325,2040,0.0
Cuba,PWRBIO02,325,2041,0.0
Cuba,PWRBIO02,325,2042,0.0
Cuba,PWRBIO02,325,2043,0.0
Cuba,PWRBIO02,325,2044,0.0
Cuba,PWRBIO02,325,2045,0.0
Cuba,PWRBIO02,325,2046,0.0
Cuba,PWRBIO02,325,2047,0.0
Cuba,PWRBIO02,325,2048,0.0
Cuba,PWRBIO02,325,2049,0.0
Cuba,PWRBIO02,325,2050,0.0
Cuba,PWRBIO02,325,2051,0.0
Cuba,PWRBIO02,325,2052,0.0
Cuba,PWRBIO02,325,2053,0.0
Cuba,PWRBIO02,325,2054,0.0
Cuba,PWRBIO02,325,2055,0.0
Cuba,PWRBIO02,326,2019,0.0
Cuba,PWRBIO02,326,2020,0.0
Cuba,PWRBIO02,326,2021,0.0
Cuba,PWRBIO02,326,2022,0.0
Cuba,PWRBIO02,326,2023,0.0
Cuba,PWRBIO02,326,2024,0.0
Cuba,PWRBIO02,326,2025,0.0
Cuba,PWRBIO02,326,2026,0.0
Cuba,PWRBIO02,326,2027,0.0
Cuba,PWRBIO02,326,2028,0.0
Cuba,PWRBIO02,326,2029,0.0
Cuba,PWRBIO02,326,2030,0.0
Cuba,PWRBIO02,326,2031,0.0
Cuba,PWRBIO02,326,2032,0.0
Cuba,PWRBIO02,326,2033,0.0
Cuba,PWRBIO02,326,2034,0.0
Cuba,PWRBIO02,326,2035,0.0
Cuba,PWRBIO02,326,2036,0.0
Cuba,PWRBIO02,326,2037,0.0
Cuba,PWRBIO02,326,2038,0.0
Cuba,PWRBIO02,326,2039,0.0
Cuba,PWRBIO02,326,2040,0.0
Cuba,PWRBIO02,326,2041,0.0
Cuba,PWRBIO02,326,2042,0.0
Cuba,PWRBIO02,326,2043,0.0
Cuba,PWRBIO02,326,2044,0.0
Cuba,PWRBIO02,326,2045,0.0
Cuba,PWRBIO02,326,2046,0.0
Cuba,PWRBIO02,326,2047,0.0
Cuba,PWRBIO02,326,2048,0.0
Cuba,PWRBIO02,326,2049,0.0
Cuba,PWRBIO02,326,2050,0.0
Cuba,PWRBIO02,326,2051,0.0
Cuba,PWRBIO02,326,2052,0.0
Cuba,PWRBIO02,326,2053,0.0
Cuba,PWRBIO02,326,2054,0.0
Cuba,PWRBIO02,326,2055,0.0
Cuba,PWRBIO02,327,2019,0.0
Cuba,PWRBIO02,327,2020,0.0
Cuba,PWRBIO02,327,2021,0.0
Cuba,PWRBIO02,327,2022,0.0
Cuba,PWRBIO02,327,2023,0.0
Cuba,PWRBIO02,327,2024,0.0
Cuba,PWRBIO02,327,2025,0.0
Cuba,PWRBIO02,327,2026,0.0
Cuba,PWRBIO02,327,2027,0.0
Cuba,PWRBIO02,327,2028,0.0
Cuba,PWRBIO02,327,2029,0.0
Cuba,PWRBIO02,327,2030,0.0
Cuba,PWRBIO02,327,2031,0.0
Cuba,PWRBIO02,327,2032,0.0
Cuba,PWRBIO02,327,2033,0.0
Cuba,PWRBIO02,327,2034,0.0
Cuba,PWRBIO02,327,2035,0.0
Cuba,PWRBIO02,327,2036,0.0
Cuba,PWRBIO02,327,2037,0.0
Cuba,PWRBIO02,327,2038,0.0
Cuba,PWRBIO02,327,2039,0.0
Cuba,PWRBIO02,327,2040,0.0
Cuba,PWRBIO02,327,2041,0.0
Cuba,PWRBIO02,327,2042,0.0
Cuba,PWRBIO02,327,2043,0.0
Cuba,PWRBIO02,327,2044,0.0
Cuba,PWRBIO02,327,2045,0.0
Cuba,PWRBIO02,327,2046,0.0
Cuba,PWRBIO02,327,2047,0.0
Cuba,PWRBIO02,327,2048,0.0
Cuba,PWRBIO02,327,2049,0.0
Cuba,PWRBIO02,327,2050,0.0
Cuba,PWRBIO02,327,2051,0.0
Cuba,PWRBIO02,327,2052,0.0
Cuba,PWRBIO02,327,2053,0.0
Cuba,PWRBIO02,327,2054,0.0
Cuba,PWRBIO02,327,2055,0.0
Cuba,PWRBIO02,328,2019,0.0
Cuba,PWRBIO02,328,2020,0.0
Cuba,PWRBIO02,328,2021,0.0
Cuba,PWRBIO02,328,2022,0.0
Cuba,PWRBIO02,328,2023,0.0
Cuba,PWRBIO02,328,2024,0.0
Cuba,PWRBIO02,328,2025,0.0
Cuba,PWRBIO02,328,2026,0.0
Cuba,PWRBIO02,328,2027,0.0
Cuba,PWRBIO02,328,2028,0.0
Cuba,PWRBIO02,328,2029,0.0
Cuba,PWRBIO02,328,2030,0.0
Cuba,PWRBIO02,328,2031,0.0
Cuba,PWRBIO02,328,2032,0.0
Cuba,PWRBIO02,328,2033,0.0
Cuba,PWRBIO02,328,2034,0.0
Cuba,PWRBIO02,328,2035,0.0
Cuba,PWRBIO02,328,2036,0.0
Cuba,PWRBIO02,328,2037,0.0
Cuba,PWRBIO02,328,2038,0.0
Cuba,PWRBIO02,328,2039,0.0
Cuba,PWRBIO02,328,2040,0.0
Cuba,PWRBIO02,328,2041,0.0
Cuba,PWRBIO02,328,2042,0.0
Cuba,PWRBIO02,328,2043,0.0
Cuba,PWRBIO02,328,2044,0.0
Cuba,PWRBIO02,328,2045,0.0
Cuba,PWRBIO02,328,2046,0.0
Cuba,PWRBIO02,328,2047,0.0
Cuba,PWRBIO02,328,2048,0.0
Cuba,PWRBIO02,328,2049,0.0
Cuba,PWRBIO02,328,2050,0.0
Cuba,PWRBIO02,328,2051,0.0
Cuba,PWRBIO02,328,2052,0.0
Cuba,PWRBIO02,328,2053,0.0
Cuba,PWRBIO02,328,2054,0.0
Cuba,PWRBIO02,328,2055,0.0
Cuba,PWRBIO02,411,2019,0.0
Cuba,PWRBIO02,411,2020,0.0
Cuba,PWRBIO02,411,2021,0.0
Cuba,PWRBIO02,411,2022,0.0
Cuba,PWRBIO02,411,2023,0.0
Cuba,PWRBIO02,411,2024,0.0
Cuba,PWRBIO02,411,2025,0.0
Cuba,PWRBIO02,411,2026,0.0
Cuba,PWRBIO02,411,2027,0.0
Cuba,PWRBIO02,411,2028,0.0
Cuba,PWRBIO02,411,2029,0.0
Cuba,PWRBIO02,411,2030,0.0
Cuba,PWRBIO02,411,2031,0.0
Cuba,PWRBIO02,411,2032,0.0
Cuba,PWRBIO02,411,2033,0.0
Cuba,PWRBIO02,411,2034,0.0
Cuba,PWRBIO02,411,2035,0.0
Cuba,PWRBIO02,411,2036,0.0
Cuba,PWRBIO02,411,2037,0.0
Cuba,PWRBIO02,411,2038,0.0
Cuba,PWRBIO02,411,2039,0.0
Cuba,PWRBIO02,411,2040,0.0
Cuba,PWRBIO02,411,2041,0.0
Cuba,PWRBIO02,411,2042,0.0
Cuba,PWRBIO02,411,2043,0.0
Cuba,PWRBIO02,411,2044,0.0
Cuba,PWRBIO02,411,2045,0.0
Cuba,PWRBIO02,411,2046,0.0
Cuba,PWRBIO02,411,2047,0.0
Cuba,PWRBIO02,411,2048,0.0
Cuba,PWRBIO02,411,2049,0.0
Cuba,PWRBIO02,411,2050,0.0
Cuba,PWRBIO02,411,2051,0.0
Cuba,PWRBIO02,411,2052,0.0
Cuba,PWRBIO02,411,2053,0.0
Cuba,PWRBIO02,411,2054,0.0
Cuba,PWRBIO02,411,2055,0.0
Cuba,PWRBIO02,412,2019,0.0
Cuba,PWRBIO02,412,2020,0.0
Cuba,PWRBIO02,412,2021,0.0
Cuba,PWRBIO02,412,2022,0.0
Cuba,PWRBIO02,412,2023,0.0
Cuba,PWRBIO02,412,2024,0.0
Cuba,PWRBIO02,412,2025,0.0
Cuba,PWRBIO02,412,2026,0.0
Cuba,PWRBIO02,412,2027,0.0
Cuba,PWRBIO02,412,2028,0.0
Cuba,PWRBIO02,412,2029,0.0
Cuba,PWRBIO02,412,2030,0.0
Cuba,PWRBIO02,412,2031,0.0
Cuba,PWRBIO02,412,2032,0.0
Cuba,PWRBIO02,412,2033,0.0
Cuba,PWRBIO02,412,2034,0.0
Cuba,PWRBIO02,412,2035,0.0
Cuba,PWRBIO02,412,2036,0.0
Cuba,PWRBIO02,412,2037,0.0
Cuba,PWRBIO02,412,2038,0.0
Cuba,PWRBIO02,412,2039,0.0
Cuba,PWRBIO02,412,2040,0.0
Cuba,PWRBIO02,412,2041,0.0
Cuba,PWRBIO02,412,2042,0.0
Cuba,PWRBIO02,412,2043,0.0
Cuba,PWRBIO02,412,2044,0.0
Cuba,PWRBIO02,412,2045,0.0
Cuba,PWRBIO02,412,2046,0.0
Cuba,PWRBIO02,412,2047,0.0
Cuba,PWRBIO02,412,2048,0.0
Cuba,PWRBIO02,412,2049,0.0
Cuba,PWRBIO02,412,2050,0.0
Cuba,PWRBIO02,412,2051,0.0
Cuba,PWRBIO02,412,2052,0.0
Cuba,PWRBIO02,412,2053,0.0
Cuba,PWRBIO02,412,2054,0.0
Cuba,PWRBIO02,412,2055,0.0
Cuba,PWRBIO02,413,2019,0.0
Cuba,PWRBIO02,413,2020,0.0
Cuba,PWRBIO02,413,2021,0.0
Cuba,PWRBIO02,413,2022,0.0
Cuba,PWRBIO02,413,2023,0.0
Cuba,PWRBIO02,413,2024,0.0
Cuba,PWRBIO02,413,2025,0.0
Cuba,PWRBIO02,413,2026,0.0
Cuba,PWRBIO02,413,2027,0.0
Cuba,PWRBIO02,413,2028,0.0
Cuba,PWRBIO02,413,2029,0.0
Cuba,PWRBIO02,413,2030,0.0
Cuba,PWRBIO02,413,2031,0.0
Cuba,PWRBIO02,413,2032,0.0
Cuba,PWRBIO02,413,2033,0.0
Cuba,PWRBIO02,413,2034,0.0
Cuba,PWRBIO02,413,2035,0.0
Cuba,PWRBIO02,413,2036,0.0
Cuba,PWRBIO02,413,2037,0.0
Cuba,PWRBIO02,413,2038,0.0
Cuba,PWRBIO02,413,2039,0.0
Cuba,PWRBIO02,413,2040,0.0
Cuba,PWRBIO02,413,2041,0.0
Cuba,PWRBIO02,413,2042,0.0
Cuba,PWRBIO02,413,2043,0.0
Cuba,PWRBIO02,413,2044,0.0
Cuba,PWRBIO02,413,2045,0.0
Cuba,PWRBIO02,413,2046,0.0
Cuba,PWRBIO02,413,2047,0.0
Cuba,PWRBIO02,413,2048,0.0
Cuba,PWRBIO02,413,2049,0.0
Cuba,PWRBIO02,413,2050,0.0
Cuba,PWRBIO02,413,2051,0.0
Cuba,PWRBIO02,413,2052,0.0
Cuba,PWRBIO02,413,2053,0.0
Cuba,PWRBIO02,413,2054,0.0
Cuba,PWRBIO02,413,2055,0.0
Cuba,PWRBIO02,414,2019,0.0
Cuba,PWRBIO02,414,2020,0.0
Cuba,PWRBIO02,414,2021,0.0
Cuba,PWRBIO02,414,2022,0.0
Cuba,PWRBIO02,414,2023,0.0
Cuba,PWRBIO02,414,2024,0.0
Cuba,PWRBIO02,414,2025,0.0
Cuba,PWRBIO02,414,2026,0.0
Cuba,PWRBIO02,414,2027,0.0
Cuba,PWRBIO02,414,2028,0.0
Cuba,PWRBIO02,414,2029,0.0
Cuba,PWRBIO02,414,2030,0.0
Cuba,PWRBIO02,414,2031,0.0
Cuba,PWRBIO02,414,2032,0.0
Cuba,PWRBIO02,414,2033,0.0
Cuba,PWRBIO02,414,2034,0.0
Cuba,PWRBIO02,414,2035,0.0
Cuba,PWRBIO02,414,2036,0.0
Cuba,PWRBIO02,414,2037,0.0
Cuba,PWRBIO02,414,2038,0.0
Cuba,PWRBIO02,414,2039,0.0
Cuba,PWRBIO02,414,2040,0.0
Cuba,PWRBIO02,414,2041,0.0
Cuba,PWRBIO02,414,2042,0.0
Cuba,PWRBIO02,414,2043,0.0
Cuba,PWRBIO02,414,2044,0.0
Cuba,PWRBIO02,414,2045,0.0
Cuba,PWRBIO02,414,2046,0.0
Cuba,PWRBIO02,414,2047,0.0
Cuba,PWRBIO02,414,2048,0.0
Cuba,PWRBIO02,414,2049,0.0
Cuba,PWRBIO02,414,2050,0.0
Cuba,PWRBIO02,414,2051,0.0
Cuba,PWRBIO02,414,2052,0.0
Cuba,PWRBIO02,414,2053,0.0
Cuba,PWRBIO02,414,2054,0.0
Cuba,PWRBIO02,414,2055,0.0
Cuba,PWRBIO02,415,2019,0.0
Cuba,PWRBIO02,415,2020,0.0
Cuba,PWRBIO02,415,2021,0.0
Cuba,PWRBIO02,415,2022,0.0
Cuba,PWRBIO02,415,2023,0.0
Cuba,PWRBIO02,415,2024,0.0
Cuba,PWRBIO02,415,2025,0.0
Cuba,PWRBIO02,415,2026,0.0
Cuba,PWRBIO02,415,2027,0.0
Cuba,PWRBIO02,415,2028,0.0
Cuba,PWRBIO02,415,2029,0.0
Cuba,PWRBIO02,415,2030,0.0
Cuba,PWRBIO02,415,2031,0.0
Cuba,PWRBIO02,415,2032,0.0
Cuba,PWRBIO02,415,2033,0.0
Cuba,PWRBIO02,415,2034,0.0
Cuba,PWRBIO02,415,2035,0.0
Cuba,PWRBIO02,415,2036,0.0
Cuba,PWRBIO02,415,2037,0.0
Cuba,PWRBIO02,415,2038,0.0
Cuba,PWRBIO02,415,2039,0.0
Cuba,PWRBIO02,415,2040,0.0
Cuba,PWRBIO02,415,2041,0.0
Cuba,PWRBIO02,415,2042,0.0
Cuba,PWRBIO02,415,2043,0.0
Cuba,PWRBIO02,415,2044,0.0
Cuba,PWRBIO02,415,2045,0.0
Cuba,PWRBIO02,415,2046,0.0
Cuba,PWRBIO02,415,2047,0.0
Cuba,PWRBIO02,415,2048,0.0
Cuba,PWRBIO02,415,2049,0.0
Cuba,PWRBIO02,415,2050,0.0
Cuba,PWRBIO02,415,2051,0.0
Cuba,PWRBIO02,415,2052,0.0
Cuba,PWRBIO02,415,2053,0.0
Cuba,PWRBIO02,415,2054,0.0
Cuba,PWRBIO02,415,2055,0.0
Cuba,PWRBIO02,416,2019,0.0
Cuba,PWRBIO02,416,2020,0.0
Cuba,PWRBIO02,416,2021,0.0
Cuba,PWRBIO02,416,2022,0.0
Cuba,PWRBIO02,416,2023,0.0
Cuba,PWRBIO02,416,2024,0.0
Cuba,PWRBIO02,416,2025,0.0
Cuba,PWRBIO02,416,2026,0.0
Cuba,PWRBIO02,416,2027,0.0
Cuba,PWRBIO02,416,2028,0.0
Cuba,PWRBIO02,416,2029,0.0
Cuba,PWRBIO02,416,2030,0.0
Cuba,PWRBIO02,416,2031,0.0
Cuba,PWRBIO02,416,2032,0.0
Cuba,PWRBIO02,416,2033,0.0
Cuba,PWRBIO02,416,2034,0.0
Cuba,PWRBIO02,416,2035,0.0
Cuba,PWRBIO02,416,2036,0.0
Cuba,PWRBIO02,416,2037,0.0
Cuba,PWRBIO02,416,2038,0.0
Cuba,PWRBIO02,416,2039,0.0
Cuba,PWRBIO02,416,2040,0.0
Cuba,PWRBIO02,416,2041,0.0
Cuba,PWRBIO02,416,2042,0.0
Cuba,PWRBIO02,416,2043,0.0
Cuba,PWRBIO02,416,2044,0.0
Cuba,PWRBIO02,416,2045,0.0
Cuba,PWRBIO02,416,2046,0.0
Cuba,PWRBIO02,416,2047,0.0
Cuba,PWRBIO02,416,2048,0.0
Cuba,PWRBIO02,416,2049,0.0
Cuba,PWRBIO02,416,2050,0.0
Cuba,PWRBIO02,416,2051,0.0
Cuba,PWRBIO02,416,2052,0.0
Cuba,PWRBIO02,416,2053,0.0
Cuba,PWRBIO02,416,2054,0.0
Cuba,PWRBIO02,416,2055,0.0
Cuba,PWRBIO02,417,2019,0.0
Cuba,PWRBIO02,417,2020,0.0
Cuba,PWRBIO02,417,2021,0.0
Cuba,PWRBIO02,417,2022,0.0
Cuba,PWRBIO02,417,2023,0.0
Cuba,PWRBIO02,417,2024,0.0
Cuba,PWRBIO02,417,2025,0.0
Cuba,PWRBIO02,417,2026,0.0
Cuba,PWRBIO02,417,2027,0.0
Cuba,PWRBIO02,417,2028,0.0
Cuba,PWRBIO02,417,2029,0.0
Cuba,PWRBIO02,417,2030,0.0
Cuba,PWRBIO02,417,2031,0.0
Cuba,PWRBIO02,417,2032,0.0
Cuba,PWRBIO02,417,2033,0.0
Cuba,PWRBIO02,417,2034,0.0
Cuba,PWRBIO02,417,2035,0.0
Cuba,PWRBIO02,417,2036,0.0
Cuba,PWRBIO02,417,2037,0.0
Cuba,PWRBIO02,417,2038,0.0
Cuba,PWRBIO02,417,2039,0.0
Cuba,PWRBIO02,417,2040,0.0
Cuba,PWRBIO02,417,2041,0.0
Cuba,PWRBIO02,417,2042,0.0
Cuba,PWRBIO02,417,2043,0.0
Cuba,PWRBIO02,417,2044,0.0
Cuba,PWRBIO02,417,2045,0.0
Cuba,PWRBIO02,417,2046,0.0
Cuba,PWRBIO02,417,2047,0.0
Cuba,PWRBIO02,417,2048,0.0
Cuba,PWRBIO02,417,2049,0.0
Cuba,PWRBIO02,417,2050,0.0
Cuba,PWRBIO02,417,2051,0.0
Cuba,PWRBIO02,417,2052,0.0
Cuba,PWRBIO02,417,2053,0.0
Cuba,PWRBIO02,417,2054,0.0
Cuba,PWRBIO02,417,2055,0.0
Cuba,PWRBIO02,418,2019,0.0
Cuba,PWRBIO02,418,2020,0.0
Cuba,PWRBIO02,418,2021,0.0
Cuba,PWRBIO02,418,2022,0.0
Cuba,PWRBIO02,418,2023,0.0
Cuba,PWRBIO02,418,2024,0.0
Cuba,PWRBIO02,418,2025,0.0
Cuba,PWRBIO02,418,2026,0.0
Cuba,PWRBIO02,418,2027,0.0
Cuba,PWRBIO02,418,2028,0.0
Cuba,PWRBIO02,418,2029,0.0
Cuba,PWRBIO02,418,2030,0.0
Cuba,PWRBIO02,418,2031,0.0
Cuba,PWRBIO02,418,2032,0.0
Cuba,PWRBIO02,418,2033,0.0
Cuba,PWRBIO02,418,2034,0.0
Cuba,PWRBIO02,418,2035,0.0
Cuba,PWRBIO02,418,2036,0.0
Cuba,PWRBIO02,418,2037,0.0
Cuba,PWRBIO02,418,2038,0.0
Cuba,PWRBIO02,418,2039,0.0
Cuba,PWRBIO02,418,2040,0.0
Cuba,PWRBIO02,418,2041,0.0
Cuba,PWRBIO02,418,2042,0.0
Cuba,PWRBIO02,418,2043,0.0
Cuba,PWRBIO02,418,2044,0.0
Cuba,PWRBIO02,418,2045,0.0
Cuba,PWRBIO02,418,2046,0.0
Cuba,PWRBIO02,418,2047,0.0
Cuba,PWRBIO02,418,2048,0.0
Cuba,PWRBIO02,418,2049,0.0
Cuba,PWRBIO02,418,2050,0.0
Cuba,PWRBIO02,418,2051,0.0
Cuba,PWRBIO02,418,2052,0.0
Cuba,PWRBIO02,418,2053,0.0
Cuba,PWRBIO02,418,2054,0.0
Cuba,PWRBIO02,418,2055,0.0
Cuba,PWRBIO02,421,2019,0.0
Cuba,PWRBIO02,421,2020,0.0
Cuba,PWRBIO02,421,2021,0.0
Cuba,PWRBIO02,421,2022,0.0
Cuba,PWRBIO02,421,2023,0.0
Cuba,PWRBIO02,421,2024,0.0
Cuba,PWRBIO02,421,2025,0.0
Cuba,PWRBIO02,421,2026,0.0
Cuba,PWRBIO02,421,2027,0.0
Cuba,PWRBIO02,421,2028,0.0
Cuba,PWRBIO02,421,2029,0.0
Cuba,PWRBIO02,421,2030,0.0
Cuba,PWRBIO02,421,2031,0.0
Cuba,PWRBIO02,421,2032,0.0
Cuba,PWRBIO02,421,2033,0.0
Cuba,PWRBIO02,421,2034,0.0
Cuba,PWRBIO02,421,2035,0.0
Cuba,PWRBIO02,421,2036,0.0
Cuba,PWRBIO02,421,2037,0.0
Cuba,PWRBIO02,421,2038,0.0
Cuba,PWRBIO02,421,2039,0.0
Cuba,PWRBIO02,421,2040,0.0
Cuba,PWRBIO02,421,2041,0.0
Cuba,PWRBIO02,421,2042,0.0
Cuba,PWRBIO02,421,2043,0.0
Cuba,PWRBIO02,421,2044,0.0
Cuba,PWRBIO02,421,2045,0.0
Cuba,PWRBIO02,421,2046,0.0
Cuba,PWRBIO02,421,2047,0.0
Cuba,PWRBIO02,421,2048,0.0
Cuba,PWRBIO02,421,2049,0.0
Cuba,PWRBIO02,421,2050,0.0
Cuba,PWRBIO02,421,2051,0.0
Cuba,PWRBIO02,421,2052,0.0
Cuba,PWRBIO02,421,2053,0.0
Cuba,PWRBIO02,421,2054,0.0
Cuba,PWRBIO02,421,2055,0.0
Cuba,PWRBIO02,422,2019,0.0
Cuba,PWRBIO02,422,2020,0.0
Cuba,PWRBIO02,422,2021,0.0
Cuba,PWRBIO02,422,2022,0.0
Cuba,PWRBIO02,422,2023,0.0
Cuba,PWRBIO02,422,2024,0.0
Cuba,PWRBIO02,422,2025,0.0
Cuba,PWRBIO02,422,2026,0.0
Cuba,PWRBIO02,422,2027,0.0
Cuba,PWRBIO02,422,2028,0.0
Cuba,PWRBIO02,422,2029,0.0
Cuba,PWRBIO02,422,2030,0.0
Cuba,PWRBIO02,422,2031,0.0
Cuba,PWRBIO02,422,2032,0.0
Cuba,PWRBIO02,422,2033,0.0
Cuba,PWRBIO02,422,2034,0.0
Cuba,PWRBIO02,422,2035,0.0
Cuba,PWRBIO02,422,2036,0.0
Cuba,PWRBIO02,422,2037,0.0
Cuba,PWRBIO02,422,2038,0.0
Cuba,PWRBIO02,422,2039,0.0
Cuba,PWRBIO02,422,2040,0.0
Cuba,PWRBIO02,422,2041,0.0
Cuba,PWRBIO02,422,2042,0.0
Cuba,PWRBIO02,422,2043,0.0
Cuba,PWRBIO02,422,2044,0.0
Cuba,PWRBIO02,422,2045,0.0
Cuba,PWRBIO02,422,2046,0.0
Cuba,PWRBIO02,422,2047,0.0
Cuba,PWRBIO02,422,2048,0.0
Cuba,PWRBIO02,422,2049,0.0
Cuba,PWRBIO02,422,2050,0.0
Cuba,PWRBIO02,422,2051,0.0
Cuba,PWRBIO02,422,2052,0.0
Cuba,PWRBIO02,422,2053,0.0
Cuba,PWRBIO02,422,2054,0.0
Cuba,PWRBIO02,422,2055,0.0
Cuba,PWRBIO02,423,2019,0.0
Cuba,PWRBIO02,423,2020,0.0
Cuba,PWRBIO02,423,2021,0.0
Cuba,PWRBIO02,423,2022,0.0
Cuba,PWRBIO02,423,2023,0.0
Cuba,PWRBIO02,423,2024,0.0
Cuba,PWRBIO02,423,2025,0.0
Cuba,PWRBIO02,423,2026,0.0
Cuba,PWRBIO02,423,2027,0.0
Cuba,PWRBIO02,423,2028,0.0
Cuba,PWRBIO02,423,2029,0.0
Cuba,PWRBIO02,423,2030,0.0
Cuba,PWRBIO02,423,2031,0.0
Cuba,PWRBIO02,423,2032,0.0
Cuba,PWRBIO02,423,2033,0.0
Cuba,PWRBIO02,423,2034,0.0
Cuba,PWRBIO02,423,2035,0.0
Cuba,PWRBIO02,423,2036,0.0
Cuba,PWRBIO02,423,2037,0.0
Cuba,PWRBIO02,423,2038,0.0
Cuba,PWRBIO02,423,2039,0.0
Cuba,PWRBIO02,423,2040,0.0
Cuba,PWRBIO02,423,2041,0.0
Cuba,PWRBIO02,423,2042,0.0
Cuba,PWRBIO02,423,2043,0.0
Cuba,PWRBIO02,423,2044,0.0
Cuba,PWRBIO02,423,2045,0.0
Cuba,PWRBIO02,423,2046,0.0
Cuba,PWRBIO02,423,2047,0.0
Cuba,PWRBIO02,423,2048,0.0
Cuba,PWRBIO02,423,2049,0.0
Cuba,PWRBIO02,423,2050,0.0
Cuba,PWRBIO02,423,2051,0.0
Cuba,PWRBIO02,423,2052,0.0
Cuba,PWRBIO02,423,2053,0.0
Cuba,PWRBIO02,423,2054,0.0
Cuba,PWRBIO02,423,2055,0.0
Cuba,PWRBIO02,424,2019,0.0
Cuba,PWRBIO02,424,2020,0.0
Cuba,PWRBIO02,424,2021,0.0
Cuba,PWRBIO02,424,2022,0.0
Cuba,PWRBIO02,424,2023,0.0
Cuba,PWRBIO02,424,2024,0.0
Cuba,PWRBIO02,424,2025,0.0
Cuba,PWRBIO02,424,2026,0.0
Cuba,PWRBIO02,424,2027,0.0
Cuba,PWRBIO02,424,2028,0.0
Cuba,PWRBIO02,424,2029,0.0
Cuba,PWRBIO02,424,2030,0.0
Cuba,PWRBIO02,424,2031,0.0
Cuba,PWRBIO02,424,2032,0.0
Cuba,PWRBIO02,424,2033,0.0
Cuba,PWRBIO02,424,2034,0.0
Cuba,PWRBIO02,424,2035,0.0
Cuba,PWRBIO02,424,2036,0.0
Cuba,PWRBIO02,424,2037,0.0
Cuba,PWRBIO02,424,2038,0.0
Cuba,PWRBIO02,424,2039,0.0
Cuba,PWRBIO02,424,2040,0.0
Cuba,PWRBIO02,424,2041,0.0
Cuba,PWRBIO02,424,2042,0.0
Cuba,PWRBIO02,424,2043,0.0
Cuba,PWRBIO02,424,2044,0.0
Cuba,PWRBIO02,424,2045,0.0
Cuba,PWRBIO02,424,2046,0.0
Cuba,PWRBIO02,424,2047,0.0
Cuba,PWRBIO02,424,2048,0.0
Cuba,PWRBIO02,424,2049,0.0
Cuba,PWRBIO02,424,2050,0.0
Cuba,PWRBIO02,424,2051,0.0
Cuba,PWRBIO02,424,2052,0.0
Cuba,PWRBIO02,424,2053,0.0
Cuba,PWRBIO02,424,2054,0.0
Cuba,PWRBIO02,424,2055,0.0
Cuba,PWRBIO02,425,2019,0.0
Cuba,PWRBIO02,425,2020,0.0
Cuba,PWRBIO02,425,2021,0.0
Cuba,PWRBIO02,425,2022,0.0
Cuba,PWRBIO02,425,2023,0.0
Cuba,PWRBIO02,425,2024,0.0
Cuba,PWRBIO02,425,2025,0.0
Cuba,PWRBIO02,425,2026,0.0
Cuba,PWRBIO02,425,2027,0.0
Cuba,PWRBIO02,425,2028,0.0
Cuba,PWRBIO02,425,2029,0.0
Cuba,PWRBIO02,425,2030,0.0
Cuba,PWRBIO02,425,2031,0.0
Cuba,PWRBIO02,425,2032,0.0
Cuba,PWRBIO02,425,2033,0.0
Cuba,PWRBIO02,425,2034,0.0
Cuba,PWRBIO02,425,2035,0.0
Cuba,PWRBIO02,425,2036,0.0
Cuba,PWRBIO02,425,2037,0.0
Cuba,PWRBIO02,425,2038,0.0
Cuba,PWRBIO02,425,2039,0.0
Cuba,PWRBIO02,425,2040,0.0
Cuba,PWRBIO02,425,2041,0.0
Cuba,PWRBIO02,425,2042,0.0
Cuba,PWRBIO02,425,2043,0.0
Cuba,PWRBIO02,425,2044,0.0
Cuba,PWRBIO02,425,2045,0.0
Cuba,PWRBIO02,425,2046,0.0
Cuba,PWRBIO02,425,2047,0.0
Cuba,PWRBIO02,425,2048,0.0
Cuba,PWRBIO02,425,2049,0.0
Cuba,PWRBIO02,425,2050,0.0
Cuba,PWRBIO02,425,2051,0.0
Cuba,PWRBIO02,425,2052,0.0
Cuba,PWRBIO02,425,2053,0.0
Cuba,PWRBIO02,425,2054,0.0
Cuba,PWRBIO02,425,2055,0.0
Cuba,PWRBIO02,426,2019,0.0
Cuba,PWRBIO02,426,2020,0.0
Cuba,PWRBIO02,426,2021,0.0
Cuba,PWRBIO02,426,2022,0.0
Cuba,PWRBIO02,426,2023,0.0
Cuba,PWRBIO02,426,2024,0.0
Cuba,PWRBIO02,426,2025,0.0
Cuba,PWRBIO02,426,2026,0.0
Cuba,PWRBIO02,426,2027,0.0
Cuba,PWRBIO02,426,2028,0.0
Cuba,PWRBIO02,426,2029,0.0
Cuba,PWRBIO02,426,2030,0.0
Cuba,PWRBIO02,426,2031,0.0
Cuba,PWRBIO02,426,2032,0.0
Cuba,PWRBIO02,426,2033,0.0
Cuba,PWRBIO02,426,2034,0.0
Cuba,PWRBIO02,426,2035,0.0
Cuba,PWRBIO02,426,2036,0.0
Cuba,PWRBIO02,426,2037,0.0
Cuba,PWRBIO02,426,2038,0.0
Cuba,PWRBIO02,426,2039,0.0
Cuba,PWRBIO02,426,2040,0.0
Cuba,PWRBIO02,426,2041,0.0
Cuba,PWRBIO02,426,2042,0.0
Cuba,PWRBIO02,426,2043,0.0
Cuba,PWRBIO02,426,2044,0.0
Cuba,PWRBIO02,426,2045,0.0
Cuba,PWRBIO02,426,2046,0.0
Cuba,PWRBIO02,426,2047,0.0
Cuba,PWRBIO02,426,2048,0.0
Cuba,PWRBIO02,426,2049,0.0
Cuba,PWRBIO02,426,2050,0.0
Cuba,PWRBIO02,426,2051,0.0
Cuba,PWRBIO02,426,2052,0.0
Cuba,PWRBIO02,426,2053,0.0
Cuba,PWRBIO02,426,2054,0.0
Cuba,PWRBIO02,426,2055,0.0
Cuba,PWRBIO02,427,2019,0.0
Cuba,PWRBIO02,427,2020,0.0
Cuba,PWRBIO02,427,2021,0.0
Cuba,PWRBIO02,427,2022,0.0
Cuba,PWRBIO02,427,2023,0.0
Cuba,PWRBIO02,427,2024,0.0
Cuba,PWRBIO02,427,2025,0.0
Cuba,PWRBIO02,427,2026,0.0
Cuba,PWRBIO02,427,2027,0.0
Cuba,PWRBIO02,427,2028,0.0
Cuba,PWRBIO02,427,2029,0.0
Cuba,PWRBIO02,427,2030,0.0
Cuba,PWRBIO02,427,2031,0.0
Cuba,PWRBIO02,427,2032,0.0
Cuba,PWRBIO02,427,2033,0.0
Cuba,PWRBIO02,427,2034,0.0
Cuba,PWRBIO02,427,2035,0.0
Cuba,PWRBIO02,427,2036,0.0
Cuba,PWRBIO02,427,2037,0.0
Cuba,PWRBIO02,427,2038,0.0
Cuba,PWRBIO02,427,2039,0.0
Cuba,PWRBIO02,427,2040,0.0
Cuba,PWRBIO02,427,2041,0.0
Cuba,PWRBIO02,427,2042,0.0
Cuba,PWRBIO02,427,2043,0.0
Cuba,PWRBIO02,427,2044,0.0
Cuba,PWRBIO02,427,2045,0.0
Cuba,PWRBIO02,427,2046,0.0
Cuba,PWRBIO02,427,2047,0.0
Cuba,PWRBIO02,427,2048,0.0
Cuba,PWRBIO02,427,2049,0.0
Cuba,PWRBIO02,427,2050,0.0
Cuba,PWRBIO02,427,2051,0.0
Cuba,PWRBIO02,427,2052,0.0
Cuba,PWRBIO02,427,2053,0.0
Cuba,PWRBIO02,427,2054,0.0
Cuba,PWRBIO02,427,2055,0.0
Cuba,PWRBIO02,428,2019,0.0
Cuba,PWRBIO02,428,2020,0.0
Cuba,PWRBIO02,428,2021,0.0
Cuba,PWRBIO02,428,2022,0.0
Cuba,PWRBIO02,428,2023,0.0
Cuba,PWRBIO02,428,2024,0.0
Cuba,PWRBIO02,428,2025,0.0
Cuba,PWRBIO02,428,2026,0.0
Cuba,PWRBIO02,428,2027,0.0
Cuba,PWRBIO02,428,2028,0.0
Cuba,PWRBIO02,428,2029,0.0
Cuba,PWRBIO02,428,2030,0.0
Cuba,PWRBIO02,428,2031,0.0
Cuba,PWRBIO02,428,2032,0.0
Cuba,PWRBIO02,428,2033,0.0
Cuba,PWRBIO02,428,2034,0.0
Cuba,PWRBIO02,428,2035,0.0
Cuba,PWRBIO02,428,2036,0.0
Cuba,PWRBIO02,428,2037,0.0
Cuba,PWRBIO02,428,2038,0.0
Cuba,PWRBIO02,428,2039,0.0
Cuba,PWRBIO02,428,2040,0.0
Cuba,PWRBIO02,428,2041,0.0
Cuba,PWRBIO02,428,2042,0.0
Cuba,PWRBIO02,428,2043,0.0
Cuba,PWRBIO02,428,2044,0.0
Cuba,PWRBIO02,428,2045,0.0
Cuba,PWRBIO02,428,2046,0.0
Cuba,PWRBIO02,428,2047,0.0
Cuba,PWRBIO02,428,2048,0.0
Cuba,PWRBIO02,428,2049,0.0
Cuba,PWRBIO02,428,2050,0.0
Cuba,PWRBIO02,428,2051,0.0
Cuba,PWRBIO02,428,2052,0.0
Cuba,PWRBIO02,428,2053,0.0
Cuba,PWRBIO02,428,2054,0.0
Cuba,PWRBIO02,428,2055,0.0
Cuba,PWRWND001,111,2019,0.444
Cuba,PWRWND001,111,2020,0.444
Cuba,PWRWND001,111,2021,0.444
Cuba,PWRWND001,111,2022,0.444
Cuba,PWRWND001,111,2023,0.444
Cuba,PWRWND001,111,2024,0.444
Cuba,PWRWND001,111,2025,0.444
Cuba,PWRWND001,111,2026,0.444
Cuba,PWRWND001,111,2027,0.444
Cuba,PWRWND001,111,2028,0.444
Cuba,PWRWND001,111,2029,0.444
Cuba,PWRWND001,111,2030,0.444
Cuba,PWRWND001,111,2031,0.444
Cuba,PWRWND001,111,2032,0.444
Cuba,PWRWND001,111,2033,0.444
Cuba,PWRWND001,111,2034,0.444
Cuba,PWRWND001,111,2035,0.444
Cuba,PWRWND001,111,2036,0.444
Cuba,PWRWND001,111,2037,0.444
Cuba,PWRWND001,111,2038,0.444
Cuba,PWRWND001,111,2039,0.444
Cuba,PWRWND001,111,2040,0.444
Cuba,PWRWND001,111,2041,0.444
Cuba,PWRWND001,111,2042,0.444
Cuba,PWRWND001,111,2043,0.444
Cuba,PWRWND001,111,2044,0.444
Cuba,PWRWND001,111,2045,0.444
Cuba,PWRWND001,111,2046,0.444
Cuba,PWRWND001,111,2047,0.444
Cuba,PWRWND001,111,2048,0.444
Cuba,PWRWND001,111,2049,0.444
Cuba,PWRWND001,111,2050,0.444
Cuba,PWRWND001,111,2051,0.444
Cuba,PWRWND001,111,2052,0.444
Cuba,PWRWND001,111,2053,0.444
Cuba,PWRWND001,111,2054,0.444
Cuba,PWRWND001,111,2055,0.444
Cuba,PWRWND001,112,2019,0.41
Cuba,PWRWND001,112,2020,0.41
Cuba,PWRWND001,112,2021,0.41
Cuba,PWRWND001,112,2022,0.41
Cuba,PWRWND001,112,2023,0.41
Cuba,PWRWND001,112,2024,0.41
Cuba,PWRWND001,112,2025,0.41
Cuba,PWRWND001,112,2026,0.41
Cuba,PWRWND001,112,2027,0.41
Cuba,PWRWND001,112,2028,0.41
Cuba,PWRWND001,112,2029,0.41
Cuba,PWRWND001,112,2030,0.41
Cuba,PWRWND001,112,2031,0.41
Cuba,PWRWND001,112,2032,0.41
Cuba,PWRWND001,112,2033,0.41
Cuba,PWRWND001,112,2034,0.41
Cuba,PWRWND001,112,2035,0.41
Cuba,PWRWND001,112,2036,0.41
Cuba,PWRWND001,112,2037,0.41
Cuba,PWRWND001,112,2038,0.41
Cuba,PWRWND001,112,2039,0.41
Cuba,PWRWND001,112,2040,0.41
Cuba,PWRWND001,112,2041,0.41
Cuba,PWRWND001,112,2042,0.41
Cuba,PWRWND001,112,2043,0.41
Cuba,PWRWND001,112,2044,0.41
Cuba,PWRWND001,112,2045,0.41
Cuba,PWRWND001,112,2046,0.41
Cuba,PWRWND001,112,2047,0.41
Cuba,PWRWND001,112,2048,0.41
Cuba,PWRWND001,112,2049,0.41
Cuba,PWRWND001,112,2050,0.41
Cuba,PWRWND001,112,2051,0.41
Cuba,PWRWND001,112,2052,0.41
Cuba,PWRWND001,112,2053,0.41
Cuba,PWRWND001,112,2054,0.41
Cuba,PWRWND001,112,2055,0.41
Cuba,PWRWND001,113,2019,0.409
Cuba,PWRWND001,113,2020,0.409
Cuba,PWRWND001,113,2021,0.409
Cuba,PWRWND001,113,2022,0.409
Cuba,PWRWND001,113,2023,0.409
Cuba,PWRWND001,113,2024,0.409
Cuba,PWRWND001,113,2025,0.409
Cuba,PWRWND001,113,2026,0.409
Cuba,PWRWND001,113,2027,0.409
Cuba,PWRWND001,113,2028,0.409
Cuba,PWRWND001,113,2029,0.409
Cuba,PWRWND001,113,2030,0.409
Cuba,PWRWND001,113,2031,0.409
Cuba,PWRWND001,113,2032,0.409
Cuba,PWRWND001,113,2033,0.409
Cuba,PWRWND001,113,2034,0.409
Cuba,PWRWND001,113,2035,0.409
Cuba,PWRWND001,113,2036,0.409
Cuba,PWRWND001,113,2037,0.409
Cuba,PWRWND001,113,2038,0.409
Cuba,PWRWND001,113,2039,0.409
Cuba,PWRWND001,113,2040,0.409
Cuba,PWRWND001,113,2041,0.409
Cuba,PWRWND001,113,2042,0.409
Cuba,PWRWND001,113,2043,0.409
Cuba,PWRWND001,113,2044,0.409
Cuba,PWRWND001,113,2045,0.409
Cuba,PWRWND001,113,2046,0.409
Cuba,PWRWND001,113,2047,0.409
Cuba,PWRWND001,113,2048,0.409
Cuba,PWRWND001,113,2049,0.409
Cuba,PWRWND001,113,2050,0.409
Cuba,PWRWND001,113,2051,0.409
Cuba,PWRWND001,113,2052,0.409
Cuba,PWRWND001,113,2053,0.409
Cuba,PWRWND001,113,2054,0.409
Cuba,PWRWND001,113,2055,0.409
Cuba,PWRWND001,114,2019,0.361
Cuba,PWRWND001,114,2020,0.361
Cuba,PWRWND001,114,2021,0.361
Cuba,PWRWND001,114,2022,0.361
Cuba,PWRWND001,114,2023,0.361
Cuba,PWRWND001,114,2024,0.361
Cuba,PWRWND001,114,2025,0.361
Cuba,PWRWND001,114,2026,0.361
Cuba,PWRWND001,114,2027,0.361
Cuba,PWRWND001,114,2028,0.361
Cuba,PWRWND001,114,2029,0.361
Cuba,PWRWND001,114,2030,0.361
Cuba,PWRWND001,114,2031,0.361
Cuba,PWRWND001,114,2032,0.361
Cuba,PWRWND001,114,2033,0.361
Cuba,PWRWND001,114,2034,0.361
Cuba,PWRWND001,114,2035,0.361
Cuba,PWRWND001,114,2036,0.361
Cuba,PWRWND001,114,2037,0.361
Cuba,PWRWND001,114,2038,0.361
Cuba,PWRWND001,114,2039,0.361
Cuba,PWRWND001,114,2040,0.361
Cuba,PWRWND001,114,2041,0.361
Cuba,PWRWND001,114,2042,0.361
Cuba,PWRWND001,114,2043,0.361
Cuba,PWRWND001,114,2044,0.361
Cuba,PWRWND001,114,2045,0.361
Cuba,PWRWND001,114,2046,0.361
Cuba,PWRWND001,114,2047,0.361
Cuba,PWRWND001,114,2048,0.361
Cuba,PWRWND001,114,2049,0.361
Cuba,PWRWND001,114,2050,0.361
Cuba,PWRWND001,114,2051,0.361
Cuba,PWRWND001,114,2052,0.361
Cuba,PWRWND001,114,2053,0.361
Cuba,PWRWND001,114,2054,0.361
Cuba,PWRWND001,114,2055,0.361
Cuba,PWRWND001,115,2019,0.356
Cuba,PWRWND001,115,2020,0.356
Cuba,PWRWND001,115,2021,0.356
Cuba,PWRWND001,115,2022,0.356
Cuba,PWRWND001,115,2023,0.356
Cuba,PWRWND001,115,2024,0.356
Cuba,PWRWND001,115,2025,0.356
Cuba,PWRWND001,115,2026,0.356
Cuba,PWRWND001,115,2027,0.356
Cuba,PWRWND001,115,2028,0.356
Cuba,PWRWND001,115,2029,0.356
Cuba,PWRWND001,115,2030,0.356
Cuba,PWRWND001,115,2031,0.356
Cuba,PWRWND001,115,2032,0.356
Cuba,PWRWND001,115,2033,0.356
Cuba,PWRWND001,115,2034,0.356
Cuba,PWRWND001,115,2035,0.356
Cuba,PWRWND001,115,2036,0.356
Cuba,PWRWND001,115,2037,0.356
Cuba,PWRWND001,115,2038,0.356
Cuba,PWRWND001,115,2039,0.356
Cuba,PWRWND001,115,2040,0.356
Cuba,PWRWND001,115,2041,0.356
Cuba,PWRWND001,115,2042,0.356
Cuba,PWRWND001,115,2043,0.356
Cuba,PWRWND001,115,2044,0.356
Cuba,PWRWND001,115,2045,0.356
Cuba,PWRWND001,115,2046,0.356
Cuba,PWRWND001,115,2047,0.356
Cuba,PWRWND001,115,2048,0.356
Cuba,PWRWND001,115,2049,0.356
Cuba,PWRWND001,115,2050,0.356
Cuba,PWRWND001,115,2051,0.356
Cuba,PWRWND001,115,2052,0.356
Cuba,PWRWND001,115,2053,0.356
Cuba,PWRWND001,115,2054,0.356
Cuba,PWRWND001,115,2055,0.356
Cuba,PWRWND001,116,2019,0.359
Cuba,PWRWND001,116,2020,0.359
Cuba,PWRWND001,116,2021,0.359
Cuba,PWRWND001,116,2022,0.359
Cuba,PWRWND001,116,2023,0.359
Cuba,PWRWND001,116,2024,0.359
Cuba,PWRWND001,116,2025,0.359
Cuba,PWRWND001,116,2026,0.359
Cuba,PWRWND001,116,2027,0.359
Cuba,PWRWND001,116,2028,0.359
Cuba,PWRWND001,116,2029,0.359
Cuba,PWRWND001,116,2030,0.359
Cuba,PWRWND001,116,2031,0.359
Cuba,PWRWND001,116,2032,0.359
Cuba,PWRWND001,116,2033,0.359
Cuba,PWRWND001,116,2034,0.359
Cuba,PWRWND001,116,2035,0.359
Cuba,PWRWND001,116,2036,0.359
Cuba,PWRWND001,116,2037,0.359
Cuba,PWRWND001,116,2038,0.359
Cuba,PWRWND001,116,2039,0.359
Cuba,PWRWND001,116,2040,0.359
Cuba,PWRWND001,116,2041,0.359
Cuba,PWRWND001,116,2042,0.359
Cuba,PWRWND001,116,2043,0.359
Cuba,PWRWND001,116,2044,0.359
Cuba,PWRWND001,116,2045,0.359
Cuba,PWRWND001,116,2046,0.359
Cuba,PWRWND001,116,2047,0.359
Cuba,PWRWND001,116,2048,0.359
Cuba,PWRWND001,116,2049,0.359
Cuba,PWRWND001,116,2050,0.359
Cuba,PWRWND001,116,2051,0.359
Cuba,PWRWND001,116,2052,0.359
Cuba,PWRWND001,116,2053,0.359
Cuba,PWRWND001,116,2054,0.359
Cuba,PWRWND001,116,2055,0.359
Cuba,PWRWND001,117,2019,0.382
Cuba,PWRWND001,117,2020,0.382
Cuba,PWRWND001,117,2021,0.382
Cuba,PWRWND001,117,2022,0.382
Cuba,PWRWND001,117,2023,0.382
Cuba,PWRWND001,117,2024,0.382
Cuba,PWRWND001,117,2025,0.382
Cuba,PWRWND001,117,2026,0.382
Cuba,PWRWND001,117,2027,0.382
Cuba,PWRWND001,117,2028,0.382
Cuba,PWRWND001,117,2029,0.382
Cuba,PWRWND001,117,2030,0.382
Cuba,PWRWND001,117,2031,0.382
Cuba,PWRWND001,117,2032,0.382
Cuba,PWRWND001,117,2033,0.382
Cuba,PWRWND001,117,2034,0.382
Cuba,PWRWND001,117,2035,0.382
Cuba,PWRWND001,117,2036,0.382
Cuba,PWRWND001,117,2037,0.382
Cuba,PWRWND001,117,2038,0.382
Cuba,PWRWND001,117,2039,0.382
Cuba,PWRWND001,117,2040,0.382
Cuba,PWRWND001,117,2041,0.382
Cuba,PWRWND001,117,2042,0.382
Cuba,PWRWND001,117,2043,0.382
Cuba,PWRWND001,117,2044,0.382
Cuba,PWRWND001,117,2045,0.382
Cuba,PWRWND001,117,2046,0.382
Cuba,PWRWND001,117,2047,0.382
Cuba,PWRWND001,117,2048,0.382
Cuba,PWRWND001,117,2049,0.382
Cuba,PWRWND001,117,2050,0.382
Cuba,PWRWND001,117,2051,0.382
Cuba,PWRWND001,117,2052,0.382
Cuba,PWRWND001,117,2053,0.382
Cuba,PWRWND001,117,2054,0.382
Cuba,PWRWND001,117,2055,0.382
Cuba,PWRWND001,118,2019,0.444
Cuba,PWRWND001,118,2020,0.444
Cuba,PWRWND001,118,2021,0.444
Cuba,PWRWND001,118,2022,0.444
Cuba,PWRWND001,118,2023,0.444
Cuba,PWRWND001,118,2024,0.444
Cuba,PWRWND001,118,2025,0.444
Cuba,PWRWND001,118,2026,0.444
Cuba,PWRWND001,118,2027,0.444
Cuba,PWRWND001,118,2028,0.444
Cuba,PWRWND001,118,2029,0.444
Cuba,PWRWND001,118,2030,0.444
Cuba,PWRWND001,118,2031,0.444
Cuba,PWRWND001,118,2032,0.444
Cuba,PWRWND001,118,2033,0.444
Cuba,PWRWND001,118,2034,0.444
Cuba,PWRWND001,118,2035,0.444
Cuba,PWRWND001,118,2036,0.444
Cuba,PWRWND001,118,2037,0.444
Cuba,PWRWND001,118,2038,0.444
Cuba,PWRWND001,118,2039,0.444
Cuba,PWRWND001,118,2040,0.444
Cuba,PWRWND001,118,2041,0.444
Cuba,PWRWND001,118,2042,0.444
Cuba,PWRWND001,118,2043,0.444
Cuba,PWRWND001,118,2044,0.444
Cuba,PWRWND001,118,2045,0.444
Cuba,PWRWND001,118,2046,0.444
Cuba,PWRWND001,118,2047,0.444
Cuba,PWRWND001,118,2048,0.444
Cuba,PWRWND001,118,2049,0.444
Cuba,PWRWND001,118,2050,0.444
Cuba,PWRWND001,118,2051,0.444
Cuba,PWRWND001,118,2052,0.444
Cuba,PWRWND001,118,2053,0.444
Cuba,PWRWND001,118,2054,0.444
Cuba,PWRWND001,118,2055,0.444
Cuba,PWRWND001,121,2019,0.485
Cuba,PWRWND001,121,2020,0.485
Cuba,PWRWND001,121,2021,0.485
Cuba,PWRWND001,121,2022,0.485
Cuba,PWRWND001,121,2023,0.485
Cuba,PWRWND001,121,2024,0.485
Cuba,PWRWND001,121,2025,0.485
Cuba,PWRWND001,121,2026,0.485
Cuba,PWRWND001,121,2027,0.485
Cuba,PWRWND001,121,2028,0.485
Cuba,PWRWND001,121,2029,0.485
Cuba,PWRWND001,121,2030,0.485
Cuba,PWRWND001,121,2031,0.485
Cuba,PWRWND001,121,2032,0.485
Cuba,PWRWND001,121,2033,0.485
Cuba,PWRWND001,121,2034,0.485
Cuba,PWRWND001,121,2035,0.485
Cuba,PWRWND001,121,2036,0.485
Cuba,PWRWND001,121,2037,0.485
Cuba,PWRWND001,121,2038,0.485
Cuba,PWRWND001,121,2039,0.485
Cuba,PWRWND001,121,2040,0.485
Cuba,PWRWND001,121,2041,0.485
Cuba,PWRWND001,121,2042,0.485
Cuba,PWRWND001,121,2043,0.485
Cuba,PWRWND001,121,2044,0.485
Cuba,PWRWND001,121,2045,0.485
Cuba,PWRWND001,121,2046,0.485
Cuba,PWRWND001,121,2047,0.485
Cuba,PWRWND001,121,2048,0.485
Cuba,PWRWND001,121,2049,0.485
Cuba,PWRWND001,121,2050,0.485
Cuba,PWRWND001,121,2051,0.485
Cuba,PWRWND001,121,2052,0.485
Cuba,PWRWND001,121,2053,0.485
Cuba,PWRWND001,121,2054,0.485
Cuba,PWRWND001,121,2055,0.485
Cuba,PWRWND001,122,2019,0.503
Cuba,PWRWND001,122,2020,0.503
Cuba,PWRWND001,122,2021,0.503
Cuba,PWRWND001,122,2022,0.503
Cuba,PWRWND001,122,2023,0.503
Cuba,PWRWND001,122,2024,0.503
Cuba,PWRWND001,122,2025,0.503
Cuba,PWRWND001,122,2026,0.503
Cuba,PWRWND001,122,2027,0.503
Cuba,PWRWND001,122,2028,0.503
Cuba,PWRWND001,122,2029,0.503
Cuba,PWRWND001,122,2030,0.503
Cuba,PWRWND001,122,2031,0.503
Cuba,PWRWND001,122,2032,0.503
Cuba,PWRWND001,122,2033,0.503
Cuba,PWRWND001,122,2034,0.503
Cuba,PWRWND001,122,2035,0.503
Cuba,PWRWND001,122,2036,0.503
Cuba,PWRWND001,122,2037,0.503
Cuba,PWRWND001,122,2038,0.503
Cuba,PWRWND001,122,2039,0.503
Cuba,PWRWND001,122,2040,0.503
Cuba,PWRWND001,122,2041,0.503
Cuba,PWRWND001,122,2042,0.503
Cuba,PWRWND001,122,2043,0.503
Cuba,PWRWND001,122,2044,0.503
Cuba,PWRWND001,122,2045,0.503
Cuba,PWRWND001,122,2046,0.503
Cuba,PWRWND001,122,2047,0.503
Cuba,PWRWND001,122,2048,0.503
Cuba,PWRWND001,122,2049,0.503
Cuba,PWRWND001,122,2050,0.503
Cuba,PWRWND001,122,2051,0.503
Cuba,PWRWND001,122,2052,0.503
Cuba,PWRWND001,122,2053,0.503
Cuba,PWRWND001,122,2054,0.503
Cuba,PWRWND001,122,2055,0.503
Cuba,PWRWND001,123,2019,0.501
Cuba,PWRWND001,123,2020,0.501
Cuba,PWRWND001,123,2021,0.501
Cuba,PWRWND001,123,2022,0.501
Cuba,PWRWND001,123,2023,0.501
Cuba,PWRWND001,123,2024,0.501
Cuba,PWRWND001,123,2025,0.501
Cuba,PWRWND001,123,2026,0.501
Cuba,PWRWND001,123,2027,0.501
Cuba,PWRWND001,123,2028,0.501
Cuba,PWRWND001,123,2029,0.501
Cuba,PWRWND001,123,2030,0.501
Cuba,PWRWND001,123,2031,0.501
Cuba,PWRWND001,123,2032,0.501
Cuba,PWRWND001,123,2033,0.501
Cuba,PWRWND001,123,2034,0.501
Cuba,PWRWND001,123,2035,0.501
Cuba,PWRWND001,123,2036,0.501
Cuba,PWRWND001,123,2037,0.501
Cuba,PWRWND001,123,2038,0.501
Cuba,PWRWND001,123,2039,0.501
Cuba,PWRWND001,123,2040,0.501
Cuba,PWRWND001,123,2041,0.501
Cuba,PWRWND001,123,2042,0.501
Cuba,PWRWND001,123,2043,0.501
Cuba,PWRWND001,123,2044,0.501
Cuba,PWRWND001,123,2045,0.501
Cuba,PWRWND001,123,2046,0.501
Cuba,PWRWND001,123,2047,0.501
Cuba,PWRWND001,123,2048,0.501
Cuba,PWRWND001,123,2049,0.501
Cuba,PWRWND001,123,2050,0.501
Cuba,PWRWND001,123,2051,0.501
Cuba,PWRWND001,123,2052,0.501
Cuba,PWRWND001,123,2053,0.501
Cuba,PWRWND001,123,2054,0.501
Cuba,PWRWND001,123,2055,0.501
Cuba,PWRWND001,124,2019,0.492
Cuba,PWRWND001,124,2020,0.492
Cuba,PWRWND001,124,2021,0.492
Cuba,PWRWND001,124,2022,0.492
Cuba,PWRWND001,124,2023,0.492
Cuba,PWRWND001,124,2024,0.492
Cuba,PWRWND001,124,2025,0.492
Cuba,PWRWND001,124,2026,0.492
Cuba,PWRWND001,124,2027,0.492
Cuba,PWRWND001,124,2028,0.492
Cuba,PWRWND001,124,2029,0.492
Cuba,PWRWND001,124,2030,0.492
Cuba,PWRWND001,124,2031,0.492
Cuba,PWRWND001,124,2032,0.492
Cuba,PWRWND001,124,2033,0.492
Cuba,PWRWND001,124,2034,0.492
Cuba,PWRWND001,124,2035,0.492
Cuba,PWRWND001,124,2036,0.492
Cuba,PWRWND001,124,2037,0.492
Cuba,PWRWND001,124,2038,0.492
Cuba,PWRWND001,124,2039,0.492
Cuba,PWRWND001,124,2040,0.492
Cuba,PWRWND001,124,2041,0.492
Cuba,PWRWND001,124,2042,0.492
Cuba,PWRWND001,124,2043,0.492
Cuba,PWRWND001,124,2044,0.492
Cuba,PWRWND001,124,2045,0.492
Cuba,PWRWND001,124,2046,0.492
Cuba,PWRWND001,124,2047,0.492
Cuba,PWRWND001,124,2048,0.492
Cuba,PWRWND001,124,2049,0.492
Cuba,PWRWND001,124,2050,0.492
Cuba,PWRWND001,124,2051,0.492
Cuba,PWRWND001,124,2052,0.492
Cuba,PWRWND001,124,2053,0.492
Cuba,PWRWND001,124,2054,0.492
Cuba,PWRWND001,124,2055,0.492
Cuba,PWRWND001,125,2019,0.491
Cuba,PWRWND001,125,2020,0.491
Cuba,PWRWND001,125,2021,0.491
Cuba,PWRWND001,125,2022,0.491
Cuba,PWRWND001,125,2023,0.491
Cuba,PWRWND001,125,2024,0.491
Cuba,PWRWND001,125,2025,0.491
Cuba,PWRWND001,125,2026,0.491
Cuba,PWRWND001,125,2027,0.491
Cuba,PWRWND001,125,2028,0.491
Cuba,PWRWND001,125,2029,0.491
Cuba,PWRWND001,125,2030,0.491
Cuba,PWRWND001,125,2031,0.491
Cuba,PWRWND001,125,2032,0.491
Cuba,PWRWND001,125,2033,0.491
Cuba,PWRWND001,125,2034,0.491
Cuba,PWRWND001,125,2035,0.491
Cuba,PWRWND001,125,2036,0.491
Cuba,PWRWND001,125,2037,0.491
Cuba,PWRWND001,125,2038,0.491
Cuba,PWRWND001,125,2039,0.491
Cuba,PWRWND001,125,2040,0.491
Cuba,PWRWND001,125,2041,0.491
Cuba,PWRWND001,125,2042,0.491
Cuba,PWRWND001,125,2043,0.491
Cuba,PWRWND001,125,2044,0.491
Cuba,PWRWND001,125,2045,0.491
Cuba,PWRWND001,125,2046,0.491
Cuba,PWRWND001,125,2047,0.491
Cuba,PWRWND001,125,2048,0.491
Cuba,PWRWND001,125,2049,0.491
Cuba,PWRWND001,125,2050,0.491
Cuba,PWRWND001,125,2051,0.491
Cuba,PWRWND001,125,2052,0.491
Cuba,PWRWND001,125,2053,0.491
Cuba,PWRWND001,125,2054,0.491
Cuba,PWRWND001,125,2055,0.491
Cuba,PWRWND001,126,2019,0.485
Cuba,PWRWND001,126,2020,0.485
Cuba,PWRWND001,126,2021,0.485
Cuba,PWRWND001,126,2022,0.485
Cuba,PWRWND001,126,2023,0.485
Cuba,PWRWND001,126,2024,0.485
Cuba,PWRWND001,126,2025,0.485
Cuba,PWRWND001,126,2026,0.485
Cuba,PWRWND001,126,2027,0.485
Cuba,PWRWND001,126,2028,0.485
Cuba,PWRWND001,126,2029,0.485
Cuba,PWRWND001,126,2030,0.485
Cuba,PWRWND001,126,2031,0.485
Cuba,PWRWND001,126,2032,0.485
Cuba,PWRWND001,126,2033,0.485
Cuba,PWRWND001,126,2034,0.485
Cuba,PWRWND001,126,2035,0.485
Cuba,PWRWND001,126,2036,0.485
Cuba,PWRWND001,126,2037,0.485
Cuba,PWRWND001,126,2038,0.485
Cuba,PWRWND001,126,2039,0.485
Cuba,PWRWND001,126,2040,0.485
Cuba,PWRWND001,126,2041,0.485
Cuba,PWRWND001,126,2042,0.485
Cuba,PWRWND001,126,2043,0.485
Cuba,PWRWND001,126,2044,0.485
Cuba,PWRWND001,126,2045,0.485
Cuba,PWRWND001,126,2046,0.485
Cuba,PWRWND001,126,2047,0.485
Cuba,PWRWND001,126,2048,0.485
Cuba,PWRWND001,126,2049,0.485
Cuba,PWRWND001,126,2050,0.485
Cuba,PWRWND001,126,2051,0.485
Cuba,PWRWND001,126,2052,0.485
Cuba,PWRWND001,126,2053,0.485
Cuba,PWRWND001,126,2054,0.485
Cuba,PWRWND001,126,2055,0.485
Cuba,PWRWND001,127,2019,0.483
Cuba,PWRWND001,127,2020,0.483
Cuba,PWRWND001,127,2021,0.483
Cuba,PWRWND001,127,2022,0.483
Cuba,PWRWND001,127,2023,0.483
Cuba,PWRWND001,127,2024,0.483
Cuba,PWRWND001,127,2025,0.483
Cuba,PWRWND001,127,2026,0.483
Cuba,PWRWND001,127,2027,0.483
Cuba,PWRWND001,127,2028,0.483
Cuba,PWRWND001,127,2029,0.483
Cuba,PWRWND001,127,2030,0.483
Cuba,PWRWND001,127,2031,0.483
Cuba,PWRWND001,127,2032,0.483
Cuba,PWRWND001,127,2033,0.483
Cuba,PWRWND001,127,2034,0.483
Cuba,PWRWND001,127,2035,0.483
Cuba,PWRWND001,127,2036,0.483
Cuba,PWRWND001,127,2037,0.483
Cuba,PWRWND001,127,2038,0.483
Cuba,PWRWND001,127,2039,0.483
Cuba,PWRWND001,127,2040,0.483
Cuba,PWRWND001,127,2041,0.483
Cuba,PWRWND001,127,2042,0.483
Cuba,PWRWND001,127,2043,0.483
Cuba,PWRWND001,127,2044,0.483
Cuba,PWRWND001,127,2045,0.483
Cuba,PWRWND001,127,2046,0.483
Cuba,PWRWND001,127,2047,0.483
Cuba,PWRWND001,127,2048,0.483
Cuba,PWRWND001,127,2049,0.483
Cuba,PWRWND001,127,2050,0.483
Cuba,PWRWND001,127,2051,0.483
Cuba,PWRWND001,127,2052,0.483
Cuba,PWRWND001,127,2053,0.483
Cuba,PWRWND001,127,2054,0.483
Cuba,PWRWND001,127,2055,0.483
Cuba,PWRWND001,128,2019,0.496
Cuba,PWRWND001,128,2020,0.496
Cuba,PWRWND001,128,2021,0.496
Cuba,PWRWND001,128,2022,0.496
Cuba,PWRWND001,128,2023,0.496
Cuba,PWRWND001,128,2024,0.496
Cuba,PWRWND001,128,2025,0.496
Cuba,PWRWND001,128,2026,0.496
Cuba,PWRWND001,128,2027,0.496
Cuba,PWRWND001,128,2028,0.496
Cuba,PWRWND001,128,2029,0.496
Cuba,PWRWND001,128,2030,0.496
Cuba,PWRWND001,128,2031,0.496
Cuba,PWRWND001,128,2032,0.496
Cuba,PWRWND001,128,2033,0.496
Cuba,PWRWND001,128,2034,0.496
Cuba,PWRWND001,128,2035,0.496
Cuba,PWRWND001,128,2036,0.496
Cuba,PWRWND001,128,2037,0.496
Cuba,PWRWND001,128,2038,0.496
Cuba,PWRWND001,128,2039,0.496
Cuba,PWRWND001,128,2040,0.496
Cuba,PWRWND001,128,2041,0.496
Cuba,PWRWND001,128,2042,0.496
Cuba,PWRWND001,128,2043,0.496
Cuba,PWRWND001,128,2044,0.496
Cuba,PWRWND001,128,2045,0.496
Cuba,PWRWND001,128,2046,0.496
Cuba,PWRWND001,128,2047,0.496
Cuba,PWRWND001,128,2048,0.496
Cuba,PWRWND001,128,2049,0.496
Cuba,PWRWND001,128,2050,0.496
Cuba,PWRWND001,128,2051,0.496
Cuba,PWRWND001,128,2052,0.496
Cuba,PWRWND001,128,2053,0.496
Cuba,PWRWND001,128,2054,0.496
Cuba,PWRWND001,128,2055,0.496
Cuba,PWRWND001,211,2019,0.418
Cuba,PWRWND001,211,2020,0.418
Cuba,PWRWND001,211,2021,0.418
Cuba,PWRWND001,211,2022,0.418
Cuba,PWRWND001,211,2023,0.418
Cuba,PWRWND001,211,2024,0.418
Cuba,PWRWND001,211,2025,0.418
Cuba,PWRWND001,211,2026,0.418
Cuba,PWRWND001,211,2027,0.418
Cuba,PWRWND001,211,2028,0.418
Cuba,PWRWND001,211,2029,0.418
Cuba,PWRWND001,211,2030,0.418
Cuba,PWRWND001,211,2031,0.418
Cuba,PWRWND001,211,2032,0.418
Cuba,PWRWND001,211,2033,0.418
Cuba,PWRWND001,211,2034,0.418
Cuba,PWRWND001,211,2035,0.418
Cuba,PWRWND001,211,2036,0.418
Cuba,PWRWND001,211,2037,0.418
Cuba,PWRWND001,211,2038,0.418
Cuba,PWRWND001,211,2039,0.418
Cuba,PWRWND001,211,2040,0.418
Cuba,PWRWND001,211,2041,0.418
Cuba,PWRWND001,211,2042,0.418
Cuba,PWRWND001,211,2043,0.418
Cuba,PWRWND001,211,2044,0.418
Cuba,PWRWND001,211,2045,0.418
Cuba,PWRWND001,211,2046,0.418
Cuba,PWRWND001,211,2047,0.418
Cuba,PWRWND001,211,2048,0.418
Cuba,PWRWND001,211,2049,0.418
Cuba,PWRWND001,211,2050,0.418
Cuba,PWRWND001,211,2051,0.418
Cuba,PWRWND001,211,2052,0.418
Cuba,PWRWND001,211,2053,0.418
Cuba,PWRWND001,211,2054,0.418
Cuba,PWRWND001,211,2055,0.418
Cuba,PWRWND001,212,2019,0.354
Cuba,PWRWND001,212,2020,0.354
Cuba,PWRWND001,212,2021,0.354
Cuba,PWRWND001,212,2022,0.354
Cuba,PWRWND001,212,2023,0.354
Cuba,PWRWND001,212,2024,0.354
Cuba,PWRWND001,212,2025,0.354
Cuba,PWRWND001,212,2026,0.354
Cuba,PWRWND001,212,2027,0.354
Cuba,PWRWND001,212,2028,0.354
Cuba,PWRWND001,212,2029,0.354
Cuba,PWRWND001,212,2030,0.354
Cuba,PWRWND001,212,2031,0.354
Cuba,PWRWND001,212,2032,0.354
Cuba,PWRWND001,212,2033,0.354
Cuba,PWRWND001,212,2034,0.354
Cuba,PWRWND001,212,2035,0.354
Cuba,PWRWND001,212,2036,0.354
Cuba,PWRWND001,212,2037,0.354
Cuba,PWRWND001,212,2038,0.354
Cuba,PWRWND001,212,2039,0.354
Cuba,PWRWND001,212,2040,0.354
Cuba,PWRWND001,212,2041,0.354
Cuba,PWRWND001,212,2042,0.354
Cuba,PWRWND001,212,2043,0.354
Cuba,PWRWND001,212,2044,0.354
Cuba,PWRWND001,212,2045,0.354
Cuba,PWRWND001,212,2046,0.354
Cuba,PWRWND001,212,2047,0.354
Cuba,PWRWND001,212,2048,0.354
Cuba,PWRWND001,212,2049,0.354
Cuba,PWRWND001,212,2050,0.354
Cuba,PWRWND001,212,2051,0.354
Cuba,PWRWND001,212,2052,0.354
Cuba,PWRWND001,212,2053,0.354
Cuba,PWRWND001,212,2054,0.354
Cuba,PWRWND001,212,2055,0.354
Cuba,PWRWND001,213,2019,0.327
Cuba,PWRWND001,213,2020,0.327
Cuba,PWRWND001,213,2021,0.327
Cuba,PWRWND001,213,2022,0.327
Cuba,PWRWND001,213,2023,0.327
Cuba,PWRWND001,213,2024,0.327
Cuba,PWRWND001,213,2025,0.327
Cuba,PWRWND001,213,2026,0.327
Cuba,PWRWND001,213,2027,0.327
Cuba,PWRWND001,213,2028,0.327
Cuba,PWRWND001,213,2029,0.327
Cuba,PWRWND001,213,2030,0.327
Cuba,PWRWND001,213,2031,0.327
Cuba,PWRWND001,213,2032,0.327
Cuba,PWRWND001,213,2033,0.327
Cuba,PWRWND001,213,2034,0.327
Cuba,PWRWND001,213,2035,0.327
Cuba,PWRWND001,213,2036,0.327
Cuba,PWRWND001,213,2037,0.327
Cuba,PWRWND001,213,2038,0.327
Cuba,PWRWND001,213,2039,0.327
Cuba,PWRWND001,213,2040,0.327
Cuba,PWRWND001,213,2041,0.327
Cuba,PWRWND001,213,2042,0.327
Cuba,PWRWND001,213,2043,0.327
Cuba,PWRWND001,213,2044,0.327
Cuba,PWRWND001,213,2045,0.327
Cuba,PWRWND001,213,2046,0.327
Cuba,PWRWND001,213,2047,0.327
Cuba,PWRWND001,213,2048,0.327
Cuba,PWRWND001,213,2049,0.327
Cuba,PWRWND001,213,2050,0.327
Cuba,PWRWND001,213,2051,0.327
Cuba,PWRWND001,213,2052,0.327
Cuba,PWRWND001,213,2053,0.327
Cuba,PWRWND001,213,2054,0.327
Cuba,PWRWND001,213,2055,0.327
Cuba,PWRWND001,214,2019,0.323
Cuba,PWRWND001,214,2020,0.323
Cuba,PWRWND001,214,2021,0.323
Cuba,PWRWND001,214,2022,0.323
Cuba,PWRWND001,214,2023,0.323
Cuba,PWRWND001,214,2024,0.323
Cuba,PWRWND001,214,2025,0.323
Cuba,PWRWND001,214,2026,0.323
Cuba,PWRWND001,214,2027,0.323
Cuba,PWRWND001,214,2028,0.323
Cuba,PWRWND001,214,2029,0.323
Cuba,PWRWND001,214,2030,0.323
Cuba,PWRWND001,214,2031,0.323
Cuba,PWRWND001,214,2032,0.323
Cuba,PWRWND001,214,2033,0.323
Cuba,PWRWND001,214,2034,0.323
Cuba,PWRWND001,214,2035,0.323
Cuba,PWRWND001,214,2036,0.323
Cuba,PWRWND001,214,2037,0.323
Cuba,PWRWND001,214,2038,0.323
Cuba,PWRWND001,214,2039,0.323
Cuba,PWRWND001,214,2040,0.323
Cuba,PWRWND001,214,2041,0.323
Cuba,PWRWND001,214,2042,0.323
Cuba,PWRWND001,214,2043,0.323
Cuba,PWRWND001,214,2044,0.323
Cuba,PWRWND001,214,2045,0.323
Cuba,PWRWND001,214,2046,0.323
Cuba,PWRWND001,214,2047,0.323
Cuba,PWRWND001,214,2048,0.323
Cuba,PWRWND001,214,2049,0.323
Cuba,PWRWND001,214,2050,0.323
Cuba,PWRWND001,214,2051,0.323
Cuba,PWRWND001,214,2052,0.323
Cuba,PWRWND001,214,2053,0.323
Cuba,PWRWND001,214,2054,0.323
Cuba,PWRWND001,214,2055,0.323
Cuba,PWRWND001,215,2019,0.359
Cuba,PWRWND001,215,2020,0.359
Cuba,PWRWND001,215,2021,0.359
Cuba,PWRWND001,215,2022,0.359
Cuba,PWRWND001,215,2023,0.359
Cuba,PWRWND001,215,2024,0.359
Cuba,PWRWND001,215,2025,0.359
Cuba,PWRWND001,215,2026,0.359
Cuba,PWRWND001,215,2027,0.359
Cuba,PWRWND001,215,2028,0.359
Cuba,PWRWND001,215,2029,0.359
Cuba,PWRWND001,215,2030,0.359
Cuba,PWRWND001,215,2031,0.359
Cuba,PWRWND001,215,2032,0.359
Cuba,PWRWND001,215,2033,0.359
Cuba,PWRWND001,215,2034,0.359
Cuba,PWRWND001,215,2035,0.359
Cuba,PWRWND001,215,2036,0.359
Cuba,PWRWND001,215,2037,0.359
Cuba,PWRWND001,215,2038,0.359
Cuba,PWRWND001,215,2039,0.359
Cuba,PWRWND001,215,2040,0.359
Cuba,PWRWND001,215,2041,0.359
Cuba,PWRWND001,215,2042,0.359
Cuba,PWRWND001,215,2043,0.359
Cuba,PWRWND001,215,2044,0.359
Cuba,PWRWND001,215,2045,0.359
Cuba,PWRWND001,215,2046,0.359
Cuba,PWRWND001,215,2047,0.359
Cuba,PWRWND001,215,2048,0.359
Cuba,PWRWND001,215,2049,0.359
Cuba,PWRWND001,215,2050,0.359
Cuba,PWRWND001,215,2051,0.359
Cuba,PWRWND001,215,2052,0.359
Cuba,PWRWND001,215,2053,0.359
Cuba,PWRWND001,215,2054,0.359
Cuba,PWRWND001,215,2055,0.359
Cuba,PWRWND001,216,2019,0.385
Cuba,PWRWND001,216,2020,0.385
Cuba,PWRWND001,216,2021,0.385
Cuba,PWRWND001,216,2022,0.385
Cuba,PWRWND001,216,2023,0.385
Cuba,PWRWND001,216,2024,0.385
Cuba,PWRWND001,216,2025,0.385
Cuba,PWRWND001,216,2026,0.385
Cuba,PWRWND001,216,2027,0.385
Cuba,PWRWND001,216,2028,0.385
Cuba,PWRWND001,216,2029,0.385
Cuba,PWRWND001,216,2030,0.385
Cuba,PWRWND001,216,2031,0.385
Cuba,PWRWND001,216,2032,0.385
Cuba,PWRWND001,216,2033,0.385
Cuba,PWRWND001,216,2034,0.385
Cuba,PWRWND001,216,2035,0.385
Cuba,PWRWND001,216,2036,0.385
Cuba,PWRWND001,216,2037,0.385
Cuba,PWRWND001,216,2038,0.385
Cuba,PWRWND001,216,2039,0.385
Cuba,PWRWND001,216,2040,0.385
Cuba,PWRWND001,216,2041,0.385
Cuba,PWRWND001,216,2042,0.385
Cuba,PWRWND001,216,2043,0.385
Cuba,PWRWND001,216,2044,0.385
Cuba,PWRWND001,216,2045,0.385
Cuba,PWRWND001,216,2046,0.385
Cuba,PWRWND001,216,2047,0.385
Cuba,PWRWND001,216,2048,0.385
Cuba,PWRWND001,216,2049,0.385
Cuba,PWRWND001,216,2050,0.385
Cuba,PWRWND001,216,2051,0.385
Cuba,PWRWND001,216,2052,0.385
Cuba,PWRWND001,216,2053,0.385
Cuba,PWRWND001,216,2054,0.385
Cuba,PWRWND001,216,2055,0.385
Cuba,PWRWND001,217,2019,0.402
Cuba,PWRWND001,217,2020,0.402
Cuba,PWRWND001,217,2021,0.402
Cuba,PWRWND001,217,2022,0.402
Cuba,PWRWND001,217,2023,0.402
Cuba,PWRWND001,217,2024,0.402
Cuba,PWRWND001,217,2025,0.402
Cuba,PWRWND001,217,2026,0.402
Cuba,PWRWND001,217,2027,0.402
Cuba,PWRWND001,217,2028,0.402
Cuba,PWRWND001,217,2029,0.402
Cuba,PWRWND001,217,2030,0.402
Cuba,PWRWND001,217,2031,0.402
Cuba,PWRWND001,217,2032,0.402
Cuba,PWRWND001,217,2033,0.402
Cuba,PWRWND001,217,2034,0.402
Cuba,PWRWND001,217,2035,0.402
Cuba,PWRWND001,217,2036,0.402
Cuba,PWRWND001,217,2037,0.402
Cuba,PWRWND001,217,2038,0.402
Cuba,PWRWND001,217,2039,0.402
Cuba,PWRWND001,217,2040,0.402
Cuba,PWRWND001,217,2041,0.402
Cuba,PWRWND001,217,2042,0.402
Cuba,PWRWND001,217,2043,0.402
Cuba,PWRWND001,217,2044,0.402
Cuba,PWRWND001,217,2045,0.402
Cuba,PWRWND001,217,2046,0.402
Cuba,PWRWND001,217,2047,0.402
Cuba,PWRWND001,217,2048,0.402
Cuba,PWRWND001,217,2049,0.402
Cuba,PWRWND001,217,2050,0.402
Cuba,PWRWND001,217,2051,0.402
Cuba,PWRWND001,217,2052,0.402
Cuba,PWRWND001,217,2053,0.402
Cuba,PWRWND001,217,2054,0.402
Cuba,PWRWND001,217,2055,0.402
Cuba,PWRWND001,218,2019,0.442
Cuba,PWRWND001,218,2020,0.442
Cuba,PWRWND001,218,2021,0.442
Cuba,PWRWND001,218,2022,0.442
Cuba,PWRWND001,218,2023,0.442
Cuba,PWRWND001,218,2024,0.442
Cuba,PWRWND001,218,2025,0.442
Cuba,PWRWND001,218,2026,0.442
Cuba,PWRWND001,218,2027,0.442
Cuba,PWRWND001,218,2028,0.442
Cuba,PWRWND001,218,2029,0.442
Cuba,PWRWND001,218,2030,0.442
Cuba,PWRWND001,218,2031,0.442
Cuba,PWRWND001,218,2032,0.442
Cuba,PWRWND001,218,2033,0.442
Cuba,PWRWND001,218,2034,0.442
Cuba,PWRWND001,218,2035,0.442
Cuba,PWRWND001,218,2036,0.442
Cuba,PWRWND001,218,2037,0.442
Cuba,PWRWND001,218,2038,0.442
Cuba,PWRWND001,218,2039,0.442
Cuba,PWRWND001,218,2040,0.442
Cuba,PWRWND001,218,2041,0.442
Cuba,PWRWND001,218,2042,0.442
Cuba,PWRWND001,218,2043,0.442
Cuba,PWRWND001,218,2044,0.442
Cuba,PWRWND001,218,2045,0.442
Cuba,PWRWND001,218,2046,0.442
Cuba,PWRWND001,218,2047,0.442
Cuba,PWRWND001,218,2048,0.442
Cuba,PWRWND001,218,2049,0.442
Cuba,PWRWND001,218,2050,0.442
Cuba,PWRWND001,218,2051,0.442
Cuba,PWRWND001,218,2052,0.442
Cuba,PWRWND001,218,2053,0.442
Cuba,PWRWND001,218,2054,0.442
Cuba,PWRWND001,218,2055,0.442
Cuba,PWRWND001,221,2019,0.269
Cuba,PWRWND001,221,2020,0.269
Cuba,PWRWND001,221,2021,0.269
Cuba,PWRWND001,221,2022,0.269
Cuba,PWRWND001,221,2023,0.269
Cuba,PWRWND001,221,2024,0.269
Cuba,PWRWND001,221,2025,0.269
Cuba,PWRWND001,221,2026,0.269
Cuba,PWRWND001,221,2027,0.269
Cuba,PWRWND001,221,2028,0.269
Cuba,PWRWND001,221,2029,0.269
Cuba,PWRWND001,221,2030,0.269
Cuba,PWRWND001,221,2031,0.269
Cuba,PWRWND001,221,2032,0.269
Cuba,PWRWND001,221,2033,0.269
Cuba,PWRWND001,221,2034,0.269
Cuba,PWRWND001,221,2035,0.269
Cuba,PWRWND001,221,2036,0.269
Cuba,PWRWND001,221,2037,0.269
Cuba,PWRWND001,221,2038,0.269
Cuba,PWRWND001,221,2039,0.269
Cuba,PWRWND001,221,2040,0.269
Cuba,PWRWND001,221,2041,0.269
Cuba,PWRWND001,221,2042,0.269
Cuba,PWRWND001,221,2043,0.269
Cuba,PWRWND001,221,2044,0.269
Cuba,PWRWND001,221,2045,0.269
Cuba,PWRWND001,221,2046,0.269
Cuba,PWRWND001,221,2047,0.269
Cuba,PWRWND001,221,2048,0.269
Cuba,PWRWND001,221,2049,0.269
Cuba,PWRWND001,221,2050,0.269
Cuba,PWRWND001,221,2051,0.269
Cuba,PWRWND001,221,2052,0.269
Cuba,PWRWND001,221,2053,0.269
Cuba,PWRWND001,221,2054,0.269
Cuba,PWRWND001,221,2055,0.269
Cuba,PWRWND001,222,2019,0.267
Cuba,PWRWND001,222,2020,0.267
Cuba,PWRWND001,222,2021,0.267
Cuba,PWRWND001,222,2022,0.267
Cuba,PWRWND001,222,2023,0.267
Cuba,PWRWND001,222,2024,0.267
Cuba,PWRWND001,222,2025,0.267
Cuba,PWRWND001,222,2026,0.267
Cuba,PWRWND001,222,2027,0.267
Cuba,PWRWND001,222,2028,0.267
Cuba,PWRWND001,222,2029,0.267
Cuba,PWRWND001,222,2030,0.267
Cuba,PWRWND001,222,2031,0.267
Cuba,PWRWND001,222,2032,0.267
Cuba,PWRWND001,222,2033,0.267
Cuba,PWRWND001,222,2034,0.267
Cuba,PWRWND001,222,2035,0.267
Cuba,PWRWND001,222,2036,0.267
Cuba,PWRWND001,222,2037,0.267
Cuba,PWRWND001,222,2038,0.267
Cuba,PWRWND001,222,2039,0.267
Cuba,PWRWND001,222,2040,0.267
Cuba,PWRWND001,222,2041,0.267
Cuba,PWRWND001,222,2042,0.267
Cuba,PWRWND001,222,2043,0.267
Cuba,PWRWND001,222,2044,0.267
Cuba,PWRWND001,222,2045,0.267
Cuba,PWRWND001,222,2046,0.267
Cuba,PWRWND001,222,2047,0.267
Cuba,PWRWND001,222,2048,0.267
Cuba,PWRWND001,222,2049,0.267
Cuba,PWRWND001,222,2050,0.267
Cuba,PWRWND001,222,2051,0.267
Cuba,PWRWND001,222,2052,0.267
Cuba,PWRWND001,222,2053,0.267
Cuba,PWRWND001,222,2054,0.267
Cuba,PWRWND001,222,2055,0.267
Cuba,PWRWND001,223,2019,0.217
Cuba,PWRWND001,223,2020,0.217
Cuba,PWRWND001,223,2021,0.217
Cuba,PWRWND001,223,2022,0.217
Cuba,PWRWND001,223,2023,0.217
Cuba,PWRWND001,223,2024,0.217
Cuba,PWRWND001,223,2025,0.217
Cuba,PWRWND001,223,2026,0.217
Cuba,PWRWND001,223,2027,0.217
Cuba,PWRWND001,223,2028,0.217
Cuba,PWRWND001,223,2029,0.217
Cuba,PWRWND001,223,2030,0.217
Cuba,PWRWND001,223,2031,0.217
Cuba,PWRWND001,223,2032,0.217
Cuba,PWRWND001,223,2033,0.217
Cuba,PWRWND001,223,2034,0.217
Cuba,PWRWND001,223,2035,0.217
Cuba,PWRWND001,223,2036,0.217
Cuba,PWRWND001,223,2037,0.217
Cuba,PWRWND001,223,2038,0.217
Cuba,PWRWND001,223,2039,0.217
Cuba,PWRWND001,223,2040,0.217
Cuba,PWRWND001,223,2041,0.217
Cuba,PWRWND001,223,2042,0.217
Cuba,PWRWND001,223,2043,0.217
Cuba,PWRWND001,223,2044,0.217
Cuba,PWRWND001,223,2045,0.217
Cuba,PWRWND001,223,2046,0.217
Cuba,PWRWND001,223,2047,0.217
Cuba,PWRWND001,223,2048,0.217
Cuba,PWRWND001,223,2049,0.217
Cuba,PWRWND001,223,2050,0.217
Cuba,PWRWND001,223,2051,0.217
Cuba,PWRWND001,223,2052,0.217
Cuba,PWRWND001,223,2053,0.217
Cuba,PWRWND001,223,2054,0.217
Cuba,PWRWND001,223,2055,0.217
Cuba,PWRWND001,224,2019,0.211
Cuba,PWRWND001,224,2020,0.211
Cuba,PWRWND001,224,2021,0.211
Cuba,PWRWND001,224,2022,0.211
Cuba,PWRWND001,224,2023,0.211
Cuba,PWRWND001,224,2024,0.211
Cuba,PWRWND001,224,2025,0.211
Cuba,PWRWND001,224,2026,0.211
Cuba,PWRWND001,224,2027,0.211
Cuba,PWRWND001,224,2028,0.211
Cuba,PWRWND001,224,2029,0.211
Cuba,PWRWND001,224,2030,0.211
Cuba,PWRWND001,224,2031,0.211
Cuba,PWRWND001,224,2032,0.211
Cuba,PWRWND001,224,2033,0.211
Cuba,PWRWND001,224,2034,0.211
Cuba,PWRWND001,224,2035,0.211
Cuba,PWRWND001,224,2036,0.211
Cuba,PWRWND001,224,2037,0.211
Cuba,PWRWND001,224,2038,0.211
Cuba,PWRWND001,224,2039,0.211
Cuba,PWRWND001,224,2040,0.211
Cuba,PWRWND001,224,2041,0.211
Cuba,PWRWND001,224,2042,0.211
Cuba,PWRWND001,224,2043,0.211
Cuba,PWRWND001,224,2044,0.211
Cuba,PWRWND001,224,2045,0.211
Cuba,PWRWND001,224,2046,0.211
Cuba,PWRWND001,224,2047,0.211
Cuba,PWRWND001,224,2048,0.211
Cuba,PWRWND001,224,2049,0.211
Cuba,PWRWND001,224,2050,0.211
Cuba,PWRWND001,224,2051,0.211
Cuba,PWRWND001,224,2052,0.211
Cuba,PWRWND001,224,2053,0.211
Cuba,PWRWND001,224,2054,0.211
Cuba,PWRWND001,224,2055,0.211
Cuba,PWRWND001,225,2019,0.245
Cuba,PWRWND001,225,2020,0.245
Cuba,PWRWND001,225,2021,0.245
Cuba,PWRWND001,225,2022,0.245
Cuba,PWRWND001,225,2023,0.245
Cuba,PWRWND001,225,2024,0.245
Cuba,PWRWND001,225,2025,0.245
Cuba,PWRWND001,225,2026,0.245
Cuba,PWRWND001,225,2027,0.245
Cuba,PWRWND001,225,2028,0.245
Cuba,PWRWND001,225,2029,0.245
Cuba,PWRWND001,225,2030,0.245
Cuba,PWRWND001,225,2031,0.245
Cuba,PWRWND001,225,2032,0.245
Cuba,PWRWND001,225,2033,0.245
Cuba,PWRWND001,225,2034,0.245
Cuba,PWRWND001,225,2035,0.245
Cuba,PWRWND001,225,2036,0.245
Cuba,PWRWND001,225,2037,0.245
Cuba,PWRWND001,225,2038,0.245
Cuba,PWRWND001,225,2039,0.245
Cuba,PWRWND001,225,2040,0.245
Cuba,PWRWND001,225,2041,0.245
Cuba,PWRWND001,225,2042,0.245
Cuba,PWRWND001,225,2043,0.245
Cuba,PWRWND001,225,2044,0.245
Cuba,PWRWND001,225,2045,0.245
Cuba,PWRWND001,225,2046,0.245
Cuba,PWRWND001,225,2047,0.245
Cuba,PWRWND001,225,2048,0.245
Cuba,PWRWND001,225,2049,0.245
Cuba,PWRWND001,225,2050,0.245
Cuba,PWRWND001,225,2051,0.245
Cuba,PWRWND001,225,2052,0.245
Cuba,PWRWND001,225,2053,0.245
Cuba,PWRWND001,225,2054,0.245
Cuba,PWRWND001,225,2055,0.245
Cuba,PWRWND001,226,2019,0.242
Cuba,PWRWND001,226,2020,0.242
Cuba,PWRWND001,226,2021,0.242
Cuba,PWRWND001,226,2022,0.242
Cuba,PWRWND001,226,2023,0.242
Cuba,PWRWND001,226,2024,0.242
Cuba,PWRWND001,226,2025,0.242
Cuba,PWRWND001,226,2026,0.242
Cuba,PWRWND001,226,2027,0.242
Cuba,PWRWND001,226,2028,0.242
Cuba,PWRWND001,226,2029,0.242
Cuba,PWRWND001,226,2030,0.242
Cuba,PWRWND001,226,2031,0.242
Cuba,PWRWND001,226,2032,0.242
Cuba,PWRWND001,226,2033,0.242
Cuba,PWRWND001,226,2034,0.242
Cuba,PWRWND001,226,2035,0.242
Cuba,PWRWND001,226,2036,0.242
Cuba,PWRWND001,226,2037,0.242
Cuba,PWRWND001,226,2038,0.242
Cuba,PWRWND001,226,2039,0.242
Cuba,PWRWND001,226,2040,0.242
Cuba,PWRWND001,226,2041,0.242
Cuba,PWRWND001,226,2042,0.242
Cuba,PWRWND001,226,2043,0.242
Cuba,PWRWND001,226,2044,0.242
Cuba,PWRWND001,226,2045,0.242
Cuba,PWRWND001,226,2046,0.242
Cuba,PWRWND001,226,2047,0.242
Cuba,PWRWND001,226,2048,0.242
Cuba,PWRWND001,226,2049,0.242
Cuba,PWRWND001,226,2050,0.242
Cuba,PWRWND001,226,2051,0.242
Cuba,PWRWND001,226,2052,0.242
Cuba,PWRWND001,226,2053,0.242
Cuba,PWRWND001,226,2054,0.242
Cuba,PWRWND001,226,2055,0.242
Cuba,PWRWND001,227,2019,0.273
Cuba,PWRWND001,227,2020,0.273
Cuba,PWRWND001,227,2021,0.273
Cuba,PWRWND001,227,2022,0.273
Cuba,PWRWND001,227,2023,0.273
Cuba,PWRWND001,227,2024,0.273
Cuba,PWRWND001,227,2025,0.273
Cuba,PWRWND001,227,2026,0.273
Cuba,PWRWND001,227,2027,0.273
Cuba,PWRWND001,227,2028,0.273
Cuba,PWRWND001,227,2029,0.273
Cuba,PWRWND001,227,2030,0.273
Cuba,PWRWND001,227,2031,0.273
Cuba,PWRWND001,227,2032,0.273
Cuba,PWRWND001,227,2033,0.273
Cuba,PWRWND001,227,2034,0.273
Cuba,PWRWND001,227,2035,0.273
Cuba,PWRWND001,227,2036,0.273
Cuba,PWRWND001,227,2037,0.273
Cuba,PWRWND001,227,2038,0.273
Cuba,PWRWND001,227,2039,0.273
Cuba,PWRWND001,227,2040,0.273
Cuba,PWRWND001,227,2041,0.273
Cuba,PWRWND001,227,2042,0.273
Cuba,PWRWND001,227,2043,0.273
Cuba,PWRWND001,227,2044,0.273
Cuba,PWRWND001,227,2045,0.273
Cuba,PWRWND001,227,2046,0.273
Cuba,PWRWND001,227,2047,0.273
Cuba,PWRWND001,227,2048,0.273
Cuba,PWRWND001,227,2049,0.273
Cuba,PWRWND001,227,2050,0.273
Cuba,PWRWND001,227,2051,0.273
Cuba,PWRWND001,227,2052,0.273
Cuba,PWRWND001,227,2053,0.273
Cuba,PWRWND001,227,2054,0.273
Cuba,PWRWND001,227,2055,0.273
Cuba,PWRWND001,228,2019,0.249
Cuba,PWRWND001,228,2020,0.249
Cuba,PWRWND001,228,2021,0.249
Cuba,PWRWND001,228,2022,0.249
Cuba,PWRWND001,228,2023,0.249
Cuba,PWRWND001,228,2024,0.249
Cuba,PWRWND001,228,2025,0.249
Cuba,PWRWND001,228,2026,0.249
Cuba,PWRWND001,228,2027,0.249
Cuba,PWRWND001,228,2028,0.249
Cuba,PWRWND001,228,2029,0.249
Cuba,PWRWND001,228,2030,0.249
Cuba,PWRWND001,228,2031,0.249
Cuba,PWRWND001,228,2032,0.249
Cuba,PWRWND001,228,2033,0.249
Cuba,PWRWND001,228,2034,0.249
Cuba,PWRWND001,228,2035,0.249
Cuba,PWRWND001,228,2036,0.249
Cuba,PWRWND001,228,2037,0.249
Cuba,PWRWND001,228,2038,0.249
Cuba,PWRWND001,228,2039,0.249
Cuba,PWRWND001,228,2040,0.249
Cuba,PWRWND001,228,2041,0.249
Cuba,PWRWND001,228,2042,0.249
Cuba,PWRWND001,228,2043,0.249
Cuba,PWRWND001,228,2044,0.249
Cuba,PWRWND001,228,2045,0.249
Cuba,PWRWND001,228,2046,0.249
Cuba,PWRWND001,228,2047,0.249
Cuba,PWRWND001,228,2048,0.249
Cuba,PWRWND001,228,2049,0.249
Cuba,PWRWND001,228,2050,0.249
Cuba,PWRWND001,228,2051,0.249
Cuba,PWRWND001,228,2052,0.249
Cuba,PWRWND001,228,2053,0.249
Cuba,PWRWND001,228,2054,0.249
Cuba,PWRWND001,228,2055,0.249
Cuba,PWRWND001,311,2019,0.31
Cuba,PWRWND001,311,2020,0.31
Cuba,PWRWND001,311,2021,0.31
Cuba,PWRWND001,311,2022,0.31
Cuba,PWRWND001,311,2023,0.31
Cuba,PWRWND001,311,2024,0.31
Cuba,PWRWND001,311,2025,0.31
Cuba,PWRWND001,311,2026,0.31
Cuba,PWRWND001,311,2027,0.31
Cuba,PWRWND001,311,2028,0.31
Cuba,PWRWND001,311,2029,0.31
Cuba,PWRWND001,311,2030,0.31
Cuba,PWRWND001,311,2031,0.31
Cuba,PWRWND001,311,2032,0.31
Cuba,PWRWND001,311,2033,0.31
Cuba,PWRWND001,311,2034,0.31
Cuba,PWRWND001,311,2035,0.31
Cuba,PWRWND001,311,2036,0.31
Cuba,PWRWND001,311,2037,0.31
Cuba,PWRWND001,311,2038,0.31
Cuba,PWRWND001,311,2039,0.31
Cuba,PWRWND001,311,2040,0.31
Cuba,PWRWND001,311,2041,0.31
Cuba,PWRWND001,311,2042,0.31
Cuba,PWRWND001,311,2043,0.31
Cuba,PWRWND001,311,2044,0.31
Cuba,PWRWND001,311,2045,0.31
Cuba,PWRWND001,311,2046,0.31
Cuba,PWRWND001,311,2047,0.31
Cuba,PWRWND001,311,2048,0.31
Cuba,PWRWND001,311,2049,0.31
Cuba,PWRWND001,311,2050,0.31
Cuba,PWRWND001,311,2051,0.31
Cuba,PWRWND001,311,2052,0.31
Cuba,PWRWND001,311,2053,0.31
Cuba,PWRWND001,311,2054,0.31
Cuba,PWRWND001,311,2055,0.31
Cuba,PWRWND001,312,2019,0.314
Cuba,PWRWND001,312,2020,0.314
Cuba,PWRWND001,312,2021,0.314
Cuba,PWRWND001,312,2022,0.314
Cuba,PWRWND001,312,2023,0.314
Cuba,PWRWND001,312,2024,0.314
Cuba,PWRWND001,312,2025,0.314
Cuba,PWRWND001,312,2026,0.314
Cuba,PWRWND001,312,2027,0.314
Cuba,PWRWND001,312,2028,0.314
Cuba,PWRWND001,312,2029,0.314
Cuba,PWRWND001,312,2030,0.314
Cuba,PWRWND001,312,2031,0.314
Cuba,PWRWND001,312,2032,0.314
Cuba,PWRWND001,312,2033,0.314
Cuba,PWRWND001,312,2034,0.314
Cuba,PWRWND001,312,2035,0.314
Cuba,PWRWND001,312,2036,0.314
Cuba,PWRWND001,312,2037,0.314
Cuba,PWRWND001,312,2038,0.314
Cuba,PWRWND001,312,2039,0.314
Cuba,PWRWND001,312,2040,0.314
Cuba,PWRWND001,312,2041,0.314
Cuba,PWRWND001,312,2042,0.314
Cuba,PWRWND001,312,2043,0.314
Cuba,PWRWND001,312,2044,0.314
Cuba,PWRWND001,312,2045,0.314
Cuba,PWRWND001,312,2046,0.314
Cuba,PWRWND001,312,2047,0.314
Cuba,PWRWND001,312,2048,0.314
Cuba,PWRWND001,312,2049,0.314
Cuba,PWRWND001,312,2050,0.314
Cuba,PWRWND001,312,2051,0.314
Cuba,PWRWND001,312,2052,0.314
Cuba,PWRWND001,312,2053,0.314
Cuba,PWRWND001,312,2054,0.314
Cuba,PWRWND001,312,2055,0.314
Cuba,PWRWND001,313,2019,0.275
Cuba,PWRWND001,313,2020,0.275
Cuba,PWRWND001,313,2021,0.275
Cuba,PWRWND001,313,2022,0.275
Cuba,PWRWND001,313,2023,0.275
Cuba,PWRWND001,313,2024,0.275
Cuba,PWRWND001,313,2025,0.275
Cuba,PWRWND001,313,2026,0.275
Cuba,PWRWND001,313,2027,0.275
Cuba,PWRWND001,313,2028,0.275
Cuba,PWRWND001,313,2029,0.275
Cuba,PWRWND001,313,2030,0.275
Cuba,PWRWND001,313,2031,0.275
Cuba,PWRWND001,313,2032,0.275
Cuba,PWRWND001,313,2033,0.275
Cuba,PWRWND001,313,2034,0.275
Cuba,PWRWND001,313,2035,0.275
Cuba,PWRWND001,313,2036,0.275
Cuba,PWRWND001,313,2037,0.275
Cuba,PWRWND001,313,2038,0.275
Cuba,PWRWND001,313,2039,0.275
Cuba,PWRWND001,313,2040,0.275
Cuba,PWRWND001,313,2041,0.275
Cuba,PWRWND001,313,2042,0.275
Cuba,PWRWND001,313,2043,0.275
Cuba,PWRWND001,313,2044,0.275
Cuba,PWRWND001,313,2045,0.275
Cuba,PWRWND001,313,2046,0.275
Cuba,PWRWND001,313,2047,0.275
Cuba,PWRWND001,313,2048,0.275
Cuba,PWRWND001,313,2049,0.275
Cuba,PWRWND001,313,2050,0.275
Cuba,PWRWND001,313,2051,0.275
Cuba,PWRWND001,313,2052,0.275
Cuba,PWRWND001,313,2053,0.275
Cuba,PWRWND001,313,2054,0.275
Cuba,PWRWND001,313,2055,0.275
Cuba,PWRWND001,314,2019,0.254
Cuba,PWRWND001,314,2020,0.254
Cuba,PWRWND001,314,2021,0.254
Cuba,PWRWND001,314,2022,0.254
Cuba,PWRWND001,314,2023,0.254
Cuba,PWRWND001,314,2024,0.254
Cuba,PWRWND001,314,2025,0.254
Cuba,PWRWND001,314,2026,0.254
Cuba,PWRWND001,314,2027,0.254
Cuba,PWRWND001,314,2028,0.254
Cuba,PWRWND001,314,2029,0.254
Cuba,PWRWND001,314,2030,0.254
Cuba,PWRWND001,314,2031,0.254
Cuba,PWRWND001,314,2032,0.254
Cuba,PWRWND001,314,2033,0.254
Cuba,PWRWND001,314,2034,0.254
Cuba,PWRWND001,314,2035,0.254
Cuba,PWRWND001,314,2036,0.254
Cuba,PWRWND001,314,2037,0.254
Cuba,PWRWND001,314,2038,0.254
Cuba,PWRWND001,314,2039,0.254
Cuba,PWRWND001,314,2040,0.254
Cuba,PWRWND001,314,2041,0.254
Cuba,PWRWND001,314,2042,0.254
Cuba,PWRWND001,314,2043,0.254
Cuba,PWRWND001,314,2044,0.254
Cuba,PWRWND001,314,2045,0.254
Cuba,PWRWND001,314,2046,0.254
Cuba,PWRWND001,314,2047,0.254
Cuba,PWRWND001,314,2048,0.254
Cuba,PWRWND001,314,2049,0.254
Cuba,PWRWND001,314,2050,0.254
Cuba,PWRWND001,314,2051,0.254
Cuba,PWRWND001,314,2052,0.254
Cuba,PWRWND001,314,2053,0.254
Cuba,PWRWND001,314,2054,0.254
Cuba,PWRWND001,314,2055,0.254
Cuba,PWRWND001,315,2019,0.323
Cuba,PWRWND001,315,2020,0.323
Cuba,PWRWND001,315,2021,0.323
Cuba,PWRWND001,315,2022,0.323
Cuba,PWRWND001,315,2023,0.323
Cuba,PWRWND001,315,2024,0.323
Cuba,PWRWND001,315,2025,0.323
Cuba,PWRWND001,315,2026,0.323
Cuba,PWRWND001,315,2027,0.323
Cuba,PWRWND001,315,2028,0.323
Cuba,PWRWND001,315,2029,0.323
Cuba,PWRWND001,315,2030,0.323
Cuba,PWRWND001,315,2031,0.323
Cuba,PWRWND001,315,2032,0.323
Cuba,PWRWND001,315,2033,0.323
Cuba,PWRWND001,315,2034,0.323
Cuba,PWRWND001,315,2035,0.323
Cuba,PWRWND001,315,2036,0.323
Cuba,PWRWND001,315,2037,0.323
Cuba,PWRWND001,315,2038,0.323
Cuba,PWRWND001,315,2039,0.323
Cuba,PWRWND001,315,2040,0.323
Cuba,PWRWND001,315,2041,0.323
Cuba,PWRWND001,315,2042,0.323
Cuba,PWRWND001,315,2043,0.323
Cuba,PWRWND001,315,2044,0.323
Cuba,PWRWND001,315,2045,0.323
Cuba,PWRWND001,315,2046,0.323
Cuba,PWRWND001,315,2047,0.323
Cuba,PWRWND001,315,2048,0.323
Cuba,PWRWND001,315,2049,0.323
Cuba,PWRWND001,315,2050,0.323
Cuba,PWRWND001,315,2051,0.323
Cuba,PWRWND001,315,2052,0.323
Cuba,PWRWND001,315,2053,0.323
Cuba,PWRWND001,315,2054,0.323
Cuba,PWRWND001,315,2055,0.323
Cuba,PWRWND001,316,2019,0.345
Cuba,PWRWND001,316,2020,0.345
Cuba,PWRWND001,316,2021,0.345
Cuba,PWRWND001,316,2022,0.345
Cuba,PWRWND001,316,2023,0.345
Cuba,PWRWND001,316,2024,0.345
Cuba,PWRWND001,316,2025,0.345
Cuba,PWRWND001,316,2026,0.345
Cuba,PWRWND001,316,2027,0.345
Cuba,PWRWND001,316,2028,0.345
Cuba,PWRWND001,316,2029,0.345
Cuba,PWRWND001,316,2030,0.345
Cuba,PWRWND001,316,2031,0.345
Cuba,PWRWND001,316,2032,0.345
Cuba,PWRWND001,316,2033,0.345
Cuba,PWRWND001,316,2034,0.345
Cuba,PWRWND001,316,2035,0.345
Cuba,PWRWND001,316,2036,0.345
Cuba,PWRWND001,316,2037,0.345
Cuba,PWRWND001,316,2038,0.345
Cuba,PWRWND001,316,2039,0.345
Cuba,PWRWND001,316,2040,0.345
Cuba,PWRWND001,316,2041,0.345
Cuba,PWRWND001,316,2042,0.345
Cuba,PWRWND001,316,2043,0.345
Cuba,PWRWND001,316,2044,0.345
Cuba,PWRWND001,316,2045,0.345
Cuba,PWRWND001,316,2046,0.345
Cuba,PWRWND001,316,2047,0.345
Cuba,PWRWND001,316,2048,0.345
Cuba,PWRWND001,316,2049,0.345
Cuba,PWRWND001,316,2050,0.345
Cuba,PWRWND001,316,2051,0.345
Cuba,PWRWND001,316,2052,0.345
Cuba,PWRWND001,316,2053,0.345
Cuba,PWRWND001,316,2054,0.345
Cuba,PWRWND001,316,2055,0.345
Cuba,PWRWND001,317,2019,0.358
Cuba,PWRWND001,317,2020,0.358
Cuba,PWRWND001,317,2021,0.358
Cuba,PWRWND001,317,2022,0.358
Cuba,PWRWND001,317,2023,0.358
Cuba,PWRWND001,317,2024,0.358
Cuba,PWRWND001,317,2025,0.358
Cuba,PWRWND001,317,2026,0.358
Cuba,PWRWND001,317,2027,0.358
Cuba,PWRWND001,317,2028,0.358
Cuba,PWRWND001,317,2029,0.358
Cuba,PWRWND001,317,2030,0.358
Cuba,PWRWND001,317,2031,0.358
Cuba,PWRWND001,317,2032,0.358
Cuba,PWRWND001,317,2033,0.358
Cuba,PWRWND001,317,2034,0.358
Cuba,PWRWND001,317,2035,0.358
Cuba,PWRWND001,317,2036,0.358
Cuba,PWRWND001,317,2037,0.358
Cuba,PWRWND001,317,2038,0.358
Cuba,PWRWND001,317,2039,0.358
Cuba,PWRWND001,317,2040,0.358
Cuba,PWRWND001,317,2041,0.358
Cuba,PWRWND001,317,2042,0.358
Cuba,PWRWND001,317,2043,0.358
Cuba,PWRWND001,317,2044,0.358
Cuba,PWRWND001,317,2045,0.358
Cuba,PWRWND001,317,2046,0.358
Cuba,PWRWND001,317,2047,0.358
Cuba,PWRWND001,317,2048,0.358
Cuba,PWRWND001,317,2049,0.358
Cuba,PWRWND001,317,2050,0.358
Cuba,PWRWND001,317,2051,0.358
Cuba,PWRWND001,317,2052,0.358
Cuba,PWRWND001,317,2053,0.358
Cuba,PWRWND001,317,2054,0.358
Cuba,PWRWND001,317,2055,0.358
Cuba,PWRWND001,318,2019,0.326
Cuba,PWRWND001,318,2020,0.326
Cuba,PWRWND001,318,2021,0.326
Cuba,PWRWND001,318,2022,0.326
Cuba,PWRWND001,318,2023,0.326
Cuba,PWRWND001,318,2024,0.326
Cuba,PWRWND001,318,2025,0.326
Cuba,PWRWND001,318,2026,0.326
Cuba,PWRWND001,318,2027,0.326
Cuba,PWRWND001,318,2028,0.326
Cuba,PWRWND001,318,2029,0.326
Cuba,PWRWND001,318,2030,0.326
Cuba,PWRWND001,318,2031,0.326
Cuba,PWRWND001,318,2032,0.326
Cuba,PWRWND001,318,2033,0.326
Cuba,PWRWND001,318,2034,0.326
Cuba,PWRWND001,318,2035,0.326
Cuba,PWRWND001,318,2036,0.326
Cuba,PWRWND001,318,2037,0.326
Cuba,PWRWND001,318,2038,0.326
Cuba,PWRWND001,318,2039,0.326
Cuba,PWRWND001,318,2040,0.326
Cuba,PWRWND001,318,2041,0.326
Cuba,PWRWND001,318,2042,0.326
Cuba,PWRWND001,318,2043,0.326
Cuba,PWRWND001,318,2044,0.326
Cuba,PWRWND001,318,2045,0.326
Cuba,PWRWND001,318,2046,0.326
Cuba,PWRWND001,318,2047,0.326
Cuba,PWRWND001,318,2048,0.326
Cuba,PWRWND001,318,2049,0.326
Cuba,PWRWND001,318,2050,0.326
Cuba,PWRWND001,318,2051,0.326
Cuba,PWRWND001,318,2052,0.326
Cuba,PWRWND001,318,2053,0.326
Cuba,PWRWND001,318,2054,0.326
Cuba,PWRWND001,318,2055,0.326
Cuba,PWRWND001,321,2019,0.337
Cuba,PWRWND001,321,2020,0.337
Cuba,PWRWND001,321,2021,0.337
Cuba,PWRWND001,321,2022,0.337
Cuba,PWRWND001,321,2023,0.337
Cuba,PWRWND001,321,2024,0.337
Cuba,PWRWND001,321,2025,0.337
Cuba,PWRWND001,321,2026,0.337
Cuba,PWRWND001,321,2027,0.337
Cuba,PWRWND001,321,2028,0.337
Cuba,PWRWND001,321,2029,0.337
Cuba,PWRWND001,321,2030,0.337
Cuba,PWRWND001,321,2031,0.337
Cuba,PWRWND001,321,2032,0.337
Cuba,PWRWND001,321,2033,0.337
Cuba,PWRWND001,321,2034,0.337
Cuba,PWRWND001,321,2035,0.337
Cuba,PWRWND001,321,2036,0.337
Cuba,PWRWND001,321,2037,0.337
Cuba,PWRWND001,321,2038,0.337
Cuba,PWRWND001,321,2039,0.337
Cuba,PWRWND001,321,2040,0.337
Cuba,PWRWND001,321,2041,0.337
Cuba,PWRWND001,321,2042,0.337
Cuba,PWRWND001,321,2043,0.337
Cuba,PWRWND001,321,2044,0.337
Cuba,PWRWND001,321,2045,0.337
Cuba,PWRWND001,321,2046,0.337
Cuba,PWRWND001,321,2047,0.337
Cuba,PWRWND001,321,2048,0.337
Cuba,PWRWND001,321,2049,0.337
Cuba,PWRWND001,321,2050,0.337
Cuba,PWRWND001,321,2051,0.337
Cuba,PWRWND001,321,2052,0.337
Cuba,PWRWND001,321,2053,0.337
Cuba,PWRWND001,321,2054,0.337
Cuba,PWRWND001,321,2055,0.337
Cuba,PWRWND001,322,2019,0.344
Cuba,PWRWND001,322,2020,0.344
Cuba,PWRWND001,322,2021,0.344
Cuba,PWRWND001,322,2022,0.344
Cuba,PWRWND001,322,2023,0.344
Cuba,PWRWND001,322,2024,0.344
Cuba,PWRWND001,322,2025,0.344
Cuba,PWRWND001,322,2026,0.344
Cuba,PWRWND001,322,2027,0.344
Cuba,PWRWND001,322,2028,0.344
Cuba,PWRWND001,322,2029,0.344
Cuba,PWRWND001,322,2030,0.344
Cuba,PWRWND001,322,2031,0.344
Cuba,PWRWND001,322,2032,0.344
Cuba,PWRWND001,322,2033,0.344
Cuba,PWRWND001,322,2034,0.344
Cuba,PWRWND001,322,2035,0.344
Cuba,PWRWND001,322,2036,0.344
Cuba,PWRWND001,322,2037,0.344
Cuba,PWRWND001,322,2038,0.344
Cuba,PWRWND001,322,2039,0.344
Cuba,PWRWND001,322,2040,0.344
Cuba,PWRWND001,322,2041,0.344
Cuba,PWRWND001,322,2042,0.344
Cuba,PWRWND001,322,2043,0.344
Cuba,PWRWND001,322,2044,0.344
Cuba,PWRWND001,322,2045,0.344
Cuba,PWRWND001,322,2046,0.344
Cuba,PWRWND001,322,2047,0.344
Cuba,PWRWND001,322,2048,0.344
Cuba,PWRWND001,322,2049,0.344
Cuba,PWRWND001,322,2050,0.344
Cuba,PWRWND001,322,2051,0.344
Cuba,PWRWND001,322,2052,0.344
Cuba,PWRWND001,322,2053,0.344
Cuba,PWRWND001,322,2054,0.344
Cuba,PWRWND001,322,2055,0.344
Cuba,PWRWND001,323,2019,0.304
Cuba,PWRWND001,323,2020,0.304
Cuba,PWRWND001,323,2021,0.304
Cuba,PWRWND001,323,2022,0.304
Cuba,PWRWND001,323,2023,0.304
Cuba,PWRWND001,323,2024,0.304
Cuba,PWRWND001,323,2025,0.304
Cuba,PWRWND001,323,2026,0.304
Cuba,PWRWND001,323,2027,0.304
Cuba,PWRWND001,323,2028,0.304
Cuba,PWRWND001,323,2029,0.304
Cuba,PWRWND001,323,2030,0.304
Cuba,PWRWND001,323,2031,0.304
Cuba,PWRWND001,323,2032,0.304
Cuba,PWRWND001,323,2033,0.304
Cuba,PWRWND001,323,2034,0.304
Cuba,PWRWND001,323,2035,0.304
Cuba,PWRWND001,323,2036,0.304
Cuba,PWRWND001,323,2037,0.304
Cuba,PWRWND001,323,2038,0.304
Cuba,PWRWND001,323,2039,0.304
Cuba,PWRWND001,323,2040,0.304
Cuba,PWRWND001,323,2041,0.304
Cuba,PWRWND001,323,2042,0.304
Cuba,PWRWND001,323,2043,0.304
Cuba,PWRWND001,323,2044,0.304
Cuba,PWRWND001,323,2045,0.304
Cuba,PWRWND001,323,2046,0.304
Cuba,PWRWND001,323,2047,0.304
Cuba,PWRWND001,323,2048,0.304
Cuba,PWRWND001,323,2049,0.304
Cuba,PWRWND001,323,2050,0.304
Cuba,PWRWND001,323,2051,0.304
Cuba,PWRWND001,323,2052,0.304
Cuba,PWRWND001,323,2053,0.304
Cuba,PWRWND001,323,2054,0.304
Cuba,PWRWND001,323,2055,0.304
Cuba,PWRWND001,324,2019,0.263
Cuba,PWRWND001,324,2020,0.263
Cuba,PWRWND001,324,2021,0.263
Cuba,PWRWND001,324,2022,0.263
Cuba,PWRWND001,324,2023,0.263
Cuba,PWRWND001,324,2024,0.263
Cuba,PWRWND001,324,2025,0.263
Cuba,PWRWND001,324,2026,0.263
Cuba,PWRWND001,324,2027,0.263
Cuba,PWRWND001,324,2028,0.263
Cuba,PWRWND001,324,2029,0.263
Cuba,PWRWND001,324,2030,0.263
Cuba,PWRWND001,324,2031,0.263
Cuba,PWRWND001,324,2032,0.263
Cuba,PWRWND001,324,2033,0.263
Cuba,PWRWND001,324,2034,0.263
Cuba,PWRWND001,324,2035,0.263
Cuba,PWRWND001,324,2036,0.263
Cuba,PWRWND001,324,2037,0.263
Cuba,PWRWND001,324,2038,0.263
Cuba,PWRWND001,324,2039,0.263
Cuba,PWRWND001,324,2040,0.263
Cuba,PWRWND001,324,2041,0.263
Cuba,PWRWND001,324,2042,0.263
Cuba,PWRWND001,324,2043,0.263
Cuba,PWRWND001,324,2044,0.263
Cuba,PWRWND001,324,2045,0.263
Cuba,PWRWND001,324,2046,0.263
Cuba,PWRWND001,324,2047,0.263
Cuba,PWRWND001,324,2048,0.263
Cuba,PWRWND001,324,2049,0.263
Cuba,PWRWND001,324,2050,0.263
Cuba,PWRWND001,324,2051,0.263
Cuba,PWRWND001,324,2052,0.263
Cuba,PWRWND001,324,2053,0.263
Cuba,PWRWND001,324,2054,0.263
Cuba,PWRWND001,324,2055,0.263
Cuba,PWRWND001,325,2019,0.307
Cuba,PWRWND001,325,2020,0.307
Cuba,PWRWND001,325,2021,0.307
Cuba,PWRWND001,325,2022,0.307
Cuba,PWRWND001,325,2023,0.307
Cuba,PWRWND001,325,2024,0.307
Cuba,PWRWND001,325,2025,0.307
Cuba,PWRWND001,325,2026,0.307
Cuba,PWRWND001,325,2027,0.307
Cuba,PWRWND001,325,2028,0.307
Cuba,PWRWND001,325,2029,0.307
Cuba,PWRWND001,325,2030,0.307
Cuba,PWRWND001,325,2031,0.307
Cuba,PWRWND001,325,2032,0.307
Cuba,PWRWND001,325,2033,0.307
Cuba,PWRWND001,325,2034,0.307
Cuba,PWRWND001,325,2035,0.307
Cuba,PWRWND001,325,2036,0.307
Cuba,PWRWND001,325,2037,0.307
Cuba,PWRWND001,325,2038,0.307
Cuba,PWRWND001,325,2039,0.307
Cuba,PWRWND001,325,2040,0.307
Cuba,PWRWND001,325,2041,0.307
Cuba,PWRWND001,325,2042,0.307
Cuba,PWRWND001,325,2043,0.307
Cuba,PWRWND001,325,2044,0.307
Cuba,PWRWND001,325,2045,0.307
Cuba,PWRWND001,325,2046,0.307
Cuba,PWRWND001,325,2047,0.307
Cuba,PWRWND001,325,2048,0.307
Cuba,PWRWND001,325,2049,0.307
Cuba,PWRWND001,325,2050,0.307
Cuba,PWRWND001,325,2051,0.307
Cuba,PWRWND001,325,2052,0.307
Cuba,PWRWND001,325,2053,0.307
Cuba,PWRWND001,325,2054,0.307
Cuba,PWRWND001,325,2055,0.307
Cuba,PWRWND001,326,2019,0.347
Cuba,PWRWND001,326,2020,0.347
Cuba,PWRWND001,326,2021,0.347
Cuba,PWRWND001,326,2022,0.347
Cuba,PWRWND001,326,2023,0.347
Cuba,PWRWND001,326,2024,0.347
Cuba,PWRWND001,326,2025,0.347
Cuba,PWRWND001,326,2026,0.347
Cuba,PWRWND001,326,2027,0.347
Cuba,PWRWND001,326,2028,0.347
Cuba,PWRWND001,326,2029,0.347
Cuba,PWRWND001,326,2030,0.347
Cuba,PWRWND001,326,2031,0.347
Cuba,PWRWND001,326,2032,0.347
Cuba,PWRWND001,326,2033,0.347
Cuba,PWRWND001,326,2034,0.347
Cuba,PWRWND001,326,2035,0.347
Cuba,PWRWND001,326,2036,0.347
Cuba,PWRWND001,326,2037,0.347
Cuba,PWRWND001,326,2038,0.347
Cuba,PWRWND001,326,2039,0.347
Cuba,PWRWND001,326,2040,0.347
Cuba,PWRWND001,326,2041,0.347
Cuba,PWRWND001,326,2042,0.347
Cuba,PWRWND001,326,2043,0.347
Cuba,PWRWND001,326,2044,0.347
Cuba,PWRWND001,326,2045,0.347
Cuba,PWRWND001,326,2046,0.347
Cuba,PWRWND001,326,2047,0.347
Cuba,PWRWND001,326,2048,0.347
Cuba,PWRWND001,326,2049,0.347
Cuba,PWRWND001,326,2050,0.347
Cuba,PWRWND001,326,2051,0.347
Cuba,PWRWND001,326,2052,0.347
Cuba,PWRWND001,326,2053,0.347
Cuba,PWRWND001,326,2054,0.347
Cuba,PWRWND001,326,2055,0.347
Cuba,PWRWND001,327,2019,0.31
Cuba,PWRWND001,327,2020,0.31
Cuba,PWRWND001,327,2021,0.31
Cuba,PWRWND001,327,2022,0.31
Cuba,PWRWND001,327,2023,0.31
Cuba,PWRWND001,327,2024,0.31
Cuba,PWRWND001,327,2025,0.31
Cuba,PWRWND001,327,2026,0.31
Cuba,PWRWND001,327,2027,0.31
Cuba,PWRWND001,327,2028,0.31
Cuba,PWRWND001,327,2029,0.31
Cuba,PWRWND001,327,2030,0.31
Cuba,PWRWND001,327,2031,0.31
Cuba,PWRWND001,327,2032,0.31
Cuba,PWRWND001,327,2033,0.31
Cuba,PWRWND001,327,2034,0.31
Cuba,PWRWND001,327,2035,0.31
Cuba,PWRWND001,327,2036,0.31
Cuba,PWRWND001,327,2037,0.31
Cuba,PWRWND001,327,2038,0.31
Cuba,PWRWND001,327,2039,0.31
Cuba,PWRWND001,327,2040,0.31
Cuba,PWRWND001,327,2041,0.31
Cuba,PWRWND001,327,2042,0.31
Cuba,PWRWND001,327,2043,0.31
Cuba,PWRWND001,327,2044,0.31
Cuba,PWRWND001,327,2045,0.31
Cuba,PWRWND001,327,2046,0.31
Cuba,PWRWND001,327,2047,0.31
Cuba,PWRWND001,327,2048,0.31
Cuba,PWRWND001,327,2049,0.31
Cuba,PWRWND001,327,2050,0.31
Cuba,PWRWND001,327,2051,0.31
Cuba,PWRWND001,327,2052,0.31
Cuba,PWRWND001,327,2053,0.31
Cuba,PWRWND001,327,2054,0.31
Cuba,PWRWND001,327,2055,0.31
Cuba,PWRWND001,328,2019,0.312
Cuba,PWRWND001,328,2020,0.312
Cuba,PWRWND001,328,2021,0.312
Cuba,PWRWND001,328,2022,0.312
Cuba,PWRWND001,328,2023,0.312
Cuba,PWRWND001,328,2024,0.312
Cuba,PWRWND001,328,2025,0.312
Cuba,PWRWND001,328,2026,0.312
Cuba,PWRWND001,328,2027,0.312
Cuba,PWRWND001,328,2028,0.312
Cuba,PWRWND001,328,2029,0.312
Cuba,PWRWND001,328,2030,0.312
Cuba,PWRWND001,328,2031,0.312
Cuba,PWRWND001,328,2032,0.312
Cuba,PWRWND001,328,2033,0.312
Cuba,PWRWND001,328,2034,0.312
Cuba,PWRWND001,328,2035,0.312
Cuba,PWRWND001,328,2036,0.312
Cuba,PWRWND001,328,2037,0.312
Cuba,PWRWND001,328,2038,0.312
Cuba,PWRWND001,328,2039,0.312
Cuba,PWRWND001,328,2040,0.312
Cuba,PWRWND001,328,2041,0.312
Cuba,PWRWND001,328,2042,0.312
Cuba,PWRWND001,328,2043,0.312
Cuba,PWRWND001,328,2044,0.312
Cuba,PWRWND001,328,2045,0.312
Cuba,PWRWND001,328,2046,0.312
Cuba,PWRWND001,328,2047,0.312
Cuba,PWRWND001,328,2048,0.312
Cuba,PWRWND001,328,2049,0.312
Cuba,PWRWND001,328,2050,0.312
Cuba,PWRWND001,328,2051,0.312
Cuba,PWRWND001,328,2052,0.312
Cuba,PWRWND001,328,2053,0.312
Cuba,PWRWND001,328,2054,0.312
Cuba,PWRWND001,328,2055,0.312
Cuba,PWRWND001,411,2019,0.258
Cuba,PWRWND001,411,2020,0.258
Cuba,PWRWND001,411,2021,0.258
Cuba,PWRWND001,411,2022,0.258
Cuba,PWRWND001,411,2023,0.258
Cuba,PWRWND001,411,2024,0.258
Cuba,PWRWND001,411,2025,0.258
Cuba,PWRWND001,411,2026,0.258
Cuba,PWRWND001,411,2027,0.258
Cuba,PWRWND001,411,2028,0.258
Cuba,PWRWND001,411,2029,0.258
Cuba,PWRWND001,411,2030,0.258
Cuba,PWRWND001,411,2031,0.258
Cuba,PWRWND001,411,2032,0.258
Cuba,PWRWND001,411,2033,0.258
Cuba,PWRWND001,411,2034,0.258
Cuba,PWRWND001,411,2035,0.258
Cuba,PWRWND001,411,2036,0.258
Cuba,PWRWND001,411,2037,0.258
Cuba,PWRWND001,411,2038,0.258
Cuba,PWRWND001,411,2039,0.258
Cuba,PWRWND001,411,2040,0.258
Cuba,PWRWND001,411,2041,0.258
Cuba,PWRWND001,411,2042,0.258
Cuba,PWRWND001,411,2043,0.258
Cuba,PWRWND001,411,2044,0.258
Cuba,PWRWND001,411,2045,0.258
Cuba,PWRWND001,411,2046,0.258
Cuba,PWRWND001,411,2047,0.258
Cuba,PWRWND001,411,2048,0.258
Cuba,PWRWND001,411,2049,0.258
Cuba,PWRWND001,411,2050,0.258
Cuba,PWRWND001,411,2051,0.258
Cuba,PWRWND001,411,2052,0.258
Cuba,PWRWND001,411,2053,0.258
Cuba,PWRWND001,411,2054,0.258
Cuba,PWRWND001,411,2055,0.258
Cuba,PWRWND001,412,2019,0.232
Cuba,PWRWND001,412,2020,0.232
Cuba,PWRWND001,412,2021,0.232
Cuba,PWRWND001,412,2022,0.232
Cuba,PWRWND001,412,2023,0.232
Cuba,PWRWND001,412,2024,0.232
Cuba,PWRWND001,412,2025,0.232
Cuba,PWRWND001,412,2026,0.232
Cuba,PWRWND001,412,2027,0.232
Cuba,PWRWND001,412,2028,0.232
Cuba,PWRWND001,412,2029,0.232
Cuba,PWRWND001,412,2030,0.232
Cuba,PWRWND001,412,2031,0.232
Cuba,PWRWND001,412,2032,0.232
Cuba,PWRWND001,412,2033,0.232
Cuba,PWRWND001,412,2034,0.232
Cuba,PWRWND001,412,2035,0.232
Cuba,PWRWND001,412,2036,0.232
Cuba,PWRWND001,412,2037,0.232
Cuba,PWRWND001,412,2038,0.232
Cuba,PWRWND001,412,2039,0.232
Cuba,PWRWND001,412,2040,0.232
Cuba,PWRWND001,412,2041,0.232
Cuba,PWRWND001,412,2042,0.232
Cuba,PWRWND001,412,2043,0.232
Cuba,PWRWND001,412,2044,0.232
Cuba,PWRWND001,412,2045,0.232
Cuba,PWRWND001,412,2046,0.232
Cuba,PWRWND001,412,2047,0.232
Cuba,PWRWND001,412,2048,0.232
Cuba,PWRWND001,412,2049,0.232
Cuba,PWRWND001,412,2050,0.232
Cuba,PWRWND001,412,2051,0.232
Cuba,PWRWND001,412,2052,0.232
Cuba,PWRWND001,412,2053,0.232
Cuba,PWRWND001,412,2054,0.232
Cuba,PWRWND001,412,2055,0.232
Cuba,PWRWND001,413,2019,0.209
Cuba,PWRWND001,413,2020,0.209
Cuba,PWRWND001,413,2021,0.209
Cuba,PWRWND001,413,2022,0.209
Cuba,PWRWND001,413,2023,0.209
Cuba,PWRWND001,413,2024,0.209
Cuba,PWRWND001,413,2025,0.209
Cuba,PWRWND001,413,2026,0.209
Cuba,PWRWND001,413,2027,0.209
Cuba,PWRWND001,413,2028,0.209
Cuba,PWRWND001,413,2029,0.209
Cuba,PWRWND001,413,2030,0.209
Cuba,PWRWND001,413,2031,0.209
Cuba,PWRWND001,413,2032,0.209
Cuba,PWRWND001,413,2033,0.209
Cuba,PWRWND001,413,2034,0.209
Cuba,PWRWND001,413,2035,0.209
Cuba,PWRWND001,413,2036,0.209
Cuba,PWRWND001,413,2037,0.209
Cuba,PWRWND001,413,2038,0.209
Cuba,PWRWND001,413,2039,0.209
Cuba,PWRWND001,413,2040,0.209
Cuba,PWRWND001,413,2041,0.209
Cuba,PWRWND001,413,2042,0.209
Cuba,PWRWND001,413,2043,0.209
Cuba,PWRWND001,413,2044,0.209
Cuba,PWRWND001,413,2045,0.209
Cuba,PWRWND001,413,2046,0.209
Cuba,PWRWND001,413,2047,0.209
Cuba,PWRWND001,413,2048,0.209
Cuba,PWRWND001,413,2049,0.209
Cuba,PWRWND001,413,2050,0.209
Cuba,PWRWND001,413,2051,0.209
Cuba,PWRWND001,413,2052,0.209
Cuba,PWRWND001,413,2053,0.209
Cuba,PWRWND001,413,2054,0.209
Cuba,PWRWND001,413,2055,0.209
Cuba,PWRWND001,414,2019,0.181
Cuba,PWRWND001,414,2020,0.181
Cuba,PWRWND001,414,2021,0.181
Cuba,PWRWND001,414,2022,0.181
Cuba,PWRWND001,414,2023,0.181
Cuba,PWRWND001,414,2024,0.181
Cuba,PWRWND001,414,2025,0.181
Cuba,PWRWND001,414,2026,0.181
Cuba,PWRWND001,414,2027,0.181
Cuba,PWRWND001,414,2028,0.181
Cuba,PWRWND001,414,2029,0.181
Cuba,PWRWND001,414,2030,0.181
Cuba,PWRWND001,414,2031,0.181
Cuba,PWRWND001,414,2032,0.181
Cuba,PWRWND001,414,2033,0.181
Cuba,PWRWND001,414,2034,0.181
Cuba,PWRWND001,414,2035,0.181
Cuba,PWRWND001,414,2036,0.181
Cuba,PWRWND001,414,2037,0.181
Cuba,PWRWND001,414,2038,0.181
Cuba,PWRWND001,414,2039,0.181
Cuba,PWRWND001,414,2040,0.181
Cuba,PWRWND001,414,2041,0.181
Cuba,PWRWND001,414,2042,0.181
Cuba,PWRWND001,414,2043,0.181
Cuba,PWRWND001,414,2044,0.181
Cuba,PWRWND001,414,2045,0.181
Cuba,PWRWND001,414,2046,0.181
Cuba,PWRWND001,414,2047,0.181
Cuba,PWRWND001,414,2048,0.181
Cuba,PWRWND001,414,2049,0.181
Cuba,PWRWND001,414,2050,0.181
Cuba,PWRWND001,414,2051,0.181
Cuba,PWRWND001,414,2052,0.181
Cuba,PWRWND001,414,2053,0.181
Cuba,PWRWND001,414,2054,0.181
Cuba,PWRWND001,414,2055,0.181
Cuba,PWRWND001,415,2019,0.198
Cuba,PWRWND001,415,2020,0.198
Cuba,PWRWND001,415,2021,0.198
Cuba,PWRWND001,415,2022,0.198
Cuba,PWRWND001,415,2023,0.198
Cuba,PWRWND001,415,2024,0.198
Cuba,PWRWND001,415,2025,0.198
Cuba,PWRWND001,415,2026,0.198
Cuba,PWRWND001,415,2027,0.198
Cuba,PWRWND001,415,2028,0.198
Cuba,PWRWND001,415,2029,0.198
Cuba,PWRWND001,415,2030,0.198
Cuba,PWRWND001,415,2031,0.198
Cuba,PWRWND001,415,2032,0.198
Cuba,PWRWND001,415,2033,0.198
Cuba,PWRWND001,415,2034,0.198
Cuba,PWRWND001,415,2035,0.198
Cuba,PWRWND001,415,2036,0.198
Cuba,PWRWND001,415,2037,0.198
Cuba,PWRWND001,415,2038,0.198
Cuba,PWRWND001,415,2039,0.198
Cuba,PWRWND001,415,2040,0.198
Cuba,PWRWND001,415,2041,0.198
Cuba,PWRWND001,415,2042,0.198
Cuba,PWRWND001,415,2043,0.198
Cuba,PWRWND001,415,2044,0.198
Cuba,PWRWND001,415,2045,0.198
Cuba,PWRWND001,415,2046,0.198
Cuba,PWRWND001,415,2047,0.198
Cuba,PWRWND001,415,2048,0.198
Cuba,PWRWND001,415,2049,0.198
Cuba,PWRWND001,415,2050,0.198
Cuba,PWRWND001,415,2051,0.198
Cuba,PWRWND001,415,2052,0.198
Cuba,PWRWND001,415,2053,0.198
Cuba,PWRWND001,415,2054,0.198
Cuba,PWRWND001,415,2055,0.198
Cuba,PWRWND001,416,2019,0.196
Cuba,PWRWND001,416,2020,0.196
Cuba,PWRWND001,416,2021,0.196
Cuba,PWRWND001,416,2022,0.196
Cuba,PWRWND001,416,2023,0.196
Cuba,PWRWND001,416,2024,0.196
Cuba,PWRWND001,416,2025,0.196
Cuba,PWRWND001,416,2026,0.196
Cuba,PWRWND001,416,2027,0.196
Cuba,PWRWND001,416,2028,0.196
Cuba,PWRWND001,416,2029,0.196
Cuba,PWRWND001,416,2030,0.196
Cuba,PWRWND001,416,2031,0.196
Cuba,PWRWND001,416,2032,0.196
Cuba,PWRWND001,416,2033,0.196
Cuba,PWRWND001,416,2034,0.196
Cuba,PWRWND001,416,2035,0.196
Cuba,PWRWND001,416,2036,0.196
Cuba,PWRWND001,416,2037,0.196
Cuba,PWRWND001,416,2038,0.196
Cuba,PWRWND001,416,2039,0.196
Cuba,PWRWND001,416,2040,0.196
Cuba,PWRWND001,416,2041,0.196
Cuba,PWRWND001,416,2042,0.196
Cuba,PWRWND001,416,2043,0.196
Cuba,PWRWND001,416,2044,0.196
Cuba,PWRWND001,416,2045,0.196
Cuba,PWRWND001,416,2046,0.196
Cuba,PWRWND001,416,2047,0.196
Cuba,PWRWND001,416,2048,0.196
Cuba,PWRWND001,416,2049,0.196
Cuba,PWRWND001,416,2050,0.196
Cuba,PWRWND001,416,2051,0.196
Cuba,PWRWND001,416,2052,0.196
Cuba,PWRWND001,416,2053,0.196
Cuba,PWRWND001,416,2054,0.196
Cuba,PWRWND001,416,2055,0.196
Cuba,PWRWND001,417,2019,0.224
Cuba,PWRWND001,417,2020,0.224
Cuba,PWRWND001,417,2021,0.224
Cuba,PWRWND001,417,2022,0.224
Cuba,PWRWND001,417,2023,0.224
Cuba,PWRWND001,417,2024,0.224
Cuba,PWRWND001,417,2025,0.224
Cuba,PWRWND001,417,2026,0.224
Cuba,PWRWND001,417,2027,0.224
Cuba,PWRWND001,417,2028,0.224
Cuba,PWRWND001,417,2029,0.224
Cuba,PWRWND001,417,2030,0.224
Cuba,PWRWND001,417,2031,0.224
Cuba,PWRWND001,417,2032,0.224
Cuba,PWRWND001,417,2033,0.224
Cuba,PWRWND001,417,2034,0.224
Cuba,PWRWND001,417,2035,0.224
Cuba,PWRWND001,417,2036,0.224
Cuba,PWRWND001,417,2037,0.224
Cuba,PWRWND001,417,2038,0.224
Cuba,PWRWND001,417,2039,0.224
Cuba,PWRWND001,417,2040,0.224
Cuba,PWRWND001,417,2041,0.224
Cuba,PWRWND001,417,2042,0.224
Cuba,PWRWND001,417,2043,0.224
Cuba,PWRWND001,417,2044,0.224
Cuba,PWRWND001,417,2045,0.224
Cuba,PWRWND001,417,2046,0.224
Cuba,PWRWND001,417,2047,0.224
Cuba,PWRWND001,417,2048,0.224
Cuba,PWRWND001,417,2049,0.224
Cuba,PWRWND001,417,2050,0.224
Cuba,PWRWND001,417,2051,0.224
Cuba,PWRWND001,417,2052,0.224
Cuba,PWRWND001,417,2053,0.224
Cuba,PWRWND001,417,2054,0.224
Cuba,PWRWND001,417,2055,0.224
Cuba,PWRWND001,418,2019,0.254
Cuba,PWRWND001,418,2020,0.254
Cuba,PWRWND001,418,2021,0.254
Cuba,PWRWND001,418,2022,0.254
Cuba,PWRWND001,418,2023,0.254
Cuba,PWRWND001,418,2024,0.254
Cuba,PWRWND001,418,2025,0.254
Cuba,PWRWND001,418,2026,0.254
Cuba,PWRWND001,418,2027,0.254
Cuba,PWRWND001,418,2028,0.254
Cuba,PWRWND001,418,2029,0.254
Cuba,PWRWND001,418,2030,0.254
Cuba,PWRWND001,418,2031,0.254
Cuba,PWRWND001,418,2032,0.254
Cuba,PWRWND001,418,2033,0.254
Cuba,PWRWND001,418,2034,0.254
Cuba,PWRWND001,418,2035,0.254
Cuba,PWRWND001,418,2036,0.254
Cuba,PWRWND001,418,2037,0.254
Cuba,PWRWND001,418,2038,0.254
Cuba,PWRWND001,418,2039,0.254
Cuba,PWRWND001,418,2040,0.254
Cuba,PWRWND001,418,2041,0.254
Cuba,PWRWND001,418,2042,0.254
Cuba,PWRWND001,418,2043,0.254
Cuba,PWRWND001,418,2044,0.254
Cuba,PWRWND001,418,2045,0.254
Cuba,PWRWND001,418,2046,0.254
Cuba,PWRWND001,418,2047,0.254
Cuba,PWRWND001,418,2048,0.254
Cuba,PWRWND001,418,2049,0.254
Cuba,PWRWND001,418,2050,0.254
Cuba,PWRWND001,418,2051,0.254
Cuba,PWRWND001,418,2052,0.254
Cuba,PWRWND001,418,2053,0.254
Cuba,PWRWND001,418,2054,0.254
Cuba,PWRWND001,418,2055,0.254
Cuba,PWRWND001,421,2019,0.248
Cuba,PWRWND001,421,2020,0.248
Cuba,PWRWND001,421,2021,0.248
Cuba,PWRWND001,421,2022,0.248
Cuba,PWRWND001,421,2023,0.248
Cuba,PWRWND001,421,2024,0.248
Cuba,PWRWND001,421,2025,0.248
Cuba,PWRWND001,421,2026,0.248
Cuba,PWRWND001,421,2027,0.248
Cuba,PWRWND001,421,2028,0.248
Cuba,PWRWND001,421,2029,0.248
Cuba,PWRWND001,421,2030,0.248
Cuba,PWRWND001,421,2031,0.248
Cuba,PWRWND001,421,2032,0.248
Cuba,PWRWND001,421,2033,0.248
Cuba,PWRWND001,421,2034,0.248
Cuba,PWRWND001,421,2035,0.248
Cuba,PWRWND001,421,2036,0.248
Cuba,PWRWND001,421,2037,0.248
Cuba,PWRWND001,421,2038,0.248
Cuba,PWRWND001,421,2039,0.248
Cuba,PWRWND001,421,2040,0.248
Cuba,PWRWND001,421,2041,0.248
Cuba,PWRWND001,421,2042,0.248
Cuba,PWRWND001,421,2043,0.248
Cuba,PWRWND001,421,2044,0.248
Cuba,PWRWND001,421,2045,0.248
Cuba,PWRWND001,421,2046,0.248
Cuba,PWRWND001,421,2047,0.248
Cuba,PWRWND001,421,2048,0.248
Cuba,PWRWND001,421,2049,0.248
Cuba,PWRWND001,421,2050,0.248
Cuba,PWRWND001,421,2051,0.248
Cuba,PWRWND001,421,2052,0.248
Cuba,PWRWND001,421,2053,0.248
Cuba,PWRWND001,421,2054,0.248
Cuba,PWRWND001,421,2055,0.248
Cuba,PWRWND001,422,2019,0.243
Cuba,PWRWND001,422,2020,0.243
Cuba,PWRWND001,422,2021,0.243
Cuba,PWRWND001,422,2022,0.243
Cuba,PWRWND001,422,2023,0.243
Cuba,PWRWND001,422,2024,0.243
Cuba,PWRWND001,422,2025,0.243
Cuba,PWRWND001,422,2026,0.243
Cuba,PWRWND001,422,2027,0.243
Cuba,PWRWND001,422,2028,0.243
Cuba,PWRWND001,422,2029,0.243
Cuba,PWRWND001,422,2030,0.243
Cuba,PWRWND001,422,2031,0.243
Cuba,PWRWND001,422,2032,0.243
Cuba,PWRWND001,422,2033,0.243
Cuba,PWRWND001,422,2034,0.243
Cuba,PWRWND001,422,2035,0.243
Cuba,PWRWND001,422,2036,0.243
Cuba,PWRWND001,422,2037,0.243
Cuba,PWRWND001,422,2038,0.243
Cuba,PWRWND001,422,2039,0.243
Cuba,PWRWND001,422,2040,0.243
Cuba,PWRWND001,422,2041,0.243
Cuba,PWRWND001,422,2042,0.243
Cuba,PWRWND001,422,2043,0.243
Cuba,PWRWND001,422,2044,0.243
Cuba,PWRWND001,422,2045,0.243
Cuba,PWRWND001,422,2046,0.243
Cuba,PWRWND001,422,2047,0.243
Cuba,PWRWND001,422,2048,0.243
Cuba,PWRWND001,422,2049,0.243
Cuba,PWRWND001,422,2050,0.243
Cuba,PWRWND001,422,2051,0.243
Cuba,PWRWND001,422,2052,0.243
Cuba,PWRWND001,422,2053,0.243
Cuba,PWRWND001,422,2054,0.243
Cuba,PWRWND001,422,2055,0.243
Cuba,PWRWND001,423,2019,0.196
Cuba,PWRWND001,423,2020,0.196
Cuba,PWRWND001,423,2021,0.196
Cuba,PWRWND001,423,2022,0.196
Cuba,PWRWND001,423,2023,0.196
Cuba,PWRWND001,423,2024,0.196
Cuba,PWRWND001,423,2025,0.196
Cuba,PWRWND001,423,2026,0.196
Cuba,PWRWND001,423,2027,0.196
Cuba,PWRWND001,423,2028,0.196
Cuba,PWRWND001,423,2029,0.196
Cuba,PWRWND001,423,2030,0.196
Cuba,PWRWND001,423,2031,0.196
Cuba,PWRWND001,423,2032,0.196
Cuba,PWRWND001,423,2033,0.196
Cuba,PWRWND001,423,2034,0.196
Cuba,PWRWND001,423,2035,0.196
Cuba,PWRWND001,423,2036,0.196
Cuba,PWRWND001,423,2037,0.196
Cuba,PWRWND001,423,2038,0.196
Cuba,PWRWND001,423,2039,0.196
Cuba,PWRWND001,423,2040,0.196
Cuba,PWRWND001,423,2041,0.196
Cuba,PWRWND001,423,2042,0.196
Cuba,PWRWND001,423,2043,0.196
Cuba,PWRWND001,423,2044,0.196
Cuba,PWRWND001,423,2045,0.196
Cuba,PWRWND001,423,2046,0.196
Cuba,PWRWND001,423,2047,0.196
Cuba,PWRWND001,423,2048,0.196
Cuba,PWRWND001,423,2049,0.196
Cuba,PWRWND001,423,2050,0.196
Cuba,PWRWND001,423,2051,0.196
Cuba,PWRWND001,423,2052,0.196
Cuba,PWRWND001,423,2053,0.196
Cuba,PWRWND001,423,2054,0.196
Cuba,PWRWND001,423,2055,0.196
Cuba,PWRWND001,424,2019,0.187
Cuba,PWRWND001,424,2020,0.187
Cuba,PWRWND001,424,2021,0.187
Cuba,PWRWND001,424,2022,0.187
Cuba,PWRWND001,424,2023,0.187
Cuba,PWRWND001,424,2024,0.187
Cuba,PWRWND001,424,2025,0.187
Cuba,PWRWND001,424,2026,0.187
Cuba,PWRWND001,424,2027,0.187
Cuba,PWRWND001,424,2028,0.187
Cuba,PWRWND001,424,2029,0.187
Cuba,PWRWND001,424,2030,0.187
Cuba,PWRWND001,424,2031,0.187
Cuba,PWRWND001,424,2032,0.187
Cuba,PWRWND001,424,2033,0.187
Cuba,PWRWND001,424,2034,0.187
Cuba,PWRWND001,424,2035,0.187
Cuba,PWRWND001,424,2036,0.187
Cuba,PWRWND001,424,2037,0.187
Cuba,PWRWND001,424,2038,0.187
Cuba,PWRWND001,424,2039,0.187
Cuba,PWRWND001,424,2040,0.187
Cuba,PWRWND001,424,2041,0.187
Cuba,PWRWND001,424,2042,0.187
Cuba,PWRWND001,424,2043,0.187
Cuba,PWRWND001,424,2044,0.187
Cuba,PWRWND001,424,2045,0.187
Cuba,PWRWND001,424,2046,0.187
Cuba,PWRWND001,424,2047,0.187
Cuba,PWRWND001,424,2048,0.187
Cuba,PWRWND001,424,2049,0.187
Cuba,PWRWND001,424,2050,0.187
Cuba,PWRWND001,424,2051,0.187
Cuba,PWRWND001,424,2052,0.187
Cuba,PWRWND001,424,2053,0.187
Cuba,PWRWND001,424,2054,0.187
Cuba,PWRWND001,424,2055,0.187
Cuba,PWRWND001,425,2019,0.175
Cuba,PWRWND001,425,2020,0.175
Cuba,PWRWND001,425,2021,0.175
Cuba,PWRWND001,425,2022,0.175
Cuba,PWRWND001,425,2023,0.175
Cuba,PWRWND001,425,2024,0.175
Cuba,PWRWND001,425,2025,0.175
Cuba,PWRWND001,425,2026,0.175
Cuba,PWRWND001,425,2027,0.175
Cuba,PWRWND001,425,2028,0.175
Cuba,PWRWND001,425,2029,0.175
Cuba,PWRWND001,425,2030,0.175
Cuba,PWRWND001,425,2031,0.175
Cuba,PWRWND001,425,2032,0.175
Cuba,PWRWND001,425,2033,0.175
Cuba,PWRWND001,425,2034,0.175
Cuba,PWRWND001,425,2035,0.175
Cuba,PWRWND001,425,2036,0.175
Cuba,PWRWND001,425,2037,0.175
Cuba,PWRWND001,425,2038,0.175
Cuba,PWRWND001,425,2039,0.175
Cuba,PWRWND001,425,2040,0.175
Cuba,PWRWND001,425,2041,0.175
Cuba,PWRWND001,425,2042,0.175
Cuba,PWRWND001,425,2043,0.175
Cuba,PWRWND001,425,2044,0.175
Cuba,PWRWND001,425,2045,0.175
Cuba,PWRWND001,425,2046,0.175
Cuba,PWRWND001,425,2047,0.175
Cuba,PWRWND001,425,2048,0.175
Cuba,PWRWND001,425,2049,0.175
Cuba,PWRWND001,425,2050,0.175
Cuba,PWRWND001,425,2051,0.175
Cuba,PWRWND001,425,2052,0.175
Cuba,PWRWND001,425,2053,0.175
Cuba,PWRWND001,425,2054,0.175
Cuba,PWRWND001,425,2055,0.175
Cuba,PWRWND001,426,2019,0.185
Cuba,PWRWND001,426,2020,0.185
Cuba,PWRWND001,426,2021,0.185
Cuba,PWRWND001,426,2022,0.185
Cuba,PWRWND001,426,2023,0.185
Cuba,PWRWND001,426,2024,0.185
Cuba,PWRWND001,426,2025,0.185
Cuba,PWRWND001,426,2026,0.185
Cuba,PWRWND001,426,2027,0.185
Cuba,PWRWND001,426,2028,0.185
Cuba,PWRWND001,426,2029,0.185
Cuba,PWRWND001,426,2030,0.185
Cuba,PWRWND001,426,2031,0.185
Cuba,PWRWND001,426,2032,0.185
Cuba,PWRWND001,426,2033,0.185
Cuba,PWRWND001,426,2034,0.185
Cuba,PWRWND001,426,2035,0.185
Cuba,PWRWND001,426,2036,0.185
Cuba,PWRWND001,426,2037,0.185
Cuba,PWRWND001,426,2038,0.185
Cuba,PWRWND001,426,2039,0.185
Cuba,PWRWND001,426,2040,0.185
Cuba,PWRWND001,426,2041,0.185
Cuba,PWRWND001,426,2042,0.185
Cuba,PWRWND001,426,2043,0.185
Cuba,PWRWND001,426,2044,0.185
Cuba,PWRWND001,426,2045,0.185
Cuba,PWRWND001,426,2046,0.185
Cuba,PWRWND001,426,2047,0.185
Cuba,PWRWND001,426,2048,0.185
Cuba,PWRWND001,426,2049,0.185
Cuba,PWRWND001,426,2050,0.185
Cuba,PWRWND001,426,2051,0.185
Cuba,PWRWND001,426,2052,0.185
Cuba,PWRWND001,426,2053,0.185
Cuba,PWRWND001,426,2054,0.185
Cuba,PWRWND001,426,2055,0.185
Cuba,PWRWND001,427,2019,0.217
Cuba,PWRWND001,427,2020,0.217
Cuba,PWRWND001,427,2021,0.217
Cuba,PWRWND001,427,2022,0.217
Cuba,PWRWND001,427,2023,0.217
Cuba,PWRWND001,427,2024,0.217
Cuba,PWRWND001,427,2025,0.217
Cuba,PWRWND001,427,2026,0.217
Cuba,PWRWND001,427,2027,0.217
Cuba,PWRWND001,427,2028,0.217
Cuba,PWRWND001,427,2029,0.217
Cuba,PWRWND001,427,2030,0.217
Cuba,PWRWND001,427,2031,0.217
Cuba,PWRWND001,427,2032,0.217
Cuba,PWRWND001,427,2033,0.217
Cuba,PWRWND001,427,2034,0.217
Cuba,PWRWND001,427,2035,0.217
Cuba,PWRWND001,427,2036,0.217
Cuba,PWRWND001,427,2037,0.217
Cuba,PWRWND001,427,2038,0.217
Cuba,PWRWND001,427,2039,0.217
Cuba,PWRWND001,427,2040,0.217
Cuba,PWRWND001,427,2041,0.217
Cuba,PWRWND001,427,2042,0.217
Cuba,PWRWND001,427,2043,0.217
Cuba,PWRWND001,427,2044,0.217
Cuba,PWRWND001,427,2045,0.217
Cuba,PWRWND001,427,2046,0.217
Cuba,PWRWND001,427,2047,0.217
Cuba,PWRWND001,427,2048,0.217
Cuba,PWRWND001,427,2049,0.217
Cuba,PWRWND001,427,2050,0.217
Cuba,PWRWND001,427,2051,0.217
Cuba,PWRWND001,427,2052,0.217
Cuba,PWRWND001,427,2053,0.217
Cuba,PWRWND001,427,2054,0.217
Cuba,PWRWND001,427,2055,0.217
Cuba,PWRWND001,428,2019,0.267
Cuba,PWRWND001,428,2020,0.267
Cuba,PWRWND001,428,2021,0.267
Cuba,PWRWND001,428,2022,0.267
Cuba,PWRWND001,428,2023,0.267
Cuba,PWRWND001,428,2024,0.267
Cuba,PWRWND001,428,2025,0.267
Cuba,PWRWND001,428,2026,0.267
Cuba,PWRWND001,428,2027,0.267
Cuba,PWRWND001,428,2028,0.267
Cuba,PWRWND001,428,2029,0.267
Cuba,PWRWND001,428,2030,0.267
Cuba,PWRWND001,428,2031,0.267
Cuba,PWRWND001,428,2032,0.267
Cuba,PWRWND001,428,2033,0.267
Cuba,PWRWND001,428,2034,0.267
Cuba,PWRWND001,428,2035,0.267
Cuba,PWRWND001,428,2036,0.267
Cuba,PWRWND001,428,2037,0.267
Cuba,PWRWND001,428,2038,0.267
Cuba,PWRWND001,428,2039,0.267
Cuba,PWRWND001,428,2040,0.267
Cuba,PWRWND001,428,2041,0.267
Cuba,PWRWND001,428,2042,0.267
Cuba,PWRWND001,428,2043,0.267
Cuba,PWRWND001,428,2044,0.267
Cuba,PWRWND001,428,2045,0.267
Cuba,PWRWND001,428,2046,0.267
Cuba,PWRWND001,428,2047,0.267
Cuba,PWRWND001,428,2048,0.267
Cuba,PWRWND001,428,2049,0.267
Cuba,PWRWND001,428,2050,0.267
Cuba,PWRWND001,428,2051,0.267
Cuba,PWRWND001,428,2052,0.267
Cuba,PWRWND001,428,2053,0.267
Cuba,PWRWND001,428,2054,0.267
Cuba,PWRWND001,428,2055,0.267
Cuba,PWRPV01,111,2019,0.0
Cuba,PWRPV01,111,2020,0.0
Cuba,PWRPV01,111,2021,0.0
Cuba,PWRPV01,111,2022,0.0
Cuba,PWRPV01,111,2023,0.0
Cuba,PWRPV01,111,2024,0.0
Cuba,PWRPV01,111,2025,0.0
Cuba,PWRPV01,111,2026,0.0
Cuba,PWRPV01,111,2027,0.0
Cuba,PWRPV01,111,2028,0.0
Cuba,PWRPV01,111,2029,0.0
Cuba,PWRPV01,111,2030,0.0
Cuba,PWRPV01,111,2031,0.0
Cuba,PWRPV01,111,2032,0.0
Cuba,PWRPV01,111,2033,0.0
Cuba,PWRPV01,111,2034,0.0
Cuba,PWRPV01,111,2035,0.0
Cuba,PWRPV01,111,2036,0.0
Cuba,PWRPV01,111,2037,0.0
Cuba,PWRPV01,111,2038,0.0
Cuba,PWRPV01,111,2039,0.0
Cuba,PWRPV01,111,2040,0.0
Cuba,PWRPV01,111,2041,0.0
Cuba,PWRPV01,111,2042,0.0
Cuba,PWRPV01,111,2043,0.0
Cuba,PWRPV01,111,2044,0.0
Cuba,PWRPV01,111,2045,0.0
Cuba,PWRPV01,111,2046,0.0
Cuba,PWRPV01,111,2047,0.0
Cuba,PWRPV01,111,2048,0.0
Cuba,PWRPV01,111,2049,0.0
Cuba,PWRPV01,111,2050,0.0
Cuba,PWRPV01,111,2051,0.0
Cuba,PWRPV01,111,2052,0.0
Cuba,PWRPV01,111,2053,0.0
Cuba,PWRPV01,111,2054,0.0
Cuba,PWRPV01,111,2055,0.0
Cuba,PWRPV01,112,2019,0.0
Cuba,PWRPV01,112,2020,0.0
Cuba,PWRPV01,112,2021,0.0
Cuba,PWRPV01,112,2022,0.0
Cuba,PWRPV01,112,2023,0.0
Cuba,PWRPV01,112,2024,0.0
Cuba,PWRPV01,112,2025,0.0
Cuba,PWRPV01,112,2026,0.0
Cuba,PWRPV01,112,2027,0.0
Cuba,PWRPV01,112,2028,0.0
Cuba,PWRPV01,112,2029,0.0
Cuba,PWRPV01,112,2030,0.0
Cuba,PWRPV01,112,2031,0.0
Cuba,PWRPV01,112,2032,0.0
Cuba,PWRPV01,112,2033,0.0
Cuba,PWRPV01,112,2034,0.0
Cuba,PWRPV01,112,2035,0.0
Cuba,PWRPV01,112,2036,0.0
Cuba,PWRPV01,112,2037,0.0
Cuba,PWRPV01,112,2038,0.0
Cuba,PWRPV01,112,2039,0.0
Cuba,PWRPV01,112,2040,0.0
Cuba,PWRPV01,112,2041,0.0
Cuba,PWRPV01,112,2042,0.0
Cuba,PWRPV01,112,2043,0.0
Cuba,PWRPV01,112,2044,0.0
Cuba,PWRPV01,112,2045,0.0
Cuba,PWRPV01,112,2046,0.0
Cuba,PWRPV01,112,2047,0.0
Cuba,PWRPV01,112,2048,0.0
Cuba,PWRPV01,112,2049,0.0
Cuba,PWRPV01,112,2050,0.0
Cuba,PWRPV01,112,2051,0.0
Cuba,PWRPV01,112,2052,0.0
Cuba,PWRPV01,112,2053,0.0
Cuba,PWRPV01,112,2054,0.0
Cuba,PWRPV01,112,2055,0.0
Cuba,PWRPV01,113,2019,0.0
Cuba,PWRPV01,113,2020,0.0
Cuba,PWRPV01,113,2021,0.0
Cuba,PWRPV01,113,2022,0.0
Cuba,PWRPV01,113,2023,0.0
Cuba,PWRPV01,113,2024,0.0
Cuba,PWRPV01,113,2025,0.0
Cuba,PWRPV01,113,2026,0.0
Cuba,PWRPV01,113,2027,0.0
Cuba,PWRPV01,113,2028,0.0
Cuba,PWRPV01,113,2029,0.0
Cuba,PWRPV01,113,2030,0.0
Cuba,PWRPV01,113,2031,0.0
Cuba,PWRPV01,113,2032,0.0
Cuba,PWRPV01,113,2033,0.0
Cuba,PWRPV01,113,2034,0.0
Cuba,PWRPV01,113,2035,0.0
Cuba,PWRPV01,113,2036,0.0
Cuba,PWRPV01,113,2037,0.0
Cuba,PWRPV01,113,2038,0.0
Cuba,PWRPV01,113,2039,0.0
Cuba,PWRPV01,113,2040,0.0
Cuba,PWRPV01,113,2041,0.0
Cuba,PWRPV01,113,2042,0.0
Cuba,PWRPV01,113,2043,0.0
Cuba,PWRPV01,113,2044,0.0
Cuba,PWRPV01,113,2045,0.0
Cuba,PWRPV01,113,2046,0.0
Cuba,PWRPV01,113,2047,0.0
Cuba,PWRPV01,113,2048,0.0
Cuba,PWRPV01,113,2049,0.0
Cuba,PWRPV01,113,2050,0.0
Cuba,PWRPV01,113,2051,0.0
Cuba,PWRPV01,113,2052,0.0
Cuba,PWRPV01,113,2053,0.0
Cuba,PWRPV01,113,2054,0.0
Cuba,PWRPV01,113,2055,0.0
Cuba,PWRPV01,114,2019,0.147
Cuba,PWRPV01,114,2020,0.147
Cuba,PWRPV01,114,2021,0.147
Cuba,PWRPV01,114,2022,0.147
Cuba,PWRPV01,114,2023,0.147
Cuba,PWRPV01,114,2024,0.147
Cuba,PWRPV01,114,2025,0.147
Cuba,PWRPV01,114,2026,0.147
Cuba,PWRPV01,114,2027,0.147
Cuba,PWRPV01,114,2028,0.147
Cuba,PWRPV01,114,2029,0.147
Cuba,PWRPV01,114,2030,0.147
Cuba,PWRPV01,114,2031,0.147
Cuba,PWRPV01,114,2032,0.147
Cuba,PWRPV01,114,2033,0.147
Cuba,PWRPV01,114,2034,0.147
Cuba,PWRPV01,114,2035,0.147
Cuba,PWRPV01,114,2036,0.147
Cuba,PWRPV01,114,2037,0.147
Cuba,PWRPV01,114,2038,0.147
Cuba,PWRPV01,114,2039,0.147
Cuba,PWRPV01,114,2040,0.147
Cuba,PWRPV01,114,2041,0.147
Cuba,PWRPV01,114,2042,0.147
Cuba,PWRPV01,114,2043,0.147
Cuba,PWRPV01,114,2044,0.147
Cuba,PWRPV01,114,2045,0.147
Cuba,PWRPV01,114,2046,0.147
Cuba,PWRPV01,114,2047,0.147
Cuba,PWRPV01,114,2048,0.147
Cuba,PWRPV01,114,2049,0.147
Cuba,PWRPV01,114,2050,0.147
Cuba,PWRPV01,114,2051,0.147
Cuba,PWRPV01,114,2052,0.147
Cuba,PWRPV01,114,2053,0.147
Cuba,PWRPV01,114,2054,0.147
Cuba,PWRPV01,114,2055,0.147
Cuba,PWRPV01,115,2019,0.481
Cuba,PWRPV01,115,2020,0.481
Cuba,PWRPV01,115,2021,0.481
Cuba,PWRPV01,115,2022,0.481
Cuba,PWRPV01,115,2023,0.481
Cuba,PWRPV01,115,2024,0.481
Cuba,PWRPV01,115,2025,0.481
Cuba,PWRPV01,115,2026,0.481
Cuba,PWRPV01,115,2027,0.481
Cuba,PWRPV01,115,2028,0.481
Cuba,PWRPV01,115,2029,0.481
Cuba,PWRPV01,115,2030,0.481
Cuba,PWRPV01,115,2031,0.481
Cuba,PWRPV01,115,2032,0.481
Cuba,PWRPV01,115,2033,0.481
Cuba,PWRPV01,115,2034,0.481
Cuba,PWRPV01,115,2035,0.481
Cuba,PWRPV01,115,2036,0.481
Cuba,PWRPV01,115,2037,0.481
Cuba,PWRPV01,115,2038,0.481
Cuba,PWRPV01,115,2039,0.481
Cuba,PWRPV01,115,2040,0.481
Cuba,PWRPV01,115,2041,0.481
Cuba,PWRPV01,115,2042,0.481
Cuba,PWRPV01,115,2043,0.481
Cuba,PWRPV01,115,2044,0.481
Cuba,PWRPV01,115,2045,0.481
Cuba,PWRPV01,115,2046,0.481
Cuba,PWRPV01,115,2047,0.481
Cuba,PWRPV01,115,2048,0.481
Cuba,PWRPV01,115,2049,0.481
Cuba,PWRPV01,115,2050,0.481
Cuba,PWRPV01,115,2051,0.481
Cuba,PWRPV01,115,2052,0.481
Cuba,PWRPV01,115,2053,0.481
Cuba,PWRPV01,115,2054,0.481
Cuba,PWRPV01,115,2055,0.481
Cuba,PWRPV01,116,2019,0.557
Cuba,PWRPV01,116,2020,0.557
Cuba,PWRPV01,116,2021,0.557
Cuba,PWRPV01,116,2022,0.557
Cuba,PWRPV01,116,2023,0.557
Cuba,PWRPV01,116,2024,0.557
Cuba,PWRPV01,116,2025,0.557
Cuba,PWRPV01,116,2026,0.557
Cuba,PWRPV01,116,2027,0.557
Cuba,PWRPV01,116,2028,0.557
Cuba,PWRPV01,116,2029,0.557
Cuba,PWRPV01,116,2030,0.557
Cuba,PWRPV01,116,2031,0.557
Cuba,PWRPV01,116,2032,0.557
Cuba,PWRPV01,116,2033,0.557
Cuba,PWRPV01,116,2034,0.557
Cuba,PWRPV01,116,2035,0.557
Cuba,PWRPV01,116,2036,0.557
Cuba,PWRPV01,116,2037,0.557
Cuba,PWRPV01,116,2038,0.557
Cuba,PWRPV01,116,2039,0.557
Cuba,PWRPV01,116,2040,0.557
Cuba,PWRPV01,116,2041,0.557
Cuba,PWRPV01,116,2042,0.557
Cuba,PWRPV01,116,2043,0.557
Cuba,PWRPV01,116,2044,0.557
Cuba,PWRPV01,116,2045,0.557
Cuba,PWRPV01,116,2046,0.557
Cuba,PWRPV01,116,2047,0.557
Cuba,PWRPV01,116,2048,0.557
Cuba,PWRPV01,116,2049,0.557
Cuba,PWRPV01,116,2050,0.557
Cuba,PWRPV01,116,2051,0.557
Cuba,PWRPV01,116,2052,0.557
Cuba,PWRPV01,116,2053,0.557
Cuba,PWRPV01,116,2054,0.557
Cuba,PWRPV01,116,2055,0.557
Cuba,PWRPV01,117,2019,0.4
Cuba,PWRPV01,117,2020,0.4
Cuba,PWRPV01,117,2021,0.4
Cuba,PWRPV01,117,2022,0.4
Cuba,PWRPV01,117,2023,0.4
Cuba,PWRPV01,117,2024,0.4
Cuba,PWRPV01,117,2025,0.4
Cuba,PWRPV01,117,2026,0.4
Cuba,PWRPV01,117,2027,0.4
Cuba,PWRPV01,117,2028,0.4
Cuba,PWRPV01,117,2029,0.4
Cuba,PWRPV01,117,2030,0.4
Cuba,PWRPV01,117,2031,0.4
Cuba,PWRPV01,117,2032,0.4
Cuba,PWRPV01,117,2033,0.4
Cuba,PWRPV01,117,2034,0.4
Cuba,PWRPV01,117,2035,0.4
Cuba,PWRPV01,117,2036,0.4
Cuba,PWRPV01,117,2037,0.4
Cuba,PWRPV01,117,2038,0.4
Cuba,PWRPV01,117,2039,0.4
Cuba,PWRPV01,117,2040,0.4
Cuba,PWRPV01,117,2041,0.4
Cuba,PWRPV01,117,2042,0.4
Cuba,PWRPV01,117,2043,0.4
Cuba,PWRPV01,117,2044,0.4
Cuba,PWRPV01,117,2045,0.4
Cuba,PWRPV01,117,2046,0.4
Cuba,PWRPV01,117,2047,0.4
Cuba,PWRPV01,117,2048,0.4
Cuba,PWRPV01,117,2049,0.4
Cuba,PWRPV01,117,2050,0.4
Cuba,PWRPV01,117,2051,0.4
Cuba,PWRPV01,117,2052,0.4
Cuba,PWRPV01,117,2053,0.4
Cuba,PWRPV01,117,2054,0.4
Cuba,PWRPV01,117,2055,0.4
Cuba,PWRPV01,118,2019,0.003
Cuba,PWRPV01,118,2020,0.003
Cuba,PWRPV01,118,2021,0.003
Cuba,PWRPV01,118,2022,0.003
Cuba,PWRPV01,118,2023,0.003
Cuba,PWRPV01,118,2024,0.003
Cuba,PWRPV01,118,2025,0.003
Cuba,PWRPV01,118,2026,0.003
Cuba,PWRPV01,118,2027,0.003
Cuba,PWRPV01,118,2028,0.003
Cuba,PWRPV01,118,2029,0.003
Cuba,PWRPV01,118,2030,0.003
Cuba,PWRPV01,118,2031,0.003
Cuba,PWRPV01,118,2032,0.003
Cuba,PWRPV01,118,2033,0.003
Cuba,PWRPV01,118,2034,0.003
Cuba,PWRPV01,118,2035,0.003
Cuba,PWRPV01,118,2036,0.003
Cuba,PWRPV01,118,2037,0.003
Cuba,PWRPV01,118,2038,0.003
Cuba,PWRPV01,118,2039,0.003
Cuba,PWRPV01,118,2040,0.003
Cuba,PWRPV01,118,2041,0.003
Cuba,PWRPV01,118,2042,0.003
Cuba,PWRPV01,118,2043,0.003
Cuba,PWRPV01,118,2044,0.003
Cuba,PWRPV01,118,2045,0.003
Cuba,PWRPV01,118,2046,0.003
Cuba,PWRPV01,118,2047,0.003
Cuba,PWRPV01,118,2048,0.003
Cuba,PWRPV01,118,2049,0.003
Cuba,PWRPV01,118,2050,0.003
Cuba,PWRPV01,118,2051,0.003
Cuba,PWRPV01,118,2052,0.003
Cuba,PWRPV01,118,2053,0.003
Cuba,PWRPV01,118,2054,0.003
Cuba,PWRPV01,118,2055,0.003
Cuba,PWRPV01,121,2019,0.0
Cuba,PWRPV01,121,2020,0.0
Cuba,PWRPV01,121,2021,0.0
Cuba,PWRPV01,121,2022,0.0
Cuba,PWRPV01,121,2023,0.0
Cuba,PWRPV01,121,2024,0.0
Cuba,PWRPV01,121,2025,0.0
Cuba,PWRPV01,121,2026,0.0
Cuba,PWRPV01,121,2027,0.0
Cuba,PWRPV01,121,2028,0.0
Cuba,PWRPV01,121,2029,0.0
Cuba,PWRPV01,121,2030,0.0
Cuba,PWRPV01,121,2031,0.0
Cuba,PWRPV01,121,2032,0.0
Cuba,PWRPV01,121,2033,0.0
Cuba,PWRPV01,121,2034,0.0
Cuba,PWRPV01,121,2035,0.0
Cuba,PWRPV01,121,2036,0.0
Cuba,PWRPV01,121,2037,0.0
Cuba,PWRPV01,121,2038,0.0
Cuba,PWRPV01,121,2039,0.0
Cuba,PWRPV01,121,2040,0.0
Cuba,PWRPV01,121,2041,0.0
Cuba,PWRPV01,121,2042,0.0
Cuba,PWRPV01,121,2043,0.0
Cuba,PWRPV01,121,2044,0.0
Cuba,PWRPV01,121,2045,0.0
Cuba,PWRPV01,121,2046,0.0
Cuba,PWRPV01,121,2047,0.0
Cuba,PWRPV01,121,2048,0.0
Cuba,PWRPV01,121,2049,0.0
Cuba,PWRPV01,121,2050,0.0
Cuba,PWRPV01,121,2051,0.0
Cuba,PWRPV01,121,2052,0.0
Cuba,PWRPV01,121,2053,0.0
Cuba,PWRPV01,121,2054,0.0
Cuba,PWRPV01,121,2055,0.0
Cuba,PWRPV01,122,2019,0.0
Cuba,PWRPV01,122,2020,0.0
Cuba,PWRPV01,122,2021,0.0
Cuba,PWRPV01,122,2022,0.0
Cuba,PWRPV01,122,2023,0.0
Cuba,PWRPV01,122,2024,0.0
Cuba,PWRPV01,122,2025,0.0
Cuba,PWRPV01,122,2026,0.0
Cuba,PWRPV01,122,2027,0.0
Cuba,PWRPV01,122,2028,0.0
Cuba,PWRPV01,122,2029,0.0
Cuba,PWRPV01,122,2030,0.0
Cuba,PWRPV01,122,2031,0.0
Cuba,PWRPV01,122,2032,0.0
Cuba,PWRPV01,122,2033,0.0
Cuba,PWRPV01,122,2034,0.0
Cuba,PWRPV01,122,2035,0.0
Cuba,PWRPV01,122,2036,0.0
Cuba,PWRPV01,122,2037,0.0
Cuba,PWRPV01,122,2038,0.0
Cuba,PWRPV01,122,2039,0.0
Cuba,PWRPV01,122,2040,0.0
Cuba,PWRPV01,122,2041,0.0
Cuba,PWRPV01,122,2042,0.0
Cuba,PWRPV01,122,2043,0.0
Cuba,PWRPV01,122,2044,0.0
Cuba,PWRPV01,122,2045,0.0
Cuba,PWRPV01,122,2046,0.0
Cuba,PWRPV01,122,2047,0.0
Cuba,PWRPV01,122,2048,0.0
Cuba,PWRPV01,122,2049,0.0
Cuba,PWRPV01,122,2050,0.0
Cuba,PWRPV01,122,2051,0.0
Cuba,PWRPV01,122,2052,0.0
Cuba,PWRPV01,122,2053,0.0
Cuba,PWRPV01,122,2054,0.0
Cuba,PWRPV01,122,2055,0.0
Cuba,PWRPV01,123,2019,0.0
Cuba,PWRPV01,123,2020,0.0
Cuba,PWRPV01,123,2021,0.0
Cuba,PWRPV01,123,2022,0.0
Cuba,PWRPV01,123,2023,0.0
Cuba,PWRPV01,123,2024,0.0
Cuba,PWRPV01,123,2025,0.0
Cuba,PWRPV01,123,2026,0.0
Cuba,PWRPV01,123,2027,0.0
Cuba,PWRPV01,123,2028,0.0
Cuba,PWRPV01,123,2029,0.0
Cuba,PWRPV01,123,2030,0.0
Cuba,PWRPV01,123,2031,0.0
Cuba,PWRPV01,123,2032,0.0
Cuba,PWRPV01,123,2033,0.0
Cuba,PWRPV01,123,2034,0.0
Cuba,PWRPV01,123,2035,0.0
Cuba,PWRPV01,123,2036,0.0
Cuba,PWRPV01,123,2037,0.0
Cuba,PWRPV01,123,2038,0.0
Cuba,PWRPV01,123,2039,0.0
Cuba,PWRPV01,123,2040,0.0
Cuba,PWRPV01,123,2041,0.0
Cuba,PWRPV01,123,2042,0.0
Cuba,PWRPV01,123,2043,0.0
Cuba,PWRPV01,123,2044,0.0
Cuba,PWRPV01,123,2045,0.0
Cuba,PWRPV01,123,2046,0.0
Cuba,PWRPV01,123,2047,0.0
Cuba,PWRPV01,123,2048,0.0
Cuba,PWRPV01,123,2049,0.0
Cuba,PWRPV01,123,2050,0.0
Cuba,PWRPV01,123,2051,0.0
Cuba,PWRPV01,123,2052,0.0
Cuba,PWRPV01,123,2053,0.0
Cuba,PWRPV01,123,2054,0.0
Cuba,PWRPV01,123,2055,0.0
Cuba,PWRPV01,124,2019,0.145
Cuba,PWRPV01,124,2020,0.145
Cuba,PWRPV01,124,2021,0.145
Cuba,PWRPV01,124,2022,0.145
Cuba,PWRPV01,124,2023,0.145
Cuba,PWRPV01,124,2024,0.145
Cuba,PWRPV01,124,2025,0.145
Cuba,PWRPV01,124,2026,0.145
Cuba,PWRPV01,124,2027,0.145
Cuba,PWRPV01,124,2028,0.145
Cuba,PWRPV01,124,2029,0.145
Cuba,PWRPV01,124,2030,0.145
Cuba,PWRPV01,124,2031,0.145
Cuba,PWRPV01,124,2032,0.145
Cuba,PWRPV01,124,2033,0.145
Cuba,PWRPV01,124,2034,0.145
Cuba,PWRPV01,124,2035,0.145
Cuba,PWRPV01,124,2036,0.145
Cuba,PWRPV01,124,2037,0.145
Cuba,PWRPV01,124,2038,0.145
Cuba,PWRPV01,124,2039,0.145
Cuba,PWRPV01,124,2040,0.145
Cuba,PWRPV01,124,2041,0.145
Cuba,PWRPV01,124,2042,0.145
Cuba,PWRPV01,124,2043,0.145
Cuba,PWRPV01,124,2044,0.145
Cuba,PWRPV01,124,2045,0.145
Cuba,PWRPV01,124,2046,0.145
Cuba,PWRPV01,124,2047,0.145
Cuba,PWRPV01,124,2048,0.145
Cuba,PWRPV01,124,2049,0.145
Cuba,PWRPV01,124,2050,0.145
Cuba,PWRPV01,124,2051,0.145
Cuba,PWRPV01,124,2052,0.145
Cuba,PWRPV01,124,2053,0.145
Cuba,PWRPV01,124,2054,0.145
Cuba,PWRPV01,124,2055,0.145
Cuba,PWRPV01,125,2019,0.484
Cuba,PWRPV01,125,2020,0.484
Cuba,PWRPV01,125,2021,0.484
Cuba,PWRPV01,125,2022,0.484
Cuba,PWRPV01,125,2023,0.484
Cuba,PWRPV01,125,2024,0.484
Cuba,PWRPV01,125,2025,0.484
Cuba,PWRPV01,125,2026,0.484
Cuba,PWRPV01,125,2027,0.484
Cuba,PWRPV01,125,2028,0.484
Cuba,PWRPV01,125,2029,0.484
Cuba,PWRPV01,125,2030,0.484
Cuba,PWRPV01,125,2031,0.484
Cuba,PWRPV01,125,2032,0.484
Cuba,PWRPV01,125,2033,0.484
Cuba,PWRPV01,125,2034,0.484
Cuba,PWRPV01,125,2035,0.484
Cuba,PWRPV01,125,2036,0.484
Cuba,PWRPV01,125,2037,0.484
Cuba,PWRPV01,125,2038,0.484
Cuba,PWRPV01,125,2039,0.484
Cuba,PWRPV01,125,2040,0.484
Cuba,PWRPV01,125,2041,0.484
Cuba,PWRPV01,125,2042,0.484
Cuba,PWRPV01,125,2043,0.484
Cuba,PWRPV01,125,2044,0.484
Cuba,PWRPV01,125,2045,0.484
Cuba,PWRPV01,125,2046,0.484
Cuba,PWRPV01,125,2047,0.484
Cuba,PWRPV01,125,2048,0.484
Cuba,PWRPV01,125,2049,0.484
Cuba,PWRPV01,125,2050,0.484
Cuba,PWRPV01,125,2051,0.484
Cuba,PWRPV01,125,2052,0.484
Cuba,PWRPV01,125,2053,0.484
Cuba,PWRPV01,125,2054,0.484
Cuba,PWRPV01,125,2055,0.484
Cuba,PWRPV01,126,2019,0.578
Cuba,PWRPV01,126,2020,0.578
Cuba,PWRPV01,126,2021,0.578
Cuba,PWRPV01,126,2022,0.578
Cuba,PWRPV01,126,2023,0.578
Cuba,PWRPV01,126,2024,0.578
Cuba,PWRPV01,126,2025,0.578
Cuba,PWRPV01,126,2026,0.578
Cuba,PWRPV01,126,2027,0.578
Cuba,PWRPV01,126,2028,0.578
Cuba,PWRPV01,126,2029,0.578
Cuba,PWRPV01,126,2030,0.578
Cuba,PWRPV01,126,2031,0.578
Cuba,PWRPV01,126,2032,0.578
Cuba,PWRPV01,126,2033,0.578
Cuba,PWRPV01,126,2034,0.578
Cuba,PWRPV01,126,2035,0.578
Cuba,PWRPV01,126,2036,0.578
Cuba,PWRPV01,126,2037,0.578
Cuba,PWRPV01,126,2038,0.578
Cuba,PWRPV01,126,2039,0.578
Cuba,PWRPV01,126,2040,0.578
Cuba,PWRPV01,126,2041,0.578
Cuba,PWRPV01,126,2042,0.578
Cuba,PWRPV01,126,2043,0.578
Cuba,PWRPV01,126,2044,0.578
Cuba,PWRPV01,126,2045,0.578
Cuba,PWRPV01,126,2046,0.578
Cuba,PWRPV01,126,2047,0.578
Cuba,PWRPV01,126,2048,0.578
Cuba,PWRPV01,126,2049,0.578
Cuba,PWRPV01,126,2050,0.578
Cuba,PWRPV01,126,2051,0.578
Cuba,PWRPV01,126,2052,0.578
Cuba,PWRPV01,126,2053,0.578
Cuba,PWRPV01,126,2054,0.578
Cuba,PWRPV01,126,2055,0.578
Cuba,PWRPV01,127,2019,0.409
Cuba,PWRPV01,127,2020,0.409
Cuba,PWRPV01,127,2021,0.409
Cuba,PWRPV01,127,2022,0.409
Cuba,PWRPV01,127,2023,0.409
Cuba,PWRPV01,127,2024,0.409
Cuba,PWRPV01,127,2025,0.409
Cuba,PWRPV01,127,2026,0.409
Cuba,PWRPV01,127,2027,0.409
Cuba,PWRPV01,127,2028,0.409
Cuba,PWRPV01,127,2029,0.409
Cuba,PWRPV01,127,2030,0.409
Cuba,PWRPV01,127,2031,0.409
Cuba,PWRPV01,127,2032,0.409
Cuba,PWRPV01,127,2033,0.409
Cuba,PWRPV01,127,2034,0.409
Cuba,PWRPV01,127,2035,0.409
Cuba,PWRPV01,127,2036,0.409
Cuba,PWRPV01,127,2037,0.409
Cuba,PWRPV01,127,2038,0.409
Cuba,PWRPV01,127,2039,0.409
Cuba,PWRPV01,127,2040,0.409
Cuba,PWRPV01,127,2041,0.409
Cuba,PWRPV01,127,2042,0.409
Cuba,PWRPV01,127,2043,0.409
Cuba,PWRPV01,127,2044,0.409
Cuba,PWRPV01,127,2045,0.409
Cuba,PWRPV01,127,2046,0.409
Cuba,PWRPV01,127,2047,0.409
Cuba,PWRPV01,127,2048,0.409
Cuba,PWRPV01,127,2049,0.409
Cuba,PWRPV01,127,2050,0.409
Cuba,PWRPV01,127,2051,0.409
Cuba,PWRPV01,127,2052,0.409
Cuba,PWRPV01,127,2053,0.409
Cuba,PWRPV01,127,2054,0.409
Cuba,PWRPV01,127,2055,0.409
Cuba,PWRPV01,128,2019,0.007
Cuba,PWRPV01,128,2020,0.007
Cuba,PWRPV01,128,2021,0.007
Cuba,PWRPV01,128,2022,0.007
Cuba,PWRPV01,128,2023,0.007
Cuba,PWRPV01,128,2024,0.007
Cuba,PWRPV01,128,2025,0.007
Cuba,PWRPV01,128,2026,0.007
Cuba,PWRPV01,128,2027,0.007
Cuba,PWRPV01,128,2028,0.007
Cuba,PWRPV01,128,2029,0.007
Cuba,PWRPV01,128,2030,0.007
Cuba,PWRPV01,128,2031,0.007
Cuba,PWRPV01,128,2032,0.007
Cuba,PWRPV01,128,2033,0.007
Cuba,PWRPV01,128,2034,0.007
Cuba,PWRPV01,128,2035,0.007
Cuba,PWRPV01,128,2036,0.007
Cuba,PWRPV01,128,2037,0.007
Cuba,PWRPV01,128,2038,0.007
Cuba,PWRPV01,128,2039,0.007
Cuba,PWRPV01,128,2040,0.007
Cuba,PWRPV01,128,2041,0.007
Cuba,PWRPV01,128,2042,0.007
Cuba,PWRPV01,128,2043,0.007
Cuba,PWRPV01,128,2044,0.007
Cuba,PWRPV01,128,2045,0.007
Cuba,PWRPV01,128,2046,0.007
Cuba,PWRPV01,128,2047,0.007
Cuba,PWRPV01,128,2048,0.007
Cuba,PWRPV01,128,2049,0.007
Cuba,PWRPV01,128,2050,0.007
Cuba,PWRPV01,128,2051,0.007
Cuba,PWRPV01,128,2052,0.007
Cuba,PWRPV01,128,2053,0.007
Cuba,PWRPV01,128,2054,0.007
Cuba,PWRPV01,128,2055,0.007
Cuba,PWRPV01,211,2019,0.0
Cuba,PWRPV01,211,2020,0.0
Cuba,PWRPV01,211,2021,0.0
Cuba,PWRPV01,211,2022,0.0
Cuba,PWRPV01,211,2023,0.0
Cuba,PWRPV01,211,2024,0.0
Cuba,PWRPV01,211,2025,0.0
Cuba,PWRPV01,211,2026,0.0
Cuba,PWRPV01,211,2027,0.0
Cuba,PWRPV01,211,2028,0.0
Cuba,PWRPV01,211,2029,0.0
Cuba,PWRPV01,211,2030,0.0
Cuba,PWRPV01,211,2031,0.0
Cuba,PWRPV01,211,2032,0.0
Cuba,PWRPV01,211,2033,0.0
Cuba,PWRPV01,211,2034,0.0
Cuba,PWRPV01,211,2035,0.0
Cuba,PWRPV01,211,2036,0.0
Cuba,PWRPV01,211,2037,0.0
Cuba,PWRPV01,211,2038,0.0
Cuba,PWRPV01,211,2039,0.0
Cuba,PWRPV01,211,2040,0.0
Cuba,PWRPV01,211,2041,0.0
Cuba,PWRPV01,211,2042,0.0
Cuba,PWRPV01,211,2043,0.0
Cuba,PWRPV01,211,2044,0.0
Cuba,PWRPV01,211,2045,0.0
Cuba,PWRPV01,211,2046,0.0
Cuba,PWRPV01,211,2047,0.0
Cuba,PWRPV01,211,2048,0.0
Cuba,PWRPV01,211,2049,0.0
Cuba,PWRPV01,211,2050,0.0
Cuba,PWRPV01,211,2051,0.0
Cuba,PWRPV01,211,2052,0.0
Cuba,PWRPV01,211,2053,0.0
Cuba,PWRPV01,211,2054,0.0
Cuba,PWRPV01,211,2055,0.0
Cuba,PWRPV01,212,2019,0.0
Cuba,PWRPV01,212,2020,0.0
Cuba,PWRPV01,212,2021,0.0
Cuba,PWRPV01,212,2022,0.0
Cuba,PWRPV01,212,2023,0.0
Cuba,PWRPV01,212,2024,0.0
Cuba,PWRPV01,212,2025,0.0
Cuba,PWRPV01,212,2026,0.0
Cuba,PWRPV01,212,2027,0.0
Cuba,PWRPV01,212,2028,0.0
Cuba,PWRPV01,212,2029,0.0
Cuba,PWRPV01,212,2030,0.0
Cuba,PWRPV01,212,2031,0.0
Cuba,PWRPV01,212,2032,0.0
Cuba,PWRPV01,212,2033,0.0
Cuba,PWRPV01,212,2034,0.0
Cuba,PWRPV01,212,2035,0.0
Cuba,PWRPV01,212,2036,0.0
Cuba,PWRPV01,212,2037,0.0
Cuba,PWRPV01,212,2038,0.0
Cuba,PWRPV01,212,2039,0.0
Cuba,PWRPV01,212,2040,0.0
Cuba,PWRPV01,212,2041,0.0
Cuba,PWRPV01,212,2042,0.0
Cuba,PWRPV01,212,2043,0.0
Cuba,PWRPV01,212,2044,0.0
Cuba,PWRPV01,212,2045,0.0
Cuba,PWRPV01,212,2046,0.0
Cuba,PWRPV01,212,2047,0.0
Cuba,PWRPV01,212,2048,0.0
Cuba,PWRPV01,212,2049,0.0
Cuba,PWRPV01,212,2050,0.0
Cuba,PWRPV01,212,2051,0.0
Cuba,PWRPV01,212,2052,0.0
Cuba,PWRPV01,212,2053,0.0
Cuba,PWRPV01,212,2054,0.0
Cuba,PWRPV01,212,2055,0.0
Cuba,PWRPV01,213,2019,0.011
Cuba,PWRPV01,213,2020,0.011
Cuba,PWRPV01,213,2021,0.011
Cuba,PWRPV01,213,2022,0.011
Cuba,PWRPV01,213,2023,0.011
Cuba,PWRPV01,213,2024,0.011
Cuba,PWRPV01,213,2025,0.011
Cuba,PWRPV01,213,2026,0.011
Cuba,PWRPV01,213,2027,0.011
Cuba,PWRPV01,213,2028,0.011
Cuba,PWRPV01,213,2029,0.011
Cuba,PWRPV01,213,2030,0.011
Cuba,PWRPV01,213,2031,0.011
Cuba,PWRPV01,213,2032,0.011
Cuba,PWRPV01,213,2033,0.011
Cuba,PWRPV01,213,2034,0.011
Cuba,PWRPV01,213,2035,0.011
Cuba,PWRPV01,213,2036,0.011
Cuba,PWRPV01,213,2037,0.011
Cuba,PWRPV01,213,2038,0.011
Cuba,PWRPV01,213,2039,0.011
Cuba,PWRPV01,213,2040,0.011
Cuba,PWRPV01,213,2041,0.011
Cuba,PWRPV01,213,2042,0.011
Cuba,PWRPV01,213,2043,0.011
Cuba,PWRPV01,213,2044,0.011
Cuba,PWRPV01,213,2045,0.011
Cuba,PWRPV01,213,2046,0.011
Cuba,PWRPV01,213,2047,0.011
Cuba,PWRPV01,213,2048,0.011
Cuba,PWRPV01,213,2049,0.011
Cuba,PWRPV01,213,2050,0.011
Cuba,PWRPV01,213,2051,0.011
Cuba,PWRPV01,213,2052,0.011
Cuba,PWRPV01,213,2053,0.011
Cuba,PWRPV01,213,2054,0.011
Cuba,PWRPV01,213,2055,0.011
Cuba,PWRPV01,214,2019,0.263
Cuba,PWRPV01,214,2020,0.263
Cuba,PWRPV01,214,2021,0.263
Cuba,PWRPV01,214,2022,0.263
Cuba,PWRPV01,214,2023,0.263
Cuba,PWRPV01,214,2024,0.263
Cuba,PWRPV01,214,2025,0.263
Cuba,PWRPV01,214,2026,0.263
Cuba,PWRPV01,214,2027,0.263
Cuba,PWRPV01,214,2028,0.263
Cuba,PWRPV01,214,2029,0.263
Cuba,PWRPV01,214,2030,0.263
Cuba,PWRPV01,214,2031,0.263
Cuba,PWRPV01,214,2032,0.263
Cuba,PWRPV01,214,2033,0.263
Cuba,PWRPV01,214,2034,0.263
Cuba,PWRPV01,214,2035,0.263
Cuba,PWRPV01,214,2036,0.263
Cuba,PWRPV01,214,2037,0.263
Cuba,PWRPV01,214,2038,0.263
Cuba,PWRPV01,214,2039,0.263
Cuba,PWRPV01,214,2040,0.263
Cuba,PWRPV01,214,2041,0.263
Cuba,PWRPV01,214,2042,0.263
Cuba,PWRPV01,214,2043,0.263
Cuba,PWRPV01,214,2044,0.263
Cuba,PWRPV01,214,2045,0.263
Cuba,PWRPV01,214,2046,0.263
Cuba,PWRPV01,214,2047,0.263
Cuba,PWRPV01,214,2048,0.263
Cuba,PWRPV01,214,2049,0.263
Cuba,PWRPV01,214,2050,0.263
Cuba,PWRPV01,214,2051,0.263
Cuba,PWRPV01,214,2052,0.263
Cuba,PWRPV01,214,2053,0.263
Cuba,PWRPV01,214,2054,0.263
Cuba,PWRPV01,214,2055,0.263
Cuba,PWRPV01,215,2019,0.549
Cuba,PWRPV01,215,2020,0.549
Cuba,PWRPV01,215,2021,0.549
Cuba,PWRPV01,215,2022,0.549
Cuba,PWRPV01,215,2023,0.549
Cuba,PWRPV01,215,2024,0.549
Cuba,PWRPV01,215,2025,0.549
Cuba,PWRPV01,215,2026,0.549
Cuba,PWRPV01,215,2027,0.549
Cuba,PWRPV01,215,2028,0.549
Cuba,PWRPV01,215,2029,0.549
Cuba,PWRPV01,215,2030,0.549
Cuba,PWRPV01,215,2031,0.549
Cuba,PWRPV01,215,2032,0.549
Cuba,PWRPV01,215,2033,0.549
Cuba,PWRPV01,215,2034,0.549
Cuba,PWRPV01,215,2035,0.549
Cuba,PWRPV01,215,2036,0.549
Cuba,PWRPV01,215,2037,0.549
Cuba,PWRPV01,215,2038,0.549
Cuba,PWRPV01,215,2039,0.549
Cuba,PWRPV01,215,2040,0.549
Cuba,PWRPV01,215,2041,0.549
Cuba,PWRPV01,215,2042,0.549
Cuba,PWRPV01,215,2043,0.549
Cuba,PWRPV01,215,2044,0.549
Cuba,PWRPV01,215,2045,0.549
Cuba,PWRPV01,215,2046,0.549
Cuba,PWRPV01,215,2047,0.549
Cuba,PWRPV01,215,2048,0.549
Cuba,PWRPV01,215,2049,0.549
Cuba,PWRPV01,215,2050,0.549
Cuba,PWRPV01,215,2051,0.549
Cuba,PWRPV01,215,2052,0.549
Cuba,PWRPV01,215,2053,0.549
Cuba,PWRPV01,215,2054,0.549
Cuba,PWRPV01,215,2055,0.549
Cuba,PWRPV01,216,2019,0.576
Cuba,PWRPV01,216,2020,0.576
Cuba,PWRPV01,216,2021,0.576
Cuba,PWRPV01,216,2022,0.576
Cuba,PWRPV01,216,2023,0.576
Cuba,PWRPV01,216,2024,0.576
Cuba,PWRPV01,216,2025,0.576
Cuba,PWRPV01,216,2026,0.576
Cuba,PWRPV01,216,2027,0.576
Cuba,PWRPV01,216,2028,0.576
Cuba,PWRPV01,216,2029,0.576
Cuba,PWRPV01,216,2030,0.576
Cuba,PWRPV01,216,2031,0.576
Cuba,PWRPV01,216,2032,0.576
Cuba,PWRPV01,216,2033,0.576
Cuba,PWRPV01,216,2034,0.576
Cuba,PWRPV01,216,2035,0.576
Cuba,PWRPV01,216,2036,0.576
Cuba,PWRPV01,216,2037,0.576
Cuba,PWRPV01,216,2038,0.576
Cuba,PWRPV01,216,2039,0.576
Cuba,PWRPV01,216,2040,0.576
Cuba,PWRPV01,216,2041,0.576
Cuba,PWRPV01,216,2042,0.576
Cuba,PWRPV01,216,2043,0.576
Cuba,PWRPV01,216,2044,0.576
Cuba,PWRPV01,216,2045,0.576
Cuba,PWRPV01,216,2046,0.576
Cuba,PWRPV01,216,2047,0.576
Cuba,PWRPV01,216,2048,0.576
Cuba,PWRPV01,216,2049,0.576
Cuba,PWRPV01,216,2050,0.576
Cuba,PWRPV01,216,2051,0.576
Cuba,PWRPV01,216,2052,0.576
Cuba,PWRPV01,216,2053,0.576
Cuba,PWRPV01,216,2054,0.576
Cuba,PWRPV01,216,2055,0.576
Cuba,PWRPV01,217,2019,0.356
Cuba,PWRPV01,217,2020,0.356
Cuba,PWRPV01,217,2021,0.356
Cuba,PWRPV01,217,2022,0.356
Cuba,PWRPV01,217,2023,0.356
Cuba,PWRPV01,217,2024,0.356
Cuba,PWRPV01,217,2025,0.356
Cuba,PWRPV01,217,2026,0.356
Cuba,PWRPV01,217,2027,0.356
Cuba,PWRPV01,217,2028,0.356
Cuba,PWRPV01,217,2029,0.356
Cuba,PWRPV01,217,2030,0.356
Cuba,PWRPV01,217,2031,0.356
Cuba,PWRPV01,217,2032,0.356
Cuba,PWRPV01,217,2033,0.356
Cuba,PWRPV01,217,2034,0.356
Cuba,PWRPV01,217,2035,0.356
Cuba,PWRPV01,217,2036,0.356
Cuba,PWRPV01,217,2037,0.356
Cuba,PWRPV01,217,2038,0.356
Cuba,PWRPV01,217,2039,0.356
Cuba,PWRPV01,217,2040,0.356
Cuba,PWRPV01,217,2041,0.356
Cuba,PWRPV01,217,2042,0.356
Cuba,PWRPV01,217,2043,0.356
Cuba,PWRPV01,217,2044,0.356
Cuba,PWRPV01,217,2045,0.356
Cuba,PWRPV01,217,2046,0.356
Cuba,PWRPV01,217,2047,0.356
Cuba,PWRPV01,217,2048,0.356
Cuba,PWRPV01,217,2049,0.356
Cuba,PWRPV01,217,2050,0.356
Cuba,PWRPV01,217,2051,0.356
Cuba,PWRPV01,217,2052,0.356
Cuba,PWRPV01,217,2053,0.356
Cuba,PWRPV01,217,2054,0.356
Cuba,PWRPV01,217,2055,0.356
Cuba,PWRPV01,218,2019,0.05
Cuba,PWRPV01,218,2020,0.05
Cuba,PWRPV01,218,2021,0.05
Cuba,PWRPV01,218,2022,0.05
Cuba,PWRPV01,218,2023,0.05
Cuba,PWRPV01,218,2024,0.05
Cuba,PWRPV01,218,2025,0.05
Cuba,PWRPV01,218,2026,0.05
Cuba,PWRPV01,218,2027,0.05
Cuba,PWRPV01,218,2028,0.05
Cuba,PWRPV01,218,2029,0.05
Cuba,PWRPV01,218,2030,0.05
Cuba,PWRPV01,218,2031,0.05
Cuba,PWRPV01,218,2032,0.05
Cuba,PWRPV01,218,2033,0.05
Cuba,PWRPV01,218,2034,0.05
Cuba,PWRPV01,218,2035,0.05
Cuba,PWRPV01,218,2036,0.05
Cuba,PWRPV01,218,2037,0.05
Cuba,PWRPV01,218,2038,0.05
Cuba,PWRPV01,218,2039,0.05
Cuba,PWRPV01,218,2040,0.05
Cuba,PWRPV01,218,2041,0.05
Cuba,PWRPV01,218,2042,0.05
Cuba,PWRPV01,218,2043,0.05
Cuba,PWRPV01,218,2044,0.05
Cuba,PWRPV01,218,2045,0.05
Cuba,PWRPV01,218,2046,0.05
Cuba,PWRPV01,218,2047,0.05
Cuba,PWRPV01,218,2048,0.05
Cuba,PWRPV01,218,2049,0.05
Cuba,PWRPV01,218,2050,0.05
Cuba,PWRPV01,218,2051,0.05
Cuba,PWRPV01,218,2052,0.05
Cuba,PWRPV01,218,2053,0.05
Cuba,PWRPV01,218,2054,0.05
Cuba,PWRPV01,218,2055,0.05
Cuba,PWRPV01,221,2019,0.0
Cuba,PWRPV01,221,2020,0.0
Cuba,PWRPV01,221,2021,0.0
Cuba,PWRPV01,221,2022,0.0
Cuba,PWRPV01,221,2023,0.0
Cuba,PWRPV01,221,2024,0.0
Cuba,PWRPV01,221,2025,0.0
Cuba,PWRPV01,221,2026,0.0
Cuba,PWRPV01,221,2027,0.0
Cuba,PWRPV01,221,2028,0.0
Cuba,PWRPV01,221,2029,0.0
Cuba,PWRPV01,221,2030,0.0
Cuba,PWRPV01,221,2031,0.0
Cuba,PWRPV01,221,2032,0.0
Cuba,PWRPV01,221,2033,0.0
Cuba,PWRPV01,221,2034,0.0
Cuba,PWRPV01,221,2035,0.0
Cuba,PWRPV01,221,2036,0.0
Cuba,PWRPV01,221,2037,0.0
Cuba,PWRPV01,221,2038,0.0
Cuba,PWRPV01,221,2039,0.0
Cuba,PWRPV01,221,2040,0.0
Cuba,PWRPV01,221,2041,0.0
Cuba,PWRPV01,221,2042,0.0
Cuba,PWRPV01,221,2043,0.0
Cuba,PWRPV01,221,2044,0.0
Cuba,PWRPV01,221,2045,0.0
Cuba,PWRPV01,221,2046,0.0
Cuba,PWRPV01,221,2047,0.0
Cuba,PWRPV01,221,2048,0.0
Cuba,PWRPV01,221,2049,0.0
Cuba,PWRPV01,221,2050,0.0
Cuba,PWRPV01,221,2051,0.0
Cuba,PWRPV01,221,2052,0.0
Cuba,PWRPV01,221,2053,0.0
Cuba,PWRPV01,221,2054,0.0
Cuba,PWRPV01,221,2055,0.0
Cuba,PWRPV01,222,2019,0.0
Cuba,PWRPV01,222,2020,0.0
Cuba,PWRPV01,222,2021,0.0
Cuba,PWRPV01,222,2022,0.0
Cuba,PWRPV01,222,2023,0.0
Cuba,PWRPV01,222,2024,0.0
Cuba,PWRPV01,222,2025,0.0
Cuba,PWRPV01,222,2026,0.0
Cuba,PWRPV01,222,2027,0.0
Cuba,PWRPV01,222,2028,0.0
Cuba,PWRPV01,222,2029,0.0
Cuba,PWRPV01,222,2030,0.0
Cuba,PWRPV01,222,2031,0.0
Cuba,PWRPV01,222,2032,0.0
Cuba,PWRPV01,222,2033,0.0
Cuba,PWRPV01,222,2034,0.0
Cuba,PWRPV01,222,2035,0.0
Cuba,PWRPV01,222,2036,0.0
Cuba,PWRPV01,222,2037,0.0
Cuba,PWRPV01,222,2038,0.0
Cuba,PWRPV01,222,2039,0.0
Cuba,PWRPV01,222,2040,0.0
Cuba,PWRPV01,222,2041,0.0
Cuba,PWRPV01,222,2042,0.0
Cuba,PWRPV01,222,2043,0.0
Cuba,PWRPV01,222,2044,0.0
Cuba,PWRPV01,222,2045,0.0
Cuba,PWRPV01,222,2046,0.0
Cuba,PWRPV01,222,2047,0.0
Cuba,PWRPV01,222,2048,0.0
Cuba,PWRPV01,222,2049,0.0
Cuba,PWRPV01,222,2050,0.0
Cuba,PWRPV01,222,2051,0.0
Cuba,PWRPV01,222,2052,0.0
Cuba,PWRPV01,222,2053,0.0
Cuba,PWRPV01,222,2054,0.0
Cuba,PWRPV01,222,2055,0.0
Cuba,PWRPV01,223,2019,0.011
Cuba,PWRPV01,223,2020,0.011
Cuba,PWRPV01,223,2021,0.011
Cuba,PWRPV01,223,2022,0.011
Cuba,PWRPV01,223,2023,0.011
Cuba,PWRPV01,223,2024,0.011
Cuba,PWRPV01,223,2025,0.011
Cuba,PWRPV01,223,2026,0.011
Cuba,PWRPV01,223,2027,0.011
Cuba,PWRPV01,223,2028,0.011
Cuba,PWRPV01,223,2029,0.011
Cuba,PWRPV01,223,2030,0.011
Cuba,PWRPV01,223,2031,0.011
Cuba,PWRPV01,223,2032,0.011
Cuba,PWRPV01,223,2033,0.011
Cuba,PWRPV01,223,2034,0.011
Cuba,PWRPV01,223,2035,0.011
Cuba,PWRPV01,223,2036,0.011
Cuba,PWRPV01,223,2037,0.011
Cuba,PWRPV01,223,2038,0.011
Cuba,PWRPV01,223,2039,0.011
Cuba,PWRPV01,223,2040,0.011
Cuba,PWRPV01,223,2041,0.011
Cuba,PWRPV01,223,2042,0.011
Cuba,PWRPV01,223,2043,0.011
Cuba,PWRPV01,223,2044,0.011
Cuba,PWRPV01,223,2045,0.011
Cuba,PWRPV01,223,2046,0.011
Cuba,PWRPV01,223,2047,0.011
Cuba,PWRPV01,223,2048,0.011
Cuba,PWRPV01,223,2049,0.011
Cuba,PWRPV01,223,2050,0.011
Cuba,PWRPV01,223,2051,0.011
Cuba,PWRPV01,223,2052,0.011
Cuba,PWRPV01,223,2053,0.011
Cuba,PWRPV01,223,2054,0.011
Cuba,PWRPV01,223,2055,0.011
Cuba,PWRPV01,224,2019,0.272
Cuba,PWRPV01,224,2020,0.272
Cuba,PWRPV01,224,2021,0.272
Cuba,PWRPV01,224,2022,0.272
Cuba,PWRPV01,224,2023,0.272
Cuba,PWRPV01,224,2024,0.272
Cuba,PWRPV01,224,2025,0.272
Cuba,PWRPV01,224,2026,0.272
Cuba,PWRPV01,224,2027,0.272
Cuba,PWRPV01,224,2028,0.272
Cuba,PWRPV01,224,2029,0.272
Cuba,PWRPV01,224,2030,0.272
Cuba,PWRPV01,224,2031,0.272
Cuba,PWRPV01,224,2032,0.272
Cuba,PWRPV01,224,2033,0.272
Cuba,PWRPV01,224,2034,0.272
Cuba,PWRPV01,224,2035,0.272
Cuba,PWRPV01,224,2036,0.272
Cuba,PWRPV01,224,2037,0.272
Cuba,PWRPV01,224,2038,0.272
Cuba,PWRPV01,224,2039,0.272
Cuba,PWRPV01,224,2040,0.272
Cuba,PWRPV01,224,2041,0.272
Cuba,PWRPV01,224,2042,0.272
Cuba,PWRPV01,224,2043,0.272
Cuba,PWRPV01,224,2044,0.272
Cuba,PWRPV01,224,2045,0.272
Cuba,PWRPV01,224,2046,0.272
Cuba,PWRPV01,224,2047,0.272
Cuba,PWRPV01,224,2048,0.272
Cuba,PWRPV01,224,2049,0.272
Cuba,PWRPV01,224,2050,0.272
Cuba,PWRPV01,224,2051,0.272
Cuba,PWRPV01,224,2052,0.272
Cuba,PWRPV01,224,2053,0.272
Cuba,PWRPV01,224,2054,0.272
Cuba,PWRPV01,224,2055,0.272
Cuba,PWRPV01,225,2019,0.57
Cuba,PWRPV01,225,2020,0.57
Cuba,PWRPV01,225,2021,0.57
Cuba,PWRPV01,225,2022,0.57
Cuba,PWRPV01,225,2023,0.57
Cuba,PWRPV01,225,2024,0.57
Cuba,PWRPV01,225,2025,0.57
Cuba,PWRPV01,225,2026,0.57
Cuba,PWRPV01,225,2027,0.57
Cuba,PWRPV01,225,2028,0.57
Cuba,PWRPV01,225,2029,0.57
Cuba,PWRPV01,225,2030,0.57
Cuba,PWRPV01,225,2031,0.57
Cuba,PWRPV01,225,2032,0.57
Cuba,PWRPV01,225,2033,0.57
Cuba,PWRPV01,225,2034,0.57
Cuba,PWRPV01,225,2035,0.57
Cuba,PWRPV01,225,2036,0.57
Cuba,PWRPV01,225,2037,0.57
Cuba,PWRPV01,225,2038,0.57
Cuba,PWRPV01,225,2039,0.57
Cuba,PWRPV01,225,2040,0.57
Cuba,PWRPV01,225,2041,0.57
Cuba,PWRPV01,225,2042,0.57
Cuba,PWRPV01,225,2043,0.57
Cuba,PWRPV01,225,2044,0.57
Cuba,PWRPV01,225,2045,0.57
Cuba,PWRPV01,225,2046,0.57
Cuba,PWRPV01,225,2047,0.57
Cuba,PWRPV01,225,2048,0.57
Cuba,PWRPV01,225,2049,0.57
Cuba,PWRPV01,225,2050,0.57
Cuba,PWRPV01,225,2051,0.57
Cuba,PWRPV01,225,2052,0.57
Cuba,PWRPV01,225,2053,0.57
Cuba,PWRPV01,225,2054,0.57
Cuba,PWRPV01,225,2055,0.57
Cuba,PWRPV01,226,2019,0.604
Cuba,PWRPV01,226,2020,0.604
Cuba,PWRPV01,226,2021,0.604
Cuba,PWRPV01,226,2022,0.604
Cuba,PWRPV01,226,2023,0.604
Cuba,PWRPV01,226,2024,0.604
Cuba,PWRPV01,226,2025,0.604
Cuba,PWRPV01,226,2026,0.604
Cuba,PWRPV01,226,2027,0.604
Cuba,PWRPV01,226,2028,0.604
Cuba,PWRPV01,226,2029,0.604
Cuba,PWRPV01,226,2030,0.604
Cuba,PWRPV01,226,2031,0.604
Cuba,PWRPV01,226,2032,0.604
Cuba,PWRPV01,226,2033,0.604
Cuba,PWRPV01,226,2034,0.604
Cuba,PWRPV01,226,2035,0.604
Cuba,PWRPV01,226,2036,0.604
Cuba,PWRPV01,226,2037,0.604
Cuba,PWRPV01,226,2038,0.604
Cuba,PWRPV01,226,2039,0.604
Cuba,PWRPV01,226,2040,0.604
Cuba,PWRPV01,226,2041,0.604
Cuba,PWRPV01,226,2042,0.604
Cuba,PWRPV01,226,2043,0.604
Cuba,PWRPV01,226,2044,0.604
Cuba,PWRPV01,226,2045,0.604
Cuba,PWRPV01,226,2046,0.604
Cuba,PWRPV01,226,2047,0.604
Cuba,PWRPV01,226,2048,0.604
Cuba,PWRPV01,226,2049,0.604
Cuba,PWRPV01,226,2050,0.604
Cuba,PWRPV01,226,2051,0.604
Cuba,PWRPV01,226,2052,0.604
Cuba,PWRPV01,226,2053,0.604
Cuba,PWRPV01,226,2054,0.604
Cuba,PWRPV01,226,2055,0.604
Cuba,PWRPV01,227,2019,0.382
Cuba,PWRPV01,227,2020,0.382
Cuba,PWRPV01,227,2021,0.382
Cuba,PWRPV01,227,2022,0.382
Cuba,PWRPV01,227,2023,0.382
Cuba,PWRPV01,227,2024,0.382
Cuba,PWRPV01,227,2025,0.382
Cuba,PWRPV01,227,2026,0.382
Cuba,PWRPV01,227,2027,0.382
Cuba,PWRPV01,227,2028,0.382
Cuba,PWRPV01,227,2029,0.382
Cuba,PWRPV01,227,2030,0.382
Cuba,PWRPV01,227,2031,0.382
Cuba,PWRPV01,227,2032,0.382
Cuba,PWRPV01,227,2033,0.382
Cuba,PWRPV01,227,2034,0.382
Cuba,PWRPV01,227,2035,0.382
Cuba,PWRPV01,227,2036,0.382
Cuba,PWRPV01,227,2037,0.382
Cuba,PWRPV01,227,2038,0.382
Cuba,PWRPV01,227,2039,0.382
Cuba,PWRPV01,227,2040,0.382
Cuba,PWRPV01,227,2041,0.382
Cuba,PWRPV01,227,2042,0.382
Cuba,PWRPV01,227,2043,0.382
Cuba,PWRPV01,227,2044,0.382
Cuba,PWRPV01,227,2045,0.382
Cuba,PWRPV01,227,2046,0.382
Cuba,PWRPV01,227,2047,0.382
Cuba,PWRPV01,227,2048,0.382
Cuba,PWRPV01,227,2049,0.382
Cuba,PWRPV01,227,2050,0.382
Cuba,PWRPV01,227,2051,0.382
Cuba,PWRPV01,227,2052,0.382
Cuba,PWRPV01,227,2053,0.382
Cuba,PWRPV01,227,2054,0.382
Cuba,PWRPV01,227,2055,0.382
Cuba,PWRPV01,228,2019,0.051
Cuba,PWRPV01,228,2020,0.051
Cuba,PWRPV01,228,2021,0.051
Cuba,PWRPV01,228,2022,0.051
Cuba,PWRPV01,228,2023,0.051
Cuba,PWRPV01,228,2024,0.051
Cuba,PWRPV01,228,2025,0.051
Cuba,PWRPV01,228,2026,0.051
Cuba,PWRPV01,228,2027,0.051
Cuba,PWRPV01,228,2028,0.051
Cuba,PWRPV01,228,2029,0.051
Cuba,PWRPV01,228,2030,0.051
Cuba,PWRPV01,228,2031,0.051
Cuba,PWRPV01,228,2032,0.051
Cuba,PWRPV01,228,2033,0.051
Cuba,PWRPV01,228,2034,0.051
Cuba,PWRPV01,228,2035,0.051
Cuba,PWRPV01,228,2036,0.051
Cuba,PWRPV01,228,2037,0.051
Cuba,PWRPV01,228,2038,0.051
Cuba,PWRPV01,228,2039,0.051
Cuba,PWRPV01,228,2040,0.051
Cuba,PWRPV01,228,2041,0.051
Cuba,PWRPV01,228,2042,0.051
Cuba,PWRPV01,228,2043,0.051
Cuba,PWRPV01,228,2044,0.051
Cuba,PWRPV01,228,2045,0.051
Cuba,PWRPV01,228,2046,0.051
Cuba,PWRPV01,228,2047,0.051
Cuba,PWRPV01,228,2048,0.051
Cuba,PWRPV01,228,2049,0.051
Cuba,PWRPV01,228,2050,0.051
Cuba,PWRPV01,228,2051,0.051
Cuba,PWRPV01,228,2052,0.051
Cuba,PWRPV01,228,2053,0.051
Cuba,PWRPV01,228,2054,0.051
Cuba,PWRPV01,228,2055,0.051
Cuba,PWRPV01,311,2019,0.0
Cuba,PWRPV01,311,2020,0.0
Cuba,PWRPV01,311,2021,0.0
Cuba,PWRPV01,311,2022,0.0
Cuba,PWRPV01,311,2023,0.0
Cuba,PWRPV01,311,2024,0.0
Cuba,PWRPV01,311,2025,0.0
Cuba,PWRPV01,311,2026,0.0
Cuba,PWRPV01,311,2027,0.0
Cuba,PWRPV01,311,2028,0.0
Cuba,PWRPV01,311,2029,0.0
Cuba,PWRPV01,311,2030,0.0
Cuba,PWRPV01,311,2031,0.0
Cuba,PWRPV01,311,2032,0.0
Cuba,PWRPV01,311,2033,0.0
Cuba,PWRPV01,311,2034,0.0
Cuba,PWRPV01,311,2035,0.0
Cuba,PWRPV01,311,2036,0.0
Cuba,PWRPV01,311,2037,0.0
Cuba,PWRPV01,311,2038,0.0
Cuba,PWRPV01,311,2039,0.0
Cuba,PWRPV01,311,2040,0.0
Cuba,PWRPV01,311,2041,0.0
Cuba,PWRPV01,311,2042,0.0
Cuba,PWRPV01,311,2043,0.0
Cuba,PWRPV01,311,2044,0.0
Cuba,PWRPV01,311,2045,0.0
Cuba,PWRPV01,311,2046,0.0
Cuba,PWRPV01,311,2047,0.0
Cuba,PWRPV01,311,2048,0.0
Cuba,PWRPV01,311,2049,0.0
Cuba,PWRPV01,311,2050,0.0
Cuba,PWRPV01,311,2051,0.0
Cuba,PWRPV01,311,2052,0.0
Cuba,PWRPV01,311,2053,0.0
Cuba,PWRPV01,311,2054,0.0
Cuba,PWRPV01,311,2055,0.0
Cuba,PWRPV01,312,2019,0.0
Cuba,PWRPV01,312,2020,0.0
Cuba,PWRPV01,312,2021,0.0
Cuba,PWRPV01,312,2022,0.0
Cuba,PWRPV01,312,2023,0.0
Cuba,PWRPV01,312,2024,0.0
Cuba,PWRPV01,312,2025,0.0
Cuba,PWRPV01,312,2026,0.0
Cuba,PWRPV01,312,2027,0.0
Cuba,PWRPV01,312,2028,0.0
Cuba,PWRPV01,312,2029,0.0
Cuba,PWRPV01,312,2030,0.0
Cuba,PWRPV01,312,2031,0.0
Cuba,PWRPV01,312,2032,0.0
Cuba,PWRPV01,312,2033,0.0
Cuba,PWRPV01,312,2034,0.0
Cuba,PWRPV01,312,2035,0.0
Cuba,PWRPV01,312,2036,0.0
Cuba,PWRPV01,312,2037,0.0
Cuba,PWRPV01,312,2038,0.0
Cuba,PWRPV01,312,2039,0.0
Cuba,PWRPV01,312,2040,0.0
Cuba,PWRPV01,312,2041,0.0
Cuba,PWRPV01,312,2042,0.0
Cuba,PWRPV01,312,2043,0.0
Cuba,PWRPV01,312,2044,0.0
Cuba,PWRPV01,312,2045,0.0
Cuba,PWRPV01,312,2046,0.0
Cuba,PWRPV01,312,2047,0.0
Cuba,PWRPV01,312,2048,0.0
Cuba,PWRPV01,312,2049,0.0
Cuba,PWRPV01,312,2050,0.0
Cuba,PWRPV01,312,2051,0.0
Cuba,PWRPV01,312,2052,0.0
Cuba,PWRPV01,312,2053,0.0
Cuba,PWRPV01,312,2054,0.0
Cuba,PWRPV01,312,2055,0.0
Cuba,PWRPV01,313,2019,0.017
Cuba,PWRPV01,313,2020,0.017
Cuba,PWRPV01,313,2021,0.017
Cuba,PWRPV01,313,2022,0.017
Cuba,PWRPV01,313,2023,0.017
Cuba,PWRPV01,313,2024,0.017
Cuba,PWRPV01,313,2025,0.017
Cuba,PWRPV01,313,2026,0.017
Cuba,PWRPV01,313,2027,0.017
Cuba,PWRPV01,313,2028,0.017
Cuba,PWRPV01,313,2029,0.017
Cuba,PWRPV01,313,2030,0.017
Cuba,PWRPV01,313,2031,0.017
Cuba,PWRPV01,313,2032,0.017
Cuba,PWRPV01,313,2033,0.017
Cuba,PWRPV01,313,2034,0.017
Cuba,PWRPV01,313,2035,0.017
Cuba,PWRPV01,313,2036,0.017
Cuba,PWRPV01,313,2037,0.017
Cuba,PWRPV01,313,2038,0.017
Cuba,PWRPV01,313,2039,0.017
Cuba,PWRPV01,313,2040,0.017
Cuba,PWRPV01,313,2041,0.017
Cuba,PWRPV01,313,2042,0.017
Cuba,PWRPV01,313,2043,0.017
Cuba,PWRPV01,313,2044,0.017
Cuba,PWRPV01,313,2045,0.017
Cuba,PWRPV01,313,2046,0.017
Cuba,PWRPV01,313,2047,0.017
Cuba,PWRPV01,313,2048,0.017
Cuba,PWRPV01,313,2049,0.017
Cuba,PWRPV01,313,2050,0.017
Cuba,PWRPV01,313,2051,0.017
Cuba,PWRPV01,313,2052,0.017
Cuba,PWRPV01,313,2053,0.017
Cuba,PWRPV01,313,2054,0.017
Cuba,PWRPV01,313,2055,0.017
Cuba,PWRPV01,314,2019,0.29
Cuba,PWRPV01,314,2020,0.29
Cuba,PWRPV01,314,2021,0.29
Cuba,PWRPV01,314,2022,0.29
Cuba,PWRPV01,314,2023,0.29
Cuba,PWRPV01,314,2024,0.29
Cuba,PWRPV01,314,2025,0.29
Cuba,PWRPV01,314,2026,0.29
Cuba,PWRPV01,314,2027,0.29
Cuba,PWRPV01,314,2028,0.29
Cuba,PWRPV01,314,2029,0.29
Cuba,PWRPV01,314,2030,0.29
Cuba,PWRPV01,314,2031,0.29
Cuba,PWRPV01,314,2032,0.29
Cuba,PWRPV01,314,2033,0.29
Cuba,PWRPV01,314,2034,0.29
Cuba,PWRPV01,314,2035,0.29
Cuba,PWRPV01,314,2036,0.29
Cuba,PWRPV01,314,2037,0.29
Cuba,PWRPV01,314,2038,0.29
Cuba,PWRPV01,314,2039,0.29
Cuba,PWRPV01,314,2040,0.29
Cuba,PWRPV01,314,2041,0.29
Cuba,PWRPV01,314,2042,0.29
Cuba,PWRPV01,314,2043,0.29
Cuba,PWRPV01,314,2044,0.29
Cuba,PWRPV01,314,2045,0.29
Cuba,PWRPV01,314,2046,0.29
Cuba,PWRPV01,314,2047,0.29
Cuba,PWRPV01,314,2048,0.29
Cuba,PWRPV01,314,2049,0.29
Cuba,PWRPV01,314,2050,0.29
Cuba,PWRPV01,314,2051,0.29
Cuba,PWRPV01,314,2052,0.29
Cuba,PWRPV01,314,2053,0.29
Cuba,PWRPV01,314,2054,0.29
Cuba,PWRPV01,314,2055,0.29
Cuba,PWRPV01,315,2019,0.565
Cuba,PWRPV01,315,2020,0.565
Cuba,PWRPV01,315,2021,0.565
Cuba,PWRPV01,315,2022,0.565
Cuba,PWRPV01,315,2023,0.565
Cuba,PWRPV01,315,2024,0.565
Cuba,PWRPV01,315,2025,0.565
Cuba,PWRPV01,315,2026,0.565
Cuba,PWRPV01,315,2027,0.565
Cuba,PWRPV01,315,2028,0.565
Cuba,PWRPV01,315,2029,0.565
Cuba,PWRPV01,315,2030,0.565
Cuba,PWRPV01,315,2031,0.565
Cuba,PWRPV01,315,2032,0.565
Cuba,PWRPV01,315,2033,0.565
Cuba,PWRPV01,315,2034,0.565
Cuba,PWRPV01,315,2035,0.565
Cuba,PWRPV01,315,2036,0.565
Cuba,PWRPV01,315,2037,0.565
Cuba,PWRPV01,315,2038,0.565
Cuba,PWRPV01,315,2039,0.565
Cuba,PWRPV01,315,2040,0.565
Cuba,PWRPV01,315,2041,0.565
Cuba,PWRPV01,315,2042,0.565
Cuba,PWRPV01,315,2043,0.565
Cuba,PWRPV01,315,2044,0.565
Cuba,PWRPV01,315,2045,0.565
Cuba,PWRPV01,315,2046,0.565
Cuba,PWRPV01,315,2047,0.565
Cuba,PWRPV01,315,2048,0.565
Cuba,PWRPV01,315,2049,0.565
Cuba,PWRPV01,315,2050,0.565
Cuba,PWRPV01,315,2051,0.565
Cuba,PWRPV01,315,2052,0.565
Cuba,PWRPV01,315,2053,0.565
Cuba,PWRPV01,315,2054,0.565
Cuba,PWRPV01,315,2055,0.565
Cuba,PWRPV01,316,2019,0.557
Cuba,PWRPV01,316,2020,0.557
Cuba,PWRPV01,316,2021,0.557
Cuba,PWRPV01,316,2022,0.557
Cuba,PWRPV01,316,2023,0.557
Cuba,PWRPV01,316,2024,0.557
Cuba,PWRPV01,316,2025,0.557
Cuba,PWRPV01,316,2026,0.557
Cuba,PWRPV01,316,2027,0.557
Cuba,PWRPV01,316,2028,0.557
Cuba,PWRPV01,316,2029,0.557
Cuba,PWRPV01,316,2030,0.557
Cuba,PWRPV01,316,2031,0.557
Cuba,PWRPV01,316,2032,0.557
Cuba,PWRPV01,316,2033,0.557
Cuba,PWRPV01,316,2034,0.557
Cuba,PWRPV01,316,2035,0.557
Cuba,PWRPV01,316,2036,0.557
Cuba,PWRPV01,316,2037,0.557
Cuba,PWRPV01,316,2038,0.557
Cuba,PWRPV01,316,2039,0.557
Cuba,PWRPV01,316,2040,0.557
Cuba,PWRPV01,316,2041,0.557
Cuba,PWRPV01,316,2042,0.557
Cuba,PWRPV01,316,2043,0.557
Cuba,PWRPV01,316,2044,0.557
Cuba,PWRPV01,316,2045,0.557
Cuba,PWRPV01,316,2046,0.557
Cuba,PWRPV01,316,2047,0.557
Cuba,PWRPV01,316,2048,0.557
Cuba,PWRPV01,316,2049,0.557
Cuba,PWRPV01,316,2050,0.557
Cuba,PWRPV01,316,2051,0.557
Cuba,PWRPV01,316,2052,0.557
Cuba,PWRPV01,316,2053,0.557
Cuba,PWRPV01,316,2054,0.557
Cuba,PWRPV01,316,2055,0.557
Cuba,PWRPV01,317,2019,0.312
Cuba,PWRPV01,317,2020,0.312
Cuba,PWRPV01,317,2021,0.312
Cuba,PWRPV01,317,2022,0.312
Cuba,PWRPV01,317,2023,0.312
Cuba,PWRPV01,317,2024,0.312
Cuba,PWRPV01,317,2025,0.312
Cuba,PWRPV01,317,2026,0.312
Cuba,PWRPV01,317,2027,0.312
Cuba,PWRPV01,317,2028,0.312
Cuba,PWRPV01,317,2029,0.312
Cuba,PWRPV01,317,2030,0.312
Cuba,PWRPV01,317,2031,0.312
Cuba,PWRPV01,317,2032,0.312
Cuba,PWRPV01,317,2033,0.312
Cuba,PWRPV01,317,2034,0.312
Cuba,PWRPV01,317,2035,0.312
Cuba,PWRPV01,317,2036,0.312
Cuba,PWRPV01,317,2037,0.312
Cuba,PWRPV01,317,2038,0.312
Cuba,PWRPV01,317,2039,0.312
Cuba,PWRPV01,317,2040,0.312
Cuba,PWRPV01,317,2041,0.312
Cuba,PWRPV01,317,2042,0.312
Cuba,PWRPV01,317,2043,0.312
Cuba,PWRPV01,317,2044,0.312
Cuba,PWRPV01,317,2045,0.312
Cuba,PWRPV01,317,2046,0.312
Cuba,PWRPV01,317,2047,0.312
Cuba,PWRPV01,317,2048,0.312
Cuba,PWRPV01,317,2049,0.312
Cuba,PWRPV01,317,2050,0.312
Cuba,PWRPV01,317,2051,0.312
Cuba,PWRPV01,317,2052,0.312
Cuba,PWRPV01,317,2053,0.312
Cuba,PWRPV01,317,2054,0.312
Cuba,PWRPV01,317,2055,0.312
Cuba,PWRPV01,318,2019,0.049
Cuba,PWRPV01,318,2020,0.049
Cuba,PWRPV01,318,2021,0.049
Cuba,PWRPV01,318,2022,0.049
Cuba,PWRPV01,318,2023,0.049
Cuba,PWRPV01,318,2024,0.049
Cuba,PWRPV01,318,2025,0.049
Cuba,PWRPV01,318,2026,0.049
Cuba,PWRPV01,318,2027,0.049
Cuba,PWRPV01,318,2028,0.049
Cuba,PWRPV01,318,2029,0.049
Cuba,PWRPV01,318,2030,0.049
Cuba,PWRPV01,318,2031,0.049
Cuba,PWRPV01,318,2032,0.049
Cuba,PWRPV01,318,2033,0.049
Cuba,PWRPV01,318,2034,0.049
Cuba,PWRPV01,318,2035,0.049
Cuba,PWRPV01,318,2036,0.049
Cuba,PWRPV01,318,2037,0.049
Cuba,PWRPV01,318,2038,0.049
Cuba,PWRPV01,318,2039,0.049
Cuba,PWRPV01,318,2040,0.049
Cuba,PWRPV01,318,2041,0.049
Cuba,PWRPV01,318,2042,0.049
Cuba,PWRPV01,318,2043,0.049
Cuba,PWRPV01,318,2044,0.049
Cuba,PWRPV01,318,2045,0.049
Cuba,PWRPV01,318,2046,0.049
Cuba,PWRPV01,318,2047,0.049
Cuba,PWRPV01,318,2048,0.049
Cuba,PWRPV01,318,2049,0.049
Cuba,PWRPV01,318,2050,0.049
Cuba,PWRPV01,318,2051,0.049
Cuba,PWRPV01,318,2052,0.049
Cuba,PWRPV01,318,2053,0.049
Cuba,PWRPV01,318,2054,0.049
Cuba,PWRPV01,318,2055,0.049
Cuba,PWRPV01,321,2019,0.0
Cuba,PWRPV01,321,2020,0.0
Cuba,PWRPV01,321,2021,0.0
Cuba,PWRPV01,321,2022,0.0
Cuba,PWRPV01,321,2023,0.0
Cuba,PWRPV01,321,2024,0.0
Cuba,PWRPV01,321,2025,0.0
Cuba,PWRPV01,321,2026,0.0
Cuba,PWRPV01,321,2027,0.0
Cuba,PWRPV01,321,2028,0.0
Cuba,PWRPV01,321,2029,0.0
Cuba,PWRPV01,321,2030,0.0
Cuba,PWRPV01,321,2031,0.0
Cuba,PWRPV01,321,2032,0.0
Cuba,PWRPV01,321,2033,0.0
Cuba,PWRPV01,321,2034,0.0
Cuba,PWRPV01,321,2035,0.0
Cuba,PWRPV01,321,2036,0.0
Cuba,PWRPV01,321,2037,0.0
Cuba,PWRPV01,321,2038,0.0
Cuba,PWRPV01,321,2039,0.0
Cuba,PWRPV01,321,2040,0.0
Cuba,PWRPV01,321,2041,0.0
Cuba,PWRPV01,321,2042,0.0
Cuba,PWRPV01,321,2043,0.0
Cuba,PWRPV01,321,2044,0.0
Cuba,PWRPV01,321,2045,0.0
Cuba,PWRPV01,321,2046,0.0
Cuba,PWRPV01,321,2047,0.0
Cuba,PWRPV01,321,2048,0.0
Cuba,PWRPV01,321,2049,0.0
Cuba,PWRPV01,321,2050,0.0
Cuba,PWRPV01,321,2051,0.0
Cuba,PWRPV01,321,2052,0.0
Cuba,PWRPV01,321,2053,0.0
Cuba,PWRPV01,321,2054,0.0
Cuba,PWRPV01,321,2055,0.0
Cuba,PWRPV01,322,2019,0.0
Cuba,PWRPV01,322,2020,0.0
Cuba,PWRPV01,322,2021,0.0
Cuba,PWRPV01,322,2022,0.0
Cuba,PWRPV01,322,2023,0.0
Cuba,PWRPV01,322,2024,0.0
Cuba,PWRPV01,322,2025,0.0
Cuba,PWRPV01,322,2026,0.0
Cuba,PWRPV01,322,2027,0.0
Cuba,PWRPV01,322,2028,0.0
Cuba,PWRPV01,322,2029,0.0
Cuba,PWRPV01,322,2030,0.0
Cuba,PWRPV01,322,2031,0.0
Cuba,PWRPV01,322,2032,0.0
Cuba,PWRPV01,322,2033,0.0
Cuba,PWRPV01,322,2034,0.0
Cuba,PWRPV01,322,2035,0.0
Cuba,PWRPV01,322,2036,0.0
Cuba,PWRPV01,322,2037,0.0
Cuba,PWRPV01,322,2038,0.0
Cuba,PWRPV01,322,2039,0.0
Cuba,PWRPV01,322,2040,0.0
Cuba,PWRPV01,322,2041,0.0
Cuba,PWRPV01,322,2042,0.0
Cuba,PWRPV01,322,2043,0.0
Cuba,PWRPV01,322,2044,0.0
Cuba,PWRPV01,322,2045,0.0
Cuba,PWRPV01,322,2046,0.0
Cuba,PWRPV01,322,2047,0.0
Cuba,PWRPV01,322,2048,0.0
Cuba,PWRPV01,322,2049,0.0
Cuba,PWRPV01,322,2050,0.0
Cuba,PWRPV01,322,2051,0.0
Cuba,PWRPV01,322,2052,0.0
Cuba,PWRPV01,322,2053,0.0
Cuba,PWRPV01,322,2054,0.0
Cuba,PWRPV01,322,2055,0.0
Cuba,PWRPV01,323,2019,0.018
Cuba,PWRPV01,323,2020,0.018
Cuba,PWRPV01,323,2021,0.018
Cuba,PWRPV01,323,2022,0.018
Cuba,PWRPV01,323,2023,0.018
Cuba,PWRPV01,323,2024,0.018
Cuba,PWRPV01,323,2025,0.018
Cuba,PWRPV01,323,2026,0.018
Cuba,PWRPV01,323,2027,0.018
Cuba,PWRPV01,323,2028,0.018
Cuba,PWRPV01,323,2029,0.018
Cuba,PWRPV01,323,2030,0.018
Cuba,PWRPV01,323,2031,0.018
Cuba,PWRPV01,323,2032,0.018
Cuba,PWRPV01,323,2033,0.018
Cuba,PWRPV01,323,2034,0.018
Cuba,PWRPV01,323,2035,0.018
Cuba,PWRPV01,323,2036,0.018
Cuba,PWRPV01,323,2037,0.018
Cuba,PWRPV01,323,2038,0.018
Cuba,PWRPV01,323,2039,0.018
Cuba,PWRPV01,323,2040,0.018
Cuba,PWRPV01,323,2041,0.018
Cuba,PWRPV01,323,2042,0.018
Cuba,PWRPV01,323,2043,0.018
Cuba,PWRPV01,323,2044,0.018
Cuba,PWRPV01,323,2045,0.018
Cuba,PWRPV01,323,2046,0.018
Cuba,PWRPV01,323,2047,0.018
Cuba,PWRPV01,323,2048,0.018
Cuba,PWRPV01,323,2049,0.018
Cuba,PWRPV01,323,2050,0.018
Cuba,PWRPV01,323,2051,0.018
Cuba,PWRPV01,323,2052,0.018
Cuba,PWRPV01,323,2053,0.018
Cuba,PWRPV01,323,2054,0.018
Cuba,PWRPV01,323,2055,0.018
Cuba,PWRPV01,324,2019,0.298
Cuba,PWRPV01,324,2020,0.298
Cuba,PWRPV01,324,2021,0.298
Cuba,PWRPV01,324,2022,0.298
Cuba,PWRPV01,324,2023,0.298
Cuba,PWRPV01,324,2024,0.298
Cuba,PWRPV01,324,2025,0.298
Cuba,PWRPV01,324,2026,0.298
Cuba,PWRPV01,324,2027,0.298
Cuba,PWRPV01,324,2028,0.298
Cuba,PWRPV01,324,2029,0.298
Cuba,PWRPV01,324,2030,0.298
Cuba,PWRPV01,324,2031,0.298
Cuba,PWRPV01,324,2032,0.298
Cuba,PWRPV01,324,2033,0.298
Cuba,PWRPV01,324,2034,0.298
Cuba,PWRPV01,324,2035,0.298
Cuba,PWRPV01,324,2036,0.298
Cuba,PWRPV01,324,2037,0.298
Cuba,PWRPV01,324,2038,0.298
Cuba,PWRPV01,324,2039,0.298
Cuba,PWRPV01,324,2040,0.298
Cuba,PWRPV01,324,2041,0.298
Cuba,PWRPV01,324,2042,0.298
Cuba,PWRPV01,324,2043,0.298
Cuba,PWRPV01,324,2044,0.298
Cuba,PWRPV01,324,2045,0.298
Cuba,PWRPV01,324,2046,0.298
Cuba,PWRPV01,324,2047,0.298
Cuba,PWRPV01,324,2048,0.298
Cuba,PWRPV01,324,2049,0.298
Cuba,PWRPV01,324,2050,0.298
Cuba,PWRPV01,324,2051,0.298
Cuba,PWRPV01,324,2052,0.298
Cuba,PWRPV01,324,2053,0.298
Cuba,PWRPV01,324,2054,0.298
Cuba,PWRPV01,324,2055,0.298
Cuba,PWRPV01,325,2019,0.579
Cuba,PWRPV01,325,2020,0.579
Cuba,PWRPV01,325,2021,0.579
Cuba,PWRPV01,325,2022,0.579
Cuba,PWRPV01,325,2023,0.579
Cuba,PWRPV01,325,2024,0.579
Cuba,PWRPV01,325,2025,0.579
Cuba,PWRPV01,325,2026,0.579
Cuba,PWRPV01,325,2027,0.579
Cuba,PWRPV01,325,2028,0.579
Cuba,PWRPV01,325,2029,0.579
Cuba,PWRPV01,325,2030,0.579
Cuba,PWRPV01,325,2031,0.579
Cuba,PWRPV01,325,2032,0.579
Cuba,PWRPV01,325,2033,0.579
Cuba,PWRPV01,325,2034,0.579
Cuba,PWRPV01,325,2035,0.579
Cuba,PWRPV01,325,2036,0.579
Cuba,PWRPV01,325,2037,0.579
Cuba,PWRPV01,325,2038,0.579
Cuba,PWRPV01,325,2039,0.579
Cuba,PWRPV01,325,2040,0.579
Cuba,PWRPV01,325,2041,0.579
Cuba,PWRPV01,325,2042,0.579
Cuba,PWRPV01,325,2043,0.579
Cuba,PWRPV01,325,2044,0.579
Cuba,PWRPV01,325,2045,0.579
Cuba,PWRPV01,325,2046,0.579
Cuba,PWRPV01,325,2047,0.579
Cuba,PWRPV01,325,2048,0.579
Cuba,PWRPV01,325,2049,0.579
Cuba,PWRPV01,325,2050,0.579
Cuba,PWRPV01,325,2051,0.579
Cuba,PWRPV01,325,2052,0.579
Cuba,PWRPV01,325,2053,0.579
Cuba,PWRPV01,325,2054,0.579
Cuba,PWRPV01,325,2055,0.579
Cuba,PWRPV01,326,2019,0.574
Cuba,PWRPV01,326,2020,0.574
Cuba,PWRPV01,326,2021,0.574
Cuba,PWRPV01,326,2022,0.574
Cuba,PWRPV01,326,2023,0.574
Cuba,PWRPV01,326,2024,0.574
Cuba,PWRPV01,326,2025,0.574
Cuba,PWRPV01,326,2026,0.574
Cuba,PWRPV01,326,2027,0.574
Cuba,PWRPV01,326,2028,0.574
Cuba,PWRPV01,326,2029,0.574
Cuba,PWRPV01,326,2030,0.574
Cuba,PWRPV01,326,2031,0.574
Cuba,PWRPV01,326,2032,0.574
Cuba,PWRPV01,326,2033,0.574
Cuba,PWRPV01,326,2034,0.574
Cuba,PWRPV01,326,2035,0.574
Cuba,PWRPV01,326,2036,0.574
Cuba,PWRPV01,326,2037,0.574
Cuba,PWRPV01,326,2038,0.574
Cuba,PWRPV01,326,2039,0.574
Cuba,PWRPV01,326,2040,0.574
Cuba,PWRPV01,326,2041,0.574
Cuba,PWRPV01,326,2042,0.574
Cuba,PWRPV01,326,2043,0.574
Cuba,PWRPV01,326,2044,0.574
Cuba,PWRPV01,326,2045,0.574
Cuba,PWRPV01,326,2046,0.574
Cuba,PWRPV01,326,2047,0.574
Cuba,PWRPV01,326,2048,0.574
Cuba,PWRPV01,326,2049,0.574
Cuba,PWRPV01,326,2050,0.574
Cuba,PWRPV01,326,2051,0.574
Cuba,PWRPV01,326,2052,0.574
Cuba,PWRPV01,326,2053,0.574
Cuba,PWRPV01,326,2054,0.574
Cuba,PWRPV01,326,2055,0.574
Cuba,PWRPV01,327,2019,0.314
Cuba,PWRPV01,327,2020,0.314
Cuba,PWRPV01,327,2021,0.314
Cuba,PWRPV01,327,2022,0.314
Cuba,PWRPV01,327,2023,0.314
Cuba,PWRPV01,327,2024,0.314
Cuba,PWRPV01,327,2025,0.314
Cuba,PWRPV01,327,2026,0.314
Cuba,PWRPV01,327,2027,0.314
Cuba,PWRPV01,327,2028,0.314
Cuba,PWRPV01,327,2029,0.314
Cuba,PWRPV01,327,2030,0.314
Cuba,PWRPV01,327,2031,0.314
Cuba,PWRPV01,327,2032,0.314
Cuba,PWRPV01,327,2033,0.314
Cuba,PWRPV01,327,2034,0.314
Cuba,PWRPV01,327,2035,0.314
Cuba,PWRPV01,327,2036,0.314
Cuba,PWRPV01,327,2037,0.314
Cuba,PWRPV01,327,2038,0.314
Cuba,PWRPV01,327,2039,0.314
Cuba,PWRPV01,327,2040,0.314
Cuba,PWRPV01,327,2041,0.314
Cuba,PWRPV01,327,2042,0.314
Cuba,PWRPV01,327,2043,0.314
Cuba,PWRPV01,327,2044,0.314
Cuba,PWRPV01,327,2045,0.314
Cuba,PWRPV01,327,2046,0.314
Cuba,PWRPV01,327,2047,0.314
Cuba,PWRPV01,327,2048,0.314
Cuba,PWRPV01,327,2049,0.314
Cuba,PWRPV01,327,2050,0.314
Cuba,PWRPV01,327,2051,0.314
Cuba,PWRPV01,327,2052,0.314
Cuba,PWRPV01,327,2053,0.314
Cuba,PWRPV01,327,2054,0.314
Cuba,PWRPV01,327,2055,0.314
Cuba,PWRPV01,328,2019,0.05
Cuba,PWRPV01,328,2020,0.05
Cuba,PWRPV01,328,2021,0.05
Cuba,PWRPV01,328,2022,0.05
Cuba,PWRPV01,328,2023,0.05
Cuba,PWRPV01,328,2024,0.05
Cuba,PWRPV01,328,2025,0.05
Cuba,PWRPV01,328,2026,0.05
Cuba,PWRPV01,328,2027,0.05
Cuba,PWRPV01,328,2028,0.05
Cuba,PWRPV01,328,2029,0.05
Cuba,PWRPV01,328,2030,0.05
Cuba,PWRPV01,328,2031,0.05
Cuba,PWRPV01,328,2032,0.05
Cuba,PWRPV01,328,2033,0.05
Cuba,PWRPV01,328,2034,0.05
Cuba,PWRPV01,328,2035,0.05
Cuba,PWRPV01,328,2036,0.05
Cuba,PWRPV01,328,2037,0.05
Cuba,PWRPV01,328,2038,0.05
Cuba,PWRPV01,328,2039,0.05
Cuba,PWRPV01,328,2040,0.05
Cuba,PWRPV01,328,2041,0.05
Cuba,PWRPV01,328,2042,0.05
Cuba,PWRPV01,328,2043,0.05
Cuba,PWRPV01,328,2044,0.05
Cuba,PWRPV01,328,2045,0.05
Cuba,PWRPV01,328,2046,0.05
Cuba,PWRPV01,328,2047,0.05
Cuba,PWRPV01,328,2048,0.05
Cuba,PWRPV01,328,2049,0.05
Cuba,PWRPV01,328,2050,0.05
Cuba,PWRPV01,328,2051,0.05
Cuba,PWRPV01,328,2052,0.05
Cuba,PWRPV01,328,2053,0.05
Cuba,PWRPV01,328,2054,0.05
Cuba,PWRPV01,328,2055,0.05
Cuba,PWRPV01,411,2019,0.0
Cuba,PWRPV01,411,2020,0.0
Cuba,PWRPV01,411,2021,0.0
Cuba,PWRPV01,411,2022,0.0
Cuba,PWRPV01,411,2023,0.0
Cuba,PWRPV01,411,2024,0.0
Cuba,PWRPV01,411,2025,0.0
Cuba,PWRPV01,411,2026,0.0
Cuba,PWRPV01,411,2027,0.0
Cuba,PWRPV01,411,2028,0.0
Cuba,PWRPV01,411,2029,0.0
Cuba,PWRPV01,411,2030,0.0
Cuba,PWRPV01,411,2031,0.0
Cuba,PWRPV01,411,2032,0.0
Cuba,PWRPV01,411,2033,0.0
Cuba,PWRPV01,411,2034,0.0
Cuba,PWRPV01,411,2035,0.0
Cuba,PWRPV01,411,2036,0.0
Cuba,PWRPV01,411,2037,0.0
Cuba,PWRPV01,411,2038,0.0
Cuba,PWRPV01,411,2039,0.0
Cuba,PWRPV01,411,2040,0.0
Cuba,PWRPV01,411,2041,0.0
Cuba,PWRPV01,411,2042,0.0
Cuba,PWRPV01,411,2043,0.0
Cuba,PWRPV01,411,2044,0.0
Cuba,PWRPV01,411,2045,0.0
Cuba,PWRPV01,411,2046,0.0
Cuba,PWRPV01,411,2047,0.0
Cuba,PWRPV01,411,2048,0.0
Cuba,PWRPV01,411,2049,0.0
Cuba,PWRPV01,411,2050,0.0
Cuba,PWRPV01,411,2051,0.0
Cuba,PWRPV01,411,2052,0.0
Cuba,PWRPV01,411,2053,0.0
Cuba,PWRPV01,411,2054,0.0
Cuba,PWRPV01,411,2055,0.0
Cuba,PWRPV01,412,2019,0.0
Cuba,PWRPV01,412,2020,0.0
Cuba,PWRPV01,412,2021,0.0
Cuba,PWRPV01,412,2022,0.0
Cuba,PWRPV01,412,2023,0.0
Cuba,PWRPV01,412,2024,0.0
Cuba,PWRPV01,412,2025,0.0
Cuba,PWRPV01,412,2026,0.0
Cuba,PWRPV01,412,2027,0.0
Cuba,PWRPV01,412,2028,0.0
Cuba,PWRPV01,412,2029,0.0
Cuba,PWRPV01,412,2030,0.0
Cuba,PWRPV01,412,2031,0.0
Cuba,PWRPV01,412,2032,0.0
Cuba,PWRPV01,412,2033,0.0
Cuba,PWRPV01,412,2034,0.0
Cuba,PWRPV01,412,2035,0.0
Cuba,PWRPV01,412,2036,0.0
Cuba,PWRPV01,412,2037,0.0
Cuba,PWRPV01,412,2038,0.0
Cuba,PWRPV01,412,2039,0.0
Cuba,PWRPV01,412,2040,0.0
Cuba,PWRPV01,412,2041,0.0
Cuba,PWRPV01,412,2042,0.0
Cuba,PWRPV01,412,2043,0.0
Cuba,PWRPV01,412,2044,0.0
Cuba,PWRPV01,412,2045,0.0
Cuba,PWRPV01,412,2046,0.0
Cuba,PWRPV01,412,2047,0.0
Cuba,PWRPV01,412,2048,0.0
Cuba,PWRPV01,412,2049,0.0
Cuba,PWRPV01,412,2050,0.0
Cuba,PWRPV01,412,2051,0.0
Cuba,PWRPV01,412,2052,0.0
Cuba,PWRPV01,412,2053,0.0
Cuba,PWRPV01,412,2054,0.0
Cuba,PWRPV01,412,2055,0.0
Cuba,PWRPV01,413,2019,0.004
Cuba,PWRPV01,413,2020,0.004
Cuba,PWRPV01,413,2021,0.004
Cuba,PWRPV01,413,2022,0.004
Cuba,PWRPV01,413,2023,0.004
Cuba,PWRPV01,413,2024,0.004
Cuba,PWRPV01,413,2025,0.004
Cuba,PWRPV01,413,2026,0.004
Cuba,PWRPV01,413,2027,0.004
Cuba,PWRPV01,413,2028,0.004
Cuba,PWRPV01,413,2029,0.004
Cuba,PWRPV01,413,2030,0.004
Cuba,PWRPV01,413,2031,0.004
Cuba,PWRPV01,413,2032,0.004
Cuba,PWRPV01,413,2033,0.004
Cuba,PWRPV01,413,2034,0.004
Cuba,PWRPV01,413,2035,0.004
Cuba,PWRPV01,413,2036,0.004
Cuba,PWRPV01,413,2037,0.004
Cuba,PWRPV01,413,2038,0.004
Cuba,PWRPV01,413,2039,0.004
Cuba,PWRPV01,413,2040,0.004
Cuba,PWRPV01,413,2041,0.004
Cuba,PWRPV01,413,2042,0.004
Cuba,PWRPV01,413,2043,0.004
Cuba,PWRPV01,413,2044,0.004
Cuba,PWRPV01,413,2045,0.004
Cuba,PWRPV01,413,2046,0.004
Cuba,PWRPV01,413,2047,0.004
Cuba,PWRPV01,413,2048,0.004
Cuba,PWRPV01,413,2049,0.004
Cuba,PWRPV01,413,2050,0.004
Cuba,PWRPV01,413,2051,0.004
Cuba,PWRPV01,413,2052,0.004
Cuba,PWRPV01,413,2053,0.004
Cuba,PWRPV01,413,2054,0.004
Cuba,PWRPV01,413,2055,0.004
Cuba,PWRPV01,414,2019,0.234
Cuba,PWRPV01,414,2020,0.234
Cuba,PWRPV01,414,2021,0.234
Cuba,PWRPV01,414,2022,0.234
Cuba,PWRPV01,414,2023,0.234
Cuba,PWRPV01,414,2024,0.234
Cuba,PWRPV01,414,2025,0.234
Cuba,PWRPV01,414,2026,0.234
Cuba,PWRPV01,414,2027,0.234
Cuba,PWRPV01,414,2028,0.234
Cuba,PWRPV01,414,2029,0.234
Cuba,PWRPV01,414,2030,0.234
Cuba,PWRPV01,414,2031,0.234
Cuba,PWRPV01,414,2032,0.234
Cuba,PWRPV01,414,2033,0.234
Cuba,PWRPV01,414,2034,0.234
Cuba,PWRPV01,414,2035,0.234
Cuba,PWRPV01,414,2036,0.234
Cuba,PWRPV01,414,2037,0.234
Cuba,PWRPV01,414,2038,0.234
Cuba,PWRPV01,414,2039,0.234
Cuba,PWRPV01,414,2040,0.234
Cuba,PWRPV01,414,2041,0.234
Cuba,PWRPV01,414,2042,0.234
Cuba,PWRPV01,414,2043,0.234
Cuba,PWRPV01,414,2044,0.234
Cuba,PWRPV01,414,2045,0.234
Cuba,PWRPV01,414,2046,0.234
Cuba,PWRPV01,414,2047,0.234
Cuba,PWRPV01,414,2048,0.234
Cuba,PWRPV01,414,2049,0.234
Cuba,PWRPV01,414,2050,0.234
Cuba,PWRPV01,414,2051,0.234
Cuba,PWRPV01,414,2052,0.234
Cuba,PWRPV01,414,2053,0.234
Cuba,PWRPV01,414,2054,0.234
Cuba,PWRPV01,414,2055,0.234
Cuba,PWRPV01,415,2019,0.54
Cuba,PWRPV01,415,2020,0.54
Cuba,PWRPV01,415,2021,0.54
Cuba,PWRPV01,415,2022,0.54
Cuba,PWRPV01,415,2023,0.54
Cuba,PWRPV01,415,2024,0.54
Cuba,PWRPV01,415,2025,0.54
Cuba,PWRPV01,415,2026,0.54
Cuba,PWRPV01,415,2027,0.54
Cuba,PWRPV01,415,2028,0.54
Cuba,PWRPV01,415,2029,0.54
Cuba,PWRPV01,415,2030,0.54
Cuba,PWRPV01,415,2031,0.54
Cuba,PWRPV01,415,2032,0.54
Cuba,PWRPV01,415,2033,0.54
Cuba,PWRPV01,415,2034,0.54
Cuba,PWRPV01,415,2035,0.54
Cuba,PWRPV01,415,2036,0.54
Cuba,PWRPV01,415,2037,0.54
Cuba,PWRPV01,415,2038,0.54
Cuba,PWRPV01,415,2039,0.54
Cuba,PWRPV01,415,2040,0.54
Cuba,PWRPV01,415,2041,0.54
Cuba,PWRPV01,415,2042,0.54
Cuba,PWRPV01,415,2043,0.54
Cuba,PWRPV01,415,2044,0.54
Cuba,PWRPV01,415,2045,0.54
Cuba,PWRPV01,415,2046,0.54
Cuba,PWRPV01,415,2047,0.54
Cuba,PWRPV01,415,2048,0.54
Cuba,PWRPV01,415,2049,0.54
Cuba,PWRPV01,415,2050,0.54
Cuba,PWRPV01,415,2051,0.54
Cuba,PWRPV01,415,2052,0.54
Cuba,PWRPV01,415,2053,0.54
Cuba,PWRPV01,415,2054,0.54
Cuba,PWRPV01,415,2055,0.54
Cuba,PWRPV01,416,2019,0.563
Cuba,PWRPV01,416,2020,0.563
Cuba,PWRPV01,416,2021,0.563
Cuba,PWRPV01,416,2022,0.563
Cuba,PWRPV01,416,2023,0.563
Cuba,PWRPV01,416,2024,0.563
Cuba,PWRPV01,416,2025,0.563
Cuba,PWRPV01,416,2026,0.563
Cuba,PWRPV01,416,2027,0.563
Cuba,PWRPV01,416,2028,0.563
Cuba,PWRPV01,416,2029,0.563
Cuba,PWRPV01,416,2030,0.563
Cuba,PWRPV01,416,2031,0.563
Cuba,PWRPV01,416,2032,0.563
Cuba,PWRPV01,416,2033,0.563
Cuba,PWRPV01,416,2034,0.563
Cuba,PWRPV01,416,2035,0.563
Cuba,PWRPV01,416,2036,0.563
Cuba,PWRPV01,416,2037,0.563
Cuba,PWRPV01,416,2038,0.563
Cuba,PWRPV01,416,2039,0.563
Cuba,PWRPV01,416,2040,0.563
Cuba,PWRPV01,416,2041,0.563
Cuba,PWRPV01,416,2042,0.563
Cuba,PWRPV01,416,2043,0.563
Cuba,PWRPV01,416,2044,0.563
Cuba,PWRPV01,416,2045,0.563
Cuba,PWRPV01,416,2046,0.563
Cuba,PWRPV01,416,2047,0.563
Cuba,PWRPV01,416,2048,0.563
Cuba,PWRPV01,416,2049,0.563
Cuba,PWRPV01,416,2050,0.563
Cuba,PWRPV01,416,2051,0.563
Cuba,PWRPV01,416,2052,0.563
Cuba,PWRPV01,416,2053,0.563
Cuba,PWRPV01,416,2054,0.563
Cuba,PWRPV01,416,2055,0.563
Cuba,PWRPV01,417,2019,0.342
Cuba,PWRPV01,417,2020,0.342
Cuba,PWRPV01,417,2021,0.342
Cuba,PWRPV01,417,2022,0.342
Cuba,PWRPV01,417,2023,0.342
Cuba,PWRPV01,417,2024,0.342
Cuba,PWRPV01,417,2025,0.342
Cuba,PWRPV01,417,2026,0.342
Cuba,PWRPV01,417,2027,0.342
Cuba,PWRPV01,417,2028,0.342
Cuba,PWRPV01,417,2029,0.342
Cuba,PWRPV01,417,2030,0.342
Cuba,PWRPV01,417,2031,0.342
Cuba,PWRPV01,417,2032,0.342
Cuba,PWRPV01,417,2033,0.342
Cuba,PWRPV01,417,2034,0.342
Cuba,PWRPV01,417,2035,0.342
Cuba,PWRPV01,417,2036,0.342
Cuba,PWRPV01,417,2037,0.342
Cuba,PWRPV01,417,2038,0.342
Cuba,PWRPV01,417,2039,0.342
Cuba,PWRPV01,417,2040,0.342
Cuba,PWRPV01,417,2041,0.342
Cuba,PWRPV01,417,2042,0.342
Cuba,PWRPV01,417,2043,0.342
Cuba,PWRPV01,417,2044,0.342
Cuba,PWRPV01,417,2045,0.342
Cuba,PWRPV01,417,2046,0.342
Cuba,PWRPV01,417,2047,0.342
Cuba,PWRPV01,417,2048,0.342
Cuba,PWRPV01,417,2049,0.342
Cuba,PWRPV01,417,2050,0.342
Cuba,PWRPV01,417,2051,0.342
Cuba,PWRPV01,417,2052,0.342
Cuba,PWRPV01,417,2053,0.342
Cuba,PWRPV01,417,2054,0.342
Cuba,PWRPV01,417,2055,0.342
Cuba,PWRPV01,418,2019,0.021
Cuba,PWRPV01,418,2020,0.021
Cuba,PWRPV01,418,2021,0.021
Cuba,PWRPV01,418,2022,0.021
Cuba,PWRPV01,418,2023,0.021
Cuba,PWRPV01,418,2024,0.021
Cuba,PWRPV01,418,2025,0.021
Cuba,PWRPV01,418,2026,0.021
Cuba,PWRPV01,418,2027,0.021
Cuba,PWRPV01,418,2028,0.021
Cuba,PWRPV01,418,2029,0.021
Cuba,PWRPV01,418,2030,0.021
Cuba,PWRPV01,418,2031,0.021
Cuba,PWRPV01,418,2032,0.021
Cuba,PWRPV01,418,2033,0.021
Cuba,PWRPV01,418,2034,0.021
Cuba,PWRPV01,418,2035,0.021
Cuba,PWRPV01,418,2036,0.021
Cuba,PWRPV01,418,2037,0.021
Cuba,PWRPV01,418,2038,0.021
Cuba,PWRPV01,418,2039,0.021
Cuba,PWRPV01,418,2040,0.021
Cuba,PWRPV01,418,2041,0.021
Cuba,PWRPV01,418,2042,0.021
Cuba,PWRPV01,418,2043,0.021
Cuba,PWRPV01,418,2044,0.021
Cuba,PWRPV01,418,2045,0.021
Cuba,PWRPV01,418,2046,0.021
Cuba,PWRPV01,418,2047,0.021
Cuba,PWRPV01,418,2048,0.021
Cuba,PWRPV01,418,2049,0.021
Cuba,PWRPV01,418,2050,0.021
Cuba,PWRPV01,418,2051,0.021
Cuba,PWRPV01,418,2052,0.021
Cuba,PWRPV01,418,2053,0.021
Cuba,PWRPV01,418,2054,0.021
Cuba,PWRPV01,418,2055,0.021
Cuba,PWRPV01,421,2019,0.0
Cuba,PWRPV01,421,2020,0.0
Cuba,PWRPV01,421,2021,0.0
Cuba,PWRPV01,421,2022,0.0
Cuba,PWRPV01,421,2023,0.0
Cuba,PWRPV01,421,2024,0.0
Cuba,PWRPV01,421,2025,0.0
Cuba,PWRPV01,421,2026,0.0
Cuba,PWRPV01,421,2027,0.0
Cuba,PWRPV01,421,2028,0.0
Cuba,PWRPV01,421,2029,0.0
Cuba,PWRPV01,421,2030,0.0
Cuba,PWRPV01,421,2031,0.0
Cuba,PWRPV01,421,2032,0.0
Cuba,PWRPV01,421,2033,0.0
Cuba,PWRPV01,421,2034,0.0
Cuba,PWRPV01,421,2035,0.0
Cuba,PWRPV01,421,2036,0.0
Cuba,PWRPV01,421,2037,0.0
Cuba,PWRPV01,421,2038,0.0
Cuba,PWRPV01,421,2039,0.0
Cuba,PWRPV01,421,2040,0.0
Cuba,PWRPV01,421,2041,0.0
Cuba,PWRPV01,421,2042,0.0
Cuba,PWRPV01,421,2043,0.0
Cuba,PWRPV01,421,2044,0.0
Cuba,PWRPV01,421,2045,0.0
Cuba,PWRPV01,421,2046,0.0
Cuba,PWRPV01,421,2047,0.0
Cuba,PWRPV01,421,2048,0.0
Cuba,PWRPV01,421,2049,0.0
Cuba,PWRPV01,421,2050,0.0
Cuba,PWRPV01,421,2051,0.0
Cuba,PWRPV01,421,2052,0.0
Cuba,PWRPV01,421,2053,0.0
Cuba,PWRPV01,421,2054,0.0
Cuba,PWRPV01,421,2055,0.0
Cuba,PWRPV01,422,2019,0.0
Cuba,PWRPV01,422,2020,0.0
Cuba,PWRPV01,422,2021,0.0
Cuba,PWRPV01,422,2022,0.0
Cuba,PWRPV01,422,2023,0.0
Cuba,PWRPV01,422,2024,0.0
Cuba,PWRPV01,422,2025,0.0
Cuba,PWRPV01,422,2026,0.0
Cuba,PWRPV01,422,2027,0.0
Cuba,PWRPV01,422,2028,0.0
Cuba,PWRPV01,422,2029,0.0
Cuba,PWRPV01,422,2030,0.0
Cuba,PWRPV01,422,2031,0.0
Cuba,PWRPV01,422,2032,0.0
Cuba,PWRPV01,422,2033,0.0
Cuba,PWRPV01,422,2034,0.0
Cuba,PWRPV01,422,2035,0.0
Cuba,PWRPV01,422,2036,0.0
Cuba,PWRPV01,422,2037,0.0
Cuba,PWRPV01,422,2038,0.0
Cuba,PWRPV01,422,2039,0.0
Cuba,PWRPV01,422,2040,0.0
Cuba,PWRPV01,422,2041,0.0
Cuba,PWRPV01,422,2042,0.0
Cuba,PWRPV01,422,2043,0.0
Cuba,PWRPV01,422,2044,0.0
Cuba,PWRPV01,422,2045,0.0
Cuba,PWRPV01,422,2046,0.0
Cuba,PWRPV01,422,2047,0.0
Cuba,PWRPV01,422,2048,0.0
Cuba,PWRPV01,422,2049,0.0
Cuba,PWRPV01,422,2050,0.0
Cuba,PWRPV01,422,2051,0.0
Cuba,PWRPV01,422,2052,0.0
Cuba,PWRPV01,422,2053,0.0
Cuba,PWRPV01,422,2054,0.0
Cuba,PWRPV01,422,2055,0.0
Cuba,PWRPV01,423,2019,0.004
Cuba,PWRPV01,423,2020,0.004
Cuba,PWRPV01,423,2021,0.004
Cuba,PWRPV01,423,2022,0.004
Cuba,PWRPV01,423,2023,0.004
Cuba,PWRPV01,423,2024,0.004
Cuba,PWRPV01,423,2025,0.004
Cuba,PWRPV01,423,2026,0.004
Cuba,PWRPV01,423,2027,0.004
Cuba,PWRPV01,423,2028,0.004
Cuba,PWRPV01,423,2029,0.004
Cuba,PWRPV01,423,2030,0.004
Cuba,PWRPV01,423,2031,0.004
Cuba,PWRPV01,423,2032,0.004
Cuba,PWRPV01,423,2033,0.004
Cuba,PWRPV01,423,2034,0.004
Cuba,PWRPV01,423,2035,0.004
Cuba,PWRPV01,423,2036,0.004
Cuba,PWRPV01,423,2037,0.004
Cuba,PWRPV01,423,2038,0.004
Cuba,PWRPV01,423,2039,0.004
Cuba,PWRPV01,423,2040,0.004
Cuba,PWRPV01,423,2041,0.004
Cuba,PWRPV01,423,2042,0.004
Cuba,PWRPV01,423,2043,0.004
Cuba,PWRPV01,423,2044,0.004
Cuba,PWRPV01,423,2045,0.004
Cuba,PWRPV01,423,2046,0.004
Cuba,PWRPV01,423,2047,0.004
Cuba,PWRPV01,423,2048,0.004
Cuba,PWRPV01,423,2049,0.004
Cuba,PWRPV01,423,2050,0.004
Cuba,PWRPV01,423,2051,0.004
Cuba,PWRPV01,423,2052,0.004
Cuba,PWRPV01,423,2053,0.004
Cuba,PWRPV01,423,2054,0.004
Cuba,PWRPV01,423,2055,0.004
Cuba,PWRPV01,424,2019,0.233
Cuba,PWRPV01,424,2020,0.233
Cuba,PWRPV01,424,2021,0.233
Cuba,PWRPV01,424,2022,0.233
Cuba,PWRPV01,424,2023,0.233
Cuba,PWRPV01,424,2024,0.233
Cuba,PWRPV01,424,2025,0.233
Cuba,PWRPV01,424,2026,0.233
Cuba,PWRPV01,424,2027,0.233
Cuba,PWRPV01,424,2028,0.233
Cuba,PWRPV01,424,2029,0.233
Cuba,PWRPV01,424,2030,0.233
Cuba,PWRPV01,424,2031,0.233
Cuba,PWRPV01,424,2032,0.233
Cuba,PWRPV01,424,2033,0.233
Cuba,PWRPV01,424,2034,0.233
Cuba,PWRPV01,424,2035,0.233
Cuba,PWRPV01,424,2036,0.233
Cuba,PWRPV01,424,2037,0.233
Cuba,PWRPV01,424,2038,0.233
Cuba,PWRPV01,424,2039,0.233
Cuba,PWRPV01,424,2040,0.233
Cuba,PWRPV01,424,2041,0.233
Cuba,PWRPV01,424,2042,0.233
Cuba,PWRPV01,424,2043,0.233
Cuba,PWRPV01,424,2044,0.233
Cuba,PWRPV01,424,2045,0.233
Cuba,PWRPV01,424,2046,0.233
Cuba,PWRPV01,424,2047,0.233
Cuba,PWRPV01,424,2048,0.233
Cuba,PWRPV01,424,2049,0.233
Cuba,PWRPV01,424,2050,0.233
Cuba,PWRPV01,424,2051,0.233
Cuba,PWRPV01,424,2052,0.233
Cuba,PWRPV01,424,2053,0.233
Cuba,PWRPV01,424,2054,0.233
Cuba,PWRPV01,424,2055,0.233
Cuba,PWRPV01,425,2019,0.537
Cuba,PWRPV01,425,2020,0.537
Cuba,PWRPV01,425,2021,0.537
Cuba,PWRPV01,425,2022,0.537
Cuba,PWRPV01,425,2023,0.537
Cuba,PWRPV01,425,2024,0.537
Cuba,PWRPV01,425,2025,0.537
Cuba,PWRPV01,425,2026,0.537
Cuba,PWRPV01,425,2027,0.537
Cuba,PWRPV01,425,2028,0.537
Cuba,PWRPV01,425,2029,0.537
Cuba,PWRPV01,425,2030,0.537
Cuba,PWRPV01,425,2031,0.537
Cuba,PWRPV01,425,2032,0.537
Cuba,PWRPV01,425,2033,0.537
Cuba,PWRPV01,425,2034,0.537
Cuba,PWRPV01,425,2035,0.537
Cuba,PWRPV01,425,2036,0.537
Cuba,PWRPV01,425,2037,0.537
Cuba,PWRPV01,425,2038,0.537
Cuba,PWRPV01,425,2039,0.537
Cuba,PWRPV01,425,2040,0.537
Cuba,PWRPV01,425,2041,0.537
Cuba,PWRPV01,425,2042,0.537
Cuba,PWRPV01,425,2043,0.537
Cuba,PWRPV01,425,2044,0.537
Cuba,PWRPV01,425,2045,0.537
Cuba,PWRPV01,425,2046,0.537
Cuba,PWRPV01,425,2047,0.537
Cuba,PWRPV01,425,2048,0.537
Cuba,PWRPV01,425,2049,0.537
Cuba,PWRPV01,425,2050,0.537
Cuba,PWRPV01,425,2051,0.537
Cuba,PWRPV01,425,2052,0.537
Cuba,PWRPV01,425,2053,0.537
Cuba,PWRPV01,425,2054,0.537
Cuba,PWRPV01,425,2055,0.537
Cuba,PWRPV01,426,2019,0.573
Cuba,PWRPV01,426,2020,0.573
Cuba,PWRPV01,426,2021,0.573
Cuba,PWRPV01,426,2022,0.573
Cuba,PWRPV01,426,2023,0.573
Cuba,PWRPV01,426,2024,0.573
Cuba,PWRPV01,426,2025,0.573
Cuba,PWRPV01,426,2026,0.573
Cuba,PWRPV01,426,2027,0.573
Cuba,PWRPV01,426,2028,0.573
Cuba,PWRPV01,426,2029,0.573
Cuba,PWRPV01,426,2030,0.573
Cuba,PWRPV01,426,2031,0.573
Cuba,PWRPV01,426,2032,0.573
Cuba,PWRPV01,426,2033,0.573
Cuba,PWRPV01,426,2034,0.573
Cuba,PWRPV01,426,2035,0.573
Cuba,PWRPV01,426,2036,0.573
Cuba,PWRPV01,426,2037,0.573
Cuba,PWRPV01,426,2038,0.573
Cuba,PWRPV01,426,2039,0.573
Cuba,PWRPV01,426,2040,0.573
Cuba,PWRPV01,426,2041,0.573
Cuba,PWRPV01,426,2042,0.573
Cuba,PWRPV01,426,2043,0.573
Cuba,PWRPV01,426,2044,0.573
Cuba,PWRPV01,426,2045,0.573
Cuba,PWRPV01,426,2046,0.573
Cuba,PWRPV01,426,2047,0.573
Cuba,PWRPV01,426,2048,0.573
Cuba,PWRPV01,426,2049,0.573
Cuba,PWRPV01,426,2050,0.573
Cuba,PWRPV01,426,2051,0.573
Cuba,PWRPV01,426,2052,0.573
Cuba,PWRPV01,426,2053,0.573
Cuba,PWRPV01,426,2054,0.573
Cuba,PWRPV01,426,2055,0.573
Cuba,PWRPV01,427,2019,0.34
Cuba,PWRPV01,427,2020,0.34
Cuba,PWRPV01,427,2021,0.34
Cuba,PWRPV01,427,2022,0.34
Cuba,PWRPV01,427,2023,0.34
Cuba,PWRPV01,427,2024,0.34
Cuba,PWRPV01,427,2025,0.34
Cuba,PWRPV01,427,2026,0.34
Cuba,PWRPV01,427,2027,0.34
Cuba,PWRPV01,427,2028,0.34
Cuba,PWRPV01,427,2029,0.34
Cuba,PWRPV01,427,2030,0.34
Cuba,PWRPV01,427,2031,0.34
Cuba,PWRPV01,427,2032,0.34
Cuba,PWRPV01,427,2033,0.34
Cuba,PWRPV01,427,2034,0.34
Cuba,PWRPV01,427,2035,0.34
Cuba,PWRPV01,427,2036,0.34
Cuba,PWRPV01,427,2037,0.34
Cuba,PWRPV01,427,2038,0.34
Cuba,PWRPV01,427,2039,0.34
Cuba,PWRPV01,427,2040,0.34
Cuba,PWRPV01,427,2041,0.34
Cuba,PWRPV01,427,2042,0.34
Cuba,PWRPV01,427,2043,0.34
Cuba,PWRPV01,427,2044,0.34
Cuba,PWRPV01,427,2045,0.34
Cuba,PWRPV01,427,2046,0.34
Cuba,PWRPV01,427,2047,0.34
Cuba,PWRPV01,427,2048,0.34
Cuba,PWRPV01,427,2049,0.34
Cuba,PWRPV01,427,2050,0.34
Cuba,PWRPV01,427,2051,0.34
Cuba,PWRPV01,427,2052,0.34
Cuba,PWRPV01,427,2053,0.34
Cuba,PWRPV01,427,2054,0.34
Cuba,PWRPV01,427,2055,0.34
Cuba,PWRPV01,428,2019,0.023
Cuba,PWRPV01,428,2020,0.023
Cuba,PWRPV01,428,2021,0.023
Cuba,PWRPV01,428,2022,0.023
Cuba,PWRPV01,428,2023,0.023
Cuba,PWRPV01,428,2024,0.023
Cuba,PWRPV01,428,2025,0.023
Cuba,PWRPV01,428,2026,0.023
Cuba,PWRPV01,428,2027,0.023
Cuba,PWRPV01,428,2028,0.023
Cuba,PWRPV01,428,2029,0.023
Cuba,PWRPV01,428,2030,0.023
Cuba,PWRPV01,428,2031,0.023
Cuba,PWRPV01,428,2032,0.023
Cuba,PWRPV01,428,2033,0.023
Cuba,PWRPV01,428,2034,0.023
Cuba,PWRPV01,428,2035,0.023
Cuba,PWRPV01,428,2036,0.023
Cuba,PWRPV01,428,2037,0.023
Cuba,PWRPV01,428,2038,0.023
Cuba,PWRPV01,428,2039,0.023
Cuba,PWRPV01,428,2040,0.023
Cuba,PWRPV01,428,2041,0.023
Cuba,PWRPV01,428,2042,0.023
Cuba,PWRPV01,428,2043,0.023
Cuba,PWRPV01,428,2044,0.023
Cuba,PWRPV01,428,2045,0.023
Cuba,PWRPV01,428,2046,0.023
Cuba,PWRPV01,428,2047,0.023
Cuba,PWRPV01,428,2048,0.023
Cuba,PWRPV01,428,2049,0.023
Cuba,PWRPV01,428,2050,0.023
Cuba,PWRPV01,428,2051,0.023
Cuba,PWRPV01,428,2052,0.023
Cuba,PWRPV01,428,2053,0.023
Cuba,PWRPV01,428,2054,0.023
Cuba,PWRPV01,428,2055,0.023
Cuba,PWRPV02,111,2019,0.0
Cuba,PWRPV02,111,2020,0.0
Cuba,PWRPV02,111,2021,0.0
Cuba,PWRPV02,111,2022,0.0
Cuba,PWRPV02,111,2023,0.0
Cuba,PWRPV02,111,2024,0.0
Cuba,PWRPV02,111,2025,0.0
Cuba,PWRPV02,111,2026,0.0
Cuba,PWRPV02,111,2027,0.0
Cuba,PWRPV02,111,2028,0.0
Cuba,PWRPV02,111,2029,0.0
Cuba,PWRPV02,111,2030,0.0
Cuba,PWRPV02,111,2031,0.0
Cuba,PWRPV02,111,2032,0.0
Cuba,PWRPV02,111,2033,0.0
Cuba,PWRPV02,111,2034,0.0
Cuba,PWRPV02,111,2035,0.0
Cuba,PWRPV02,111,2036,0.0
Cuba,PWRPV02,111,2037,0.0
Cuba,PWRPV02,111,2038,0.0
Cuba,PWRPV02,111,2039,0.0
Cuba,PWRPV02,111,2040,0.0
Cuba,PWRPV02,111,2041,0.0
Cuba,PWRPV02,111,2042,0.0
Cuba,PWRPV02,111,2043,0.0
Cuba,PWRPV02,111,2044,0.0
Cuba,PWRPV02,111,2045,0.0
Cuba,PWRPV02,111,2046,0.0
Cuba,PWRPV02,111,2047,0.0
Cuba,PWRPV02,111,2048,0.0
Cuba,PWRPV02,111,2049,0.0
Cuba,PWRPV02,111,2050,0.0
Cuba,PWRPV02,111,2051,0.0
Cuba,PWRPV02,111,2052,0.0
Cuba,PWRPV02,111,2053,0.0
Cuba,PWRPV02,111,2054,0.0
Cuba,PWRPV02,111,2055,0.0
Cuba,PWRPV02,112,2019,0.0
Cuba,PWRPV02,112,2020,0.0
Cuba,PWRPV02,112,2021,0.0
Cuba,PWRPV02,112,2022,0.0
Cuba,PWRPV02,112,2023,0.0
Cuba,PWRPV02,112,2024,0.0
Cuba,PWRPV02,112,2025,0.0
Cuba,PWRPV02,112,2026,0.0
Cuba,PWRPV02,112,2027,0.0
Cuba,PWRPV02,112,2028,0.0
Cuba,PWRPV02,112,2029,0.0
Cuba,PWRPV02,112,2030,0.0
Cuba,PWRPV02,112,2031,0.0
Cuba,PWRPV02,112,2032,0.0
Cuba,PWRPV02,112,2033,0.0
Cuba,PWRPV02,112,2034,0.0
Cuba,PWRPV02,112,2035,0.0
Cuba,PWRPV02,112,2036,0.0
Cuba,PWRPV02,112,2037,0.0
Cuba,PWRPV02,112,2038,0.0
Cuba,PWRPV02,112,2039,0.0
Cuba,PWRPV02,112,2040,0.0
Cuba,PWRPV02,112,2041,0.0
Cuba,PWRPV02,112,2042,0.0
Cuba,PWRPV02,112,2043,0.0
Cuba,PWRPV02,112,2044,0.0
Cuba,PWRPV02,112,2045,0.0
Cuba,PWRPV02,112,2046,0.0
Cuba,PWRPV02,112,2047,0.0
Cuba,PWRPV02,112,2048,0.0
Cuba,PWRPV02,112,2049,0.0
Cuba,PWRPV02,112,2050,0.0
Cuba,PWRPV02,112,2051,0.0
Cuba,PWRPV02,112,2052,0.0
Cuba,PWRPV02,112,2053,0.0
Cuba,PWRPV02,112,2054,0.0
Cuba,PWRPV02,112,2055,0.0
Cuba,PWRPV02,113,2019,0.0
Cuba,PWRPV02,113,2020,0.0
Cuba,PWRPV02,113,2021,0.0
Cuba,PWRPV02,113,2022,0.0
Cuba,PWRPV02,113,2023,0.0
Cuba,PWRPV02,113,2024,0.0
Cuba,PWRPV02,113,2025,0.0
Cuba,PWRPV02,113,2026,0.0
Cuba,PWRPV02,113,2027,0.0
Cuba,PWRPV02,113,2028,0.0
Cuba,PWRPV02,113,2029,0.0
Cuba,PWRPV02,113,2030,0.0
Cuba,PWRPV02,113,2031,0.0
Cuba,PWRPV02,113,2032,0.0
Cuba,PWRPV02,113,2033,0.0
Cuba,PWRPV02,113,2034,0.0
Cuba,PWRPV02,113,2035,0.0
Cuba,PWRPV02,113,2036,0.0
Cuba,PWRPV02,113,2037,0.0
Cuba,PWRPV02,113,2038,0.0
Cuba,PWRPV02,113,2039,0.0
Cuba,PWRPV02,113,2040,0.0
Cuba,PWRPV02,113,2041,0.0
Cuba,PWRPV02,113,2042,0.0
Cuba,PWRPV02,113,2043,0.0
Cuba,PWRPV02,113,2044,0.0
Cuba,PWRPV02,113,2045,0.0
Cuba,PWRPV02,113,2046,0.0
Cuba,PWRPV02,113,2047,0.0
Cuba,PWRPV02,113,2048,0.0
Cuba,PWRPV02,113,2049,0.0
Cuba,PWRPV02,113,2050,0.0
Cuba,PWRPV02,113,2051,0.0
Cuba,PWRPV02,113,2052,0.0
Cuba,PWRPV02,113,2053,0.0
Cuba,PWRPV02,113,2054,0.0
Cuba,PWRPV02,113,2055,0.0
Cuba,PWRPV02,114,2019,0.147
Cuba,PWRPV02,114,2020,0.147
Cuba,PWRPV02,114,2021,0.147
Cuba,PWRPV02,114,2022,0.147
Cuba,PWRPV02,114,2023,0.147
Cuba,PWRPV02,114,2024,0.147
Cuba,PWRPV02,114,2025,0.147
Cuba,PWRPV02,114,2026,0.147
Cuba,PWRPV02,114,2027,0.147
Cuba,PWRPV02,114,2028,0.147
Cuba,PWRPV02,114,2029,0.147
Cuba,PWRPV02,114,2030,0.147
Cuba,PWRPV02,114,2031,0.147
Cuba,PWRPV02,114,2032,0.147
Cuba,PWRPV02,114,2033,0.147
Cuba,PWRPV02,114,2034,0.147
Cuba,PWRPV02,114,2035,0.147
Cuba,PWRPV02,114,2036,0.147
Cuba,PWRPV02,114,2037,0.147
Cuba,PWRPV02,114,2038,0.147
Cuba,PWRPV02,114,2039,0.147
Cuba,PWRPV02,114,2040,0.147
Cuba,PWRPV02,114,2041,0.147
Cuba,PWRPV02,114,2042,0.147
Cuba,PWRPV02,114,2043,0.147
Cuba,PWRPV02,114,2044,0.147
Cuba,PWRPV02,114,2045,0.147
Cuba,PWRPV02,114,2046,0.147
Cuba,PWRPV02,114,2047,0.147
Cuba,PWRPV02,114,2048,0.147
Cuba,PWRPV02,114,2049,0.147
Cuba,PWRPV02,114,2050,0.147
Cuba,PWRPV02,114,2051,0.147
Cuba,PWRPV02,114,2052,0.147
Cuba,PWRPV02,114,2053,0.147
Cuba,PWRPV02,114,2054,0.147
Cuba,PWRPV02,114,2055,0.147
Cuba,PWRPV02,115,2019,0.481
Cuba,PWRPV02,115,2020,0.481
Cuba,PWRPV02,115,2021,0.481
Cuba,PWRPV02,115,2022,0.481
Cuba,PWRPV02,115,2023,0.481
Cuba,PWRPV02,115,2024,0.481
Cuba,PWRPV02,115,2025,0.481
Cuba,PWRPV02,115,2026,0.481
Cuba,PWRPV02,115,2027,0.481
Cuba,PWRPV02,115,2028,0.481
Cuba,PWRPV02,115,2029,0.481
Cuba,PWRPV02,115,2030,0.481
Cuba,PWRPV02,115,2031,0.481
Cuba,PWRPV02,115,2032,0.481
Cuba,PWRPV02,115,2033,0.481
Cuba,PWRPV02,115,2034,0.481
Cuba,PWRPV02,115,2035,0.481
Cuba,PWRPV02,115,2036,0.481
Cuba,PWRPV02,115,2037,0.481
Cuba,PWRPV02,115,2038,0.481
Cuba,PWRPV02,115,2039,0.481
Cuba,PWRPV02,115,2040,0.481
Cuba,PWRPV02,115,2041,0.481
Cuba,PWRPV02,115,2042,0.481
Cuba,PWRPV02,115,2043,0.481
Cuba,PWRPV02,115,2044,0.481
Cuba,PWRPV02,115,2045,0.481
Cuba,PWRPV02,115,2046,0.481
Cuba,PWRPV02,115,2047,0.481
Cuba,PWRPV02,115,2048,0.481
Cuba,PWRPV02,115,2049,0.481
Cuba,PWRPV02,115,2050,0.481
Cuba,PWRPV02,115,2051,0.481
Cuba,PWRPV02,115,2052,0.481
Cuba,PWRPV02,115,2053,0.481
Cuba,PWRPV02,115,2054,0.481
Cuba,PWRPV02,115,2055,0.481
Cuba,PWRPV02,116,2019,0.557
Cuba,PWRPV02,116,2020,0.557
Cuba,PWRPV02,116,2021,0.557
Cuba,PWRPV02,116,2022,0.557
Cuba,PWRPV02,116,2023,0.557
Cuba,PWRPV02,116,2024,0.557
Cuba,PWRPV02,116,2025,0.557
Cuba,PWRPV02,116,2026,0.557
Cuba,PWRPV02,116,2027,0.557
Cuba,PWRPV02,116,2028,0.557
Cuba,PWRPV02,116,2029,0.557
Cuba,PWRPV02,116,2030,0.557
Cuba,PWRPV02,116,2031,0.557
Cuba,PWRPV02,116,2032,0.557
Cuba,PWRPV02,116,2033,0.557
Cuba,PWRPV02,116,2034,0.557
Cuba,PWRPV02,116,2035,0.557
Cuba,PWRPV02,116,2036,0.557
Cuba,PWRPV02,116,2037,0.557
Cuba,PWRPV02,116,2038,0.557
Cuba,PWRPV02,116,2039,0.557
Cuba,PWRPV02,116,2040,0.557
Cuba,PWRPV02,116,2041,0.557
Cuba,PWRPV02,116,2042,0.557
Cuba,PWRPV02,116,2043,0.557
Cuba,PWRPV02,116,2044,0.557
Cuba,PWRPV02,116,2045,0.557
Cuba,PWRPV02,116,2046,0.557
Cuba,PWRPV02,116,2047,0.557
Cuba,PWRPV02,116,2048,0.557
Cuba,PWRPV02,116,2049,0.557
Cuba,PWRPV02,116,2050,0.557
Cuba,PWRPV02,116,2051,0.557
Cuba,PWRPV02,116,2052,0.557
Cuba,PWRPV02,116,2053,0.557
Cuba,PWRPV02,116,2054,0.557
Cuba,PWRPV02,116,2055,0.557
Cuba,PWRPV02,117,2019,0.4
Cuba,PWRPV02,117,2020,0.4
Cuba,PWRPV02,117,2021,0.4
Cuba,PWRPV02,117,2022,0.4
Cuba,PWRPV02,117,2023,0.4
Cuba,PWRPV02,117,2024,0.4
Cuba,PWRPV02,117,2025,0.4
Cuba,PWRPV02,117,2026,0.4
Cuba,PWRPV02,117,2027,0.4
Cuba,PWRPV02,117,2028,0.4
Cuba,PWRPV02,117,2029,0.4
Cuba,PWRPV02,117,2030,0.4
Cuba,PWRPV02,117,2031,0.4
Cuba,PWRPV02,117,2032,0.4
Cuba,PWRPV02,117,2033,0.4
Cuba,PWRPV02,117,2034,0.4
Cuba,PWRPV02,117,2035,0.4
Cuba,PWRPV02,117,2036,0.4
Cuba,PWRPV02,117,2037,0.4
Cuba,PWRPV02,117,2038,0.4
Cuba,PWRPV02,117,2039,0.4
Cuba,PWRPV02,117,2040,0.4
Cuba,PWRPV02,117,2041,0.4
Cuba,PWRPV02,117,2042,0.4
Cuba,PWRPV02,117,2043,0.4
Cuba,PWRPV02,117,2044,0.4
Cuba,PWRPV02,117,2045,0.4
Cuba,PWRPV02,117,2046,0.4
Cuba,PWRPV02,117,2047,0.4
Cuba,PWRPV02,117,2048,0.4
Cuba,PWRPV02,117,2049,0.4
Cuba,PWRPV02,117,2050,0.4
Cuba,PWRPV02,117,2051,0.4
Cuba,PWRPV02,117,2052,0.4
Cuba,PWRPV02,117,2053,0.4
Cuba,PWRPV02,117,2054,0.4
Cuba,PWRPV02,117,2055,0.4
Cuba,PWRPV02,118,2019,0.003
Cuba,PWRPV02,118,2020,0.003
Cuba,PWRPV02,118,2021,0.003
Cuba,PWRPV02,118,2022,0.003
Cuba,PWRPV02,118,2023,0.003
Cuba,PWRPV02,118,2024,0.003
Cuba,PWRPV02,118,2025,0.003
Cuba,PWRPV02,118,2026,0.003
Cuba,PWRPV02,118,2027,0.003
Cuba,PWRPV02,118,2028,0.003
Cuba,PWRPV02,118,2029,0.003
Cuba,PWRPV02,118,2030,0.003
Cuba,PWRPV02,118,2031,0.003
Cuba,PWRPV02,118,2032,0.003
Cuba,PWRPV02,118,2033,0.003
Cuba,PWRPV02,118,2034,0.003
Cuba,PWRPV02,118,2035,0.003
Cuba,PWRPV02,118,2036,0.003
Cuba,PWRPV02,118,2037,0.003
Cuba,PWRPV02,118,2038,0.003
Cuba,PWRPV02,118,2039,0.003
Cuba,PWRPV02,118,2040,0.003
Cuba,PWRPV02,118,2041,0.003
Cuba,PWRPV02,118,2042,0.003
Cuba,PWRPV02,118,2043,0.003
Cuba,PWRPV02,118,2044,0.003
Cuba,PWRPV02,118,2045,0.003
Cuba,PWRPV02,118,2046,0.003
Cuba,PWRPV02,118,2047,0.003
Cuba,PWRPV02,118,2048,0.003
Cuba,PWRPV02,118,2049,0.003
Cuba,PWRPV02,118,2050,0.003
Cuba,PWRPV02,118,2051,0.003
Cuba,PWRPV02,118,2052,0.003
Cuba,PWRPV02,118,2053,0.003
Cuba,PWRPV02,118,2054,0.003
Cuba,PWRPV02,118,2055,0.003
Cuba,PWRPV02,121,2019,0.0
Cuba,PWRPV02,121,2020,0.0
Cuba,PWRPV02,121,2021,0.0
Cuba,PWRPV02,121,2022,0.0
Cuba,PWRPV02,121,2023,0.0
Cuba,PWRPV02,121,2024,0.0
Cuba,PWRPV02,121,2025,0.0
Cuba,PWRPV02,121,2026,0.0
Cuba,PWRPV02,121,2027,0.0
Cuba,PWRPV02,121,2028,0.0
Cuba,PWRPV02,121,2029,0.0
Cuba,PWRPV02,121,2030,0.0
Cuba,PWRPV02,121,2031,0.0
Cuba,PWRPV02,121,2032,0.0
Cuba,PWRPV02,121,2033,0.0
Cuba,PWRPV02,121,2034,0.0
Cuba,PWRPV02,121,2035,0.0
Cuba,PWRPV02,121,2036,0.0
Cuba,PWRPV02,121,2037,0.0
Cuba,PWRPV02,121,2038,0.0
Cuba,PWRPV02,121,2039,0.0
Cuba,PWRPV02,121,2040,0.0
Cuba,PWRPV02,121,2041,0.0
Cuba,PWRPV02,121,2042,0.0
Cuba,PWRPV02,121,2043,0.0
Cuba,PWRPV02,121,2044,0.0
Cuba,PWRPV02,121,2045,0.0
Cuba,PWRPV02,121,2046,0.0
Cuba,PWRPV02,121,2047,0.0
Cuba,PWRPV02,121,2048,0.0
Cuba,PWRPV02,121,2049,0.0
Cuba,PWRPV02,121,2050,0.0
Cuba,PWRPV02,121,2051,0.0
Cuba,PWRPV02,121,2052,0.0
Cuba,PWRPV02,121,2053,0.0
Cuba,PWRPV02,121,2054,0.0
Cuba,PWRPV02,121,2055,0.0
Cuba,PWRPV02,122,2019,0.0
Cuba,PWRPV02,122,2020,0.0
Cuba,PWRPV02,122,2021,0.0
Cuba,PWRPV02,122,2022,0.0
Cuba,PWRPV02,122,2023,0.0
Cuba,PWRPV02,122,2024,0.0
Cuba,PWRPV02,122,2025,0.0
Cuba,PWRPV02,122,2026,0.0
Cuba,PWRPV02,122,2027,0.0
Cuba,PWRPV02,122,2028,0.0
Cuba,PWRPV02,122,2029,0.0
Cuba,PWRPV02,122,2030,0.0
Cuba,PWRPV02,122,2031,0.0
Cuba,PWRPV02,122,2032,0.0
Cuba,PWRPV02,122,2033,0.0
Cuba,PWRPV02,122,2034,0.0
Cuba,PWRPV02,122,2035,0.0
Cuba,PWRPV02,122,2036,0.0
Cuba,PWRPV02,122,2037,0.0
Cuba,PWRPV02,122,2038,0.0
Cuba,PWRPV02,122,2039,0.0
Cuba,PWRPV02,122,2040,0.0
Cuba,PWRPV02,122,2041,0.0
Cuba,PWRPV02,122,2042,0.0
Cuba,PWRPV02,122,2043,0.0
Cuba,PWRPV02,122,2044,0.0
Cuba,PWRPV02,122,2045,0.0
Cuba,PWRPV02,122,2046,0.0
Cuba,PWRPV02,122,2047,0.0
Cuba,PWRPV02,122,2048,0.0
Cuba,PWRPV02,122,2049,0.0
Cuba,PWRPV02,122,2050,0.0
Cuba,PWRPV02,122,2051,0.0
Cuba,PWRPV02,122,2052,0.0
Cuba,PWRPV02,122,2053,0.0
Cuba,PWRPV02,122,2054,0.0
Cuba,PWRPV02,122,2055,0.0
Cuba,PWRPV02,123,2019,0.0
Cuba,PWRPV02,123,2020,0.0
Cuba,PWRPV02,123,2021,0.0
Cuba,PWRPV02,123,2022,0.0
Cuba,PWRPV02,123,2023,0.0
Cuba,PWRPV02,123,2024,0.0
Cuba,PWRPV02,123,2025,0.0
Cuba,PWRPV02,123,2026,0.0
Cuba,PWRPV02,123,2027,0.0
Cuba,PWRPV02,123,2028,0.0
Cuba,PWRPV02,123,2029,0.0
Cuba,PWRPV02,123,2030,0.0
Cuba,PWRPV02,123,2031,0.0
Cuba,PWRPV02,123,2032,0.0
Cuba,PWRPV02,123,2033,0.0
Cuba,PWRPV02,123,2034,0.0
Cuba,PWRPV02,123,2035,0.0
Cuba,PWRPV02,123,2036,0.0
Cuba,PWRPV02,123,2037,0.0
Cuba,PWRPV02,123,2038,0.0
Cuba,PWRPV02,123,2039,0.0
Cuba,PWRPV02,123,2040,0.0
Cuba,PWRPV02,123,2041,0.0
Cuba,PWRPV02,123,2042,0.0
Cuba,PWRPV02,123,2043,0.0
Cuba,PWRPV02,123,2044,0.0
Cuba,PWRPV02,123,2045,0.0
Cuba,PWRPV02,123,2046,0.0
Cuba,PWRPV02,123,2047,0.0
Cuba,PWRPV02,123,2048,0.0
Cuba,PWRPV02,123,2049,0.0
Cuba,PWRPV02,123,2050,0.0
Cuba,PWRPV02,123,2051,0.0
Cuba,PWRPV02,123,2052,0.0
Cuba,PWRPV02,123,2053,0.0
Cuba,PWRPV02,123,2054,0.0
Cuba,PWRPV02,123,2055,0.0
Cuba,PWRPV02,124,2019,0.145
Cuba,PWRPV02,124,2020,0.145
Cuba,PWRPV02,124,2021,0.145
Cuba,PWRPV02,124,2022,0.145
Cuba,PWRPV02,124,2023,0.145
Cuba,PWRPV02,124,2024,0.145
Cuba,PWRPV02,124,2025,0.145
Cuba,PWRPV02,124,2026,0.145
Cuba,PWRPV02,124,2027,0.145
Cuba,PWRPV02,124,2028,0.145
Cuba,PWRPV02,124,2029,0.145
Cuba,PWRPV02,124,2030,0.145
Cuba,PWRPV02,124,2031,0.145
Cuba,PWRPV02,124,2032,0.145
Cuba,PWRPV02,124,2033,0.145
Cuba,PWRPV02,124,2034,0.145
Cuba,PWRPV02,124,2035,0.145
Cuba,PWRPV02,124,2036,0.145
Cuba,PWRPV02,124,2037,0.145
Cuba,PWRPV02,124,2038,0.145
Cuba,PWRPV02,124,2039,0.145
Cuba,PWRPV02,124,2040,0.145
Cuba,PWRPV02,124,2041,0.145
Cuba,PWRPV02,124,2042,0.145
Cuba,PWRPV02,124,2043,0.145
Cuba,PWRPV02,124,2044,0.145
Cuba,PWRPV02,124,2045,0.145
Cuba,PWRPV02,124,2046,0.145
Cuba,PWRPV02,124,2047,0.145
Cuba,PWRPV02,124,2048,0.145
Cuba,PWRPV02,124,2049,0.145
Cuba,PWRPV02,124,2050,0.145
Cuba,PWRPV02,124,2051,0.145
Cuba,PWRPV02,124,2052,0.145
Cuba,PWRPV02,124,2053,0.145
Cuba,PWRPV02,124,2054,0.145
Cuba,PWRPV02,124,2055,0.145
Cuba,PWRPV02,125,2019,0.484
Cuba,PWRPV02,125,2020,0.484
Cuba,PWRPV02,125,2021,0.484
Cuba,PWRPV02,125,2022,0.484
Cuba,PWRPV02,125,2023,0.484
Cuba,PWRPV02,125,2024,0.484
Cuba,PWRPV02,125,2025,0.484
Cuba,PWRPV02,125,2026,0.484
Cuba,PWRPV02,125,2027,0.484
Cuba,PWRPV02,125,2028,0.484
Cuba,PWRPV02,125,2029,0.484
Cuba,PWRPV02,125,2030,0.484
Cuba,PWRPV02,125,2031,0.484
Cuba,PWRPV02,125,2032,0.484
Cuba,PWRPV02,125,2033,0.484
Cuba,PWRPV02,125,2034,0.484
Cuba,PWRPV02,125,2035,0.484
Cuba,PWRPV02,125,2036,0.484
Cuba,PWRPV02,125,2037,0.484
Cuba,PWRPV02,125,2038,0.484
Cuba,PWRPV02,125,2039,0.484
Cuba,PWRPV02,125,2040,0.484
Cuba,PWRPV02,125,2041,0.484
Cuba,PWRPV02,125,2042,0.484
Cuba,PWRPV02,125,2043,0.484
Cuba,PWRPV02,125,2044,0.484
Cuba,PWRPV02,125,2045,0.484
Cuba,PWRPV02,125,2046,0.484
Cuba,PWRPV02,125,2047,0.484
Cuba,PWRPV02,125,2048,0.484
Cuba,PWRPV02,125,2049,0.484
Cuba,PWRPV02,125,2050,0.484
Cuba,PWRPV02,125,2051,0.484
Cuba,PWRPV02,125,2052,0.484
Cuba,PWRPV02,125,2053,0.484
Cuba,PWRPV02,125,2054,0.484
Cuba,PWRPV02,125,2055,0.484
Cuba,PWRPV02,126,2019,0.578
Cuba,PWRPV02,126,2020,0.578
Cuba,PWRPV02,126,2021,0.578
Cuba,PWRPV02,126,2022,0.578
Cuba,PWRPV02,126,2023,0.578
Cuba,PWRPV02,126,2024,0.578
Cuba,PWRPV02,126,2025,0.578
Cuba,PWRPV02,126,2026,0.578
Cuba,PWRPV02,126,2027,0.578
Cuba,PWRPV02,126,2028,0.578
Cuba,PWRPV02,126,2029,0.578
Cuba,PWRPV02,126,2030,0.578
Cuba,PWRPV02,126,2031,0.578
Cuba,PWRPV02,126,2032,0.578
Cuba,PWRPV02,126,2033,0.578
Cuba,PWRPV02,126,2034,0.578
Cuba,PWRPV02,126,2035,0.578
Cuba,PWRPV02,126,2036,0.578
Cuba,PWRPV02,126,2037,0.578
Cuba,PWRPV02,126,2038,0.578
Cuba,PWRPV02,126,2039,0.578
Cuba,PWRPV02,126,2040,0.578
Cuba,PWRPV02,126,2041,0.578
Cuba,PWRPV02,126,2042,0.578
Cuba,PWRPV02,126,2043,0.578
Cuba,PWRPV02,126,2044,0.578
Cuba,PWRPV02,126,2045,0.578
Cuba,PWRPV02,126,2046,0.578
Cuba,PWRPV02,126,2047,0.578
Cuba,PWRPV02,126,2048,0.578
Cuba,PWRPV02,126,2049,0.578
Cuba,PWRPV02,126,2050,0.578
Cuba,PWRPV02,126,2051,0.578
Cuba,PWRPV02,126,2052,0.578
Cuba,PWRPV02,126,2053,0.578
Cuba,PWRPV02,126,2054,0.578
Cuba,PWRPV02,126,2055,0.578
Cuba,PWRPV02,127,2019,0.409
Cuba,PWRPV02,127,2020,0.409
Cuba,PWRPV02,127,2021,0.409
Cuba,PWRPV02,127,2022,0.409
Cuba,PWRPV02,127,2023,0.409
Cuba,PWRPV02,127,2024,0.409
Cuba,PWRPV02,127,2025,0.409
Cuba,PWRPV02,127,2026,0.409
Cuba,PWRPV02,127,2027,0.409
Cuba,PWRPV02,127,2028,0.409
Cuba,PWRPV02,127,2029,0.409
Cuba,PWRPV02,127,2030,0.409
Cuba,PWRPV02,127,2031,0.409
Cuba,PWRPV02,127,2032,0.409
Cuba,PWRPV02,127,2033,0.409
Cuba,PWRPV02,127,2034,0.409
Cuba,PWRPV02,127,2035,0.409
Cuba,PWRPV02,127,2036,0.409
Cuba,PWRPV02,127,2037,0.409
Cuba,PWRPV02,127,2038,0.409
Cuba,PWRPV02,127,2039,0.409
Cuba,PWRPV02,127,2040,0.409
Cuba,PWRPV02,127,2041,0.409
Cuba,PWRPV02,127,2042,0.409
Cuba,PWRPV02,127,2043,0.409
Cuba,PWRPV02,127,2044,0.409
Cuba,PWRPV02,127,2045,0.409
Cuba,PWRPV02,127,2046,0.409
Cuba,PWRPV02,127,2047,0.409
Cuba,PWRPV02,127,2048,0.409
Cuba,PWRPV02,127,2049,0.409
Cuba,PWRPV02,127,2050,0.409
Cuba,PWRPV02,127,2051,0.409
Cuba,PWRPV02,127,2052,0.409
Cuba,PWRPV02,127,2053,0.409
Cuba,PWRPV02,127,2054,0.409
Cuba,PWRPV02,127,2055,0.409
Cuba,PWRPV02,128,2019,0.007
Cuba,PWRPV02,128,2020,0.007
Cuba,PWRPV02,128,2021,0.007
Cuba,PWRPV02,128,2022,0.007
Cuba,PWRPV02,128,2023,0.007
Cuba,PWRPV02,128,2024,0.007
Cuba,PWRPV02,128,2025,0.007
Cuba,PWRPV02,128,2026,0.007
Cuba,PWRPV02,128,2027,0.007
Cuba,PWRPV02,128,2028,0.007
Cuba,PWRPV02,128,2029,0.007
Cuba,PWRPV02,128,2030,0.007
Cuba,PWRPV02,128,2031,0.007
Cuba,PWRPV02,128,2032,0.007
Cuba,PWRPV02,128,2033,0.007
Cuba,PWRPV02,128,2034,0.007
Cuba,PWRPV02,128,2035,0.007
Cuba,PWRPV02,128,2036,0.007
Cuba,PWRPV02,128,2037,0.007
Cuba,PWRPV02,128,2038,0.007
Cuba,PWRPV02,128,2039,0.007
Cuba,PWRPV02,128,2040,0.007
Cuba,PWRPV02,128,2041,0.007
Cuba,PWRPV02,128,2042,0.007
Cuba,PWRPV02,128,2043,0.007
Cuba,PWRPV02,128,2044,0.007
Cuba,PWRPV02,128,2045,0.007
Cuba,PWRPV02,128,2046,0.007
Cuba,PWRPV02,128,2047,0.007
Cuba,PWRPV02,128,2048,0.007
Cuba,PWRPV02,128,2049,0.007
Cuba,PWRPV02,128,2050,0.007
Cuba,PWRPV02,128,2051,0.007
Cuba,PWRPV02,128,2052,0.007
Cuba,PWRPV02,128,2053,0.007
Cuba,PWRPV02,128,2054,0.007
Cuba,PWRPV02,128,2055,0.007
Cuba,PWRPV02,211,2019,0.0
Cuba,PWRPV02,211,2020,0.0
Cuba,PWRPV02,211,2021,0.0
Cuba,PWRPV02,211,2022,0.0
Cuba,PWRPV02,211,2023,0.0
Cuba,PWRPV02,211,2024,0.0
Cuba,PWRPV02,211,2025,0.0
Cuba,PWRPV02,211,2026,0.0
Cuba,PWRPV02,211,2027,0.0
Cuba,PWRPV02,211,2028,0.0
Cuba,PWRPV02,211,2029,0.0
Cuba,PWRPV02,211,2030,0.0
Cuba,PWRPV02,211,2031,0.0
Cuba,PWRPV02,211,2032,0.0
Cuba,PWRPV02,211,2033,0.0
Cuba,PWRPV02,211,2034,0.0
Cuba,PWRPV02,211,2035,0.0
Cuba,PWRPV02,211,2036,0.0
Cuba,PWRPV02,211,2037,0.0
Cuba,PWRPV02,211,2038,0.0
Cuba,PWRPV02,211,2039,0.0
Cuba,PWRPV02,211,2040,0.0
Cuba,PWRPV02,211,2041,0.0
Cuba,PWRPV02,211,2042,0.0
Cuba,PWRPV02,211,2043,0.0
Cuba,PWRPV02,211,2044,0.0
Cuba,PWRPV02,211,2045,0.0
Cuba,PWRPV02,211,2046,0.0
Cuba,PWRPV02,211,2047,0.0
Cuba,PWRPV02,211,2048,0.0
Cuba,PWRPV02,211,2049,0.0
Cuba,PWRPV02,211,2050,0.0
Cuba,PWRPV02,211,2051,0.0
Cuba,PWRPV02,211,2052,0.0
Cuba,PWRPV02,211,2053,0.0
Cuba,PWRPV02,211,2054,0.0
Cuba,PWRPV02,211,2055,0.0
Cuba,PWRPV02,212,2019,0.0
Cuba,PWRPV02,212,2020,0.0
Cuba,PWRPV02,212,2021,0.0
Cuba,PWRPV02,212,2022,0.0
Cuba,PWRPV02,212,2023,0.0
Cuba,PWRPV02,212,2024,0.0
Cuba,PWRPV02,212,2025,0.0
Cuba,PWRPV02,212,2026,0.0
Cuba,PWRPV02,212,2027,0.0
Cuba,PWRPV02,212,2028,0.0
Cuba,PWRPV02,212,2029,0.0
Cuba,PWRPV02,212,2030,0.0
Cuba,PWRPV02,212,2031,0.0
Cuba,PWRPV02,212,2032,0.0
Cuba,PWRPV02,212,2033,0.0
Cuba,PWRPV02,212,2034,0.0
Cuba,PWRPV02,212,2035,0.0
Cuba,PWRPV02,212,2036,0.0
Cuba,PWRPV02,212,2037,0.0
Cuba,PWRPV02,212,2038,0.0
Cuba,PWRPV02,212,2039,0.0
Cuba,PWRPV02,212,2040,0.0
Cuba,PWRPV02,212,2041,0.0
Cuba,PWRPV02,212,2042,0.0
Cuba,PWRPV02,212,2043,0.0
Cuba,PWRPV02,212,2044,0.0
Cuba,PWRPV02,212,2045,0.0
Cuba,PWRPV02,212,2046,0.0
Cuba,PWRPV02,212,2047,0.0
Cuba,PWRPV02,212,2048,0.0
Cuba,PWRPV02,212,2049,0.0
Cuba,PWRPV02,212,2050,0.0
Cuba,PWRPV02,212,2051,0.0
Cuba,PWRPV02,212,2052,0.0
Cuba,PWRPV02,212,2053,0.0
Cuba,PWRPV02,212,2054,0.0
Cuba,PWRPV02,212,2055,0.0
Cuba,PWRPV02,213,2019,0.011
Cuba,PWRPV02,213,2020,0.011
Cuba,PWRPV02,213,2021,0.011
Cuba,PWRPV02,213,2022,0.011
Cuba,PWRPV02,213,2023,0.011
Cuba,PWRPV02,213,2024,0.011
Cuba,PWRPV02,213,2025,0.011
Cuba,PWRPV02,213,2026,0.011
Cuba,PWRPV02,213,2027,0.011
Cuba,PWRPV02,213,2028,0.011
Cuba,PWRPV02,213,2029,0.011
Cuba,PWRPV02,213,2030,0.011
Cuba,PWRPV02,213,2031,0.011
Cuba,PWRPV02,213,2032,0.011
Cuba,PWRPV02,213,2033,0.011
Cuba,PWRPV02,213,2034,0.011
Cuba,PWRPV02,213,2035,0.011
Cuba,PWRPV02,213,2036,0.011
Cuba,PWRPV02,213,2037,0.011
Cuba,PWRPV02,213,2038,0.011
Cuba,PWRPV02,213,2039,0.011
Cuba,PWRPV02,213,2040,0.011
Cuba,PWRPV02,213,2041,0.011
Cuba,PWRPV02,213,2042,0.011
Cuba,PWRPV02,213,2043,0.011
Cuba,PWRPV02,213,2044,0.011
Cuba,PWRPV02,213,2045,0.011
Cuba,PWRPV02,213,2046,0.011
Cuba,PWRPV02,213,2047,0.011
Cuba,PWRPV02,213,2048,0.011
Cuba,PWRPV02,213,2049,0.011
Cuba,PWRPV02,213,2050,0.011
Cuba,PWRPV02,213,2051,0.011
Cuba,PWRPV02,213,2052,0.011
Cuba,PWRPV02,213,2053,0.011
Cuba,PWRPV02,213,2054,0.011
Cuba,PWRPV02,213,2055,0.011
Cuba,PWRPV02,214,2019,0.263
Cuba,PWRPV02,214,2020,0.263
Cuba,PWRPV02,214,2021,0.263
Cuba,PWRPV02,214,2022,0.263
Cuba,PWRPV02,214,2023,0.263
Cuba,PWRPV02,214,2024,0.263
Cuba,PWRPV02,214,2025,0.263
Cuba,PWRPV02,214,2026,0.263
Cuba,PWRPV02,214,2027,0.263
Cuba,PWRPV02,214,2028,0.263
Cuba,PWRPV02,214,2029,0.263
Cuba,PWRPV02,214,2030,0.263
Cuba,PWRPV02,214,2031,0.263
Cuba,PWRPV02,214,2032,0.263
Cuba,PWRPV02,214,2033,0.263
Cuba,PWRPV02,214,2034,0.263
Cuba,PWRPV02,214,2035,0.263
Cuba,PWRPV02,214,2036,0.263
Cuba,PWRPV02,214,2037,0.263
Cuba,PWRPV02,214,2038,0.263
Cuba,PWRPV02,214,2039,0.263
Cuba,PWRPV02,214,2040,0.263
Cuba,PWRPV02,214,2041,0.263
Cuba,PWRPV02,214,2042,0.263
Cuba,PWRPV02,214,2043,0.263
Cuba,PWRPV02,214,2044,0.263
Cuba,PWRPV02,214,2045,0.263
Cuba,PWRPV02,214,2046,0.263
Cuba,PWRPV02,214,2047,0.263
Cuba,PWRPV02,214,2048,0.263
Cuba,PWRPV02,214,2049,0.263
Cuba,PWRPV02,214,2050,0.263
Cuba,PWRPV02,214,2051,0.263
Cuba,PWRPV02,214,2052,0.263
Cuba,PWRPV02,214,2053,0.263
Cuba,PWRPV02,214,2054,0.263
Cuba,PWRPV02,214,2055,0.263
Cuba,PWRPV02,215,2019,0.549
Cuba,PWRPV02,215,2020,0.549
Cuba,PWRPV02,215,2021,0.549
Cuba,PWRPV02,215,2022,0.549
Cuba,PWRPV02,215,2023,0.549
Cuba,PWRPV02,215,2024,0.549
Cuba,PWRPV02,215,2025,0.549
Cuba,PWRPV02,215,2026,0.549
Cuba,PWRPV02,215,2027,0.549
Cuba,PWRPV02,215,2028,0.549
Cuba,PWRPV02,215,2029,0.549
Cuba,PWRPV02,215,2030,0.549
Cuba,PWRPV02,215,2031,0.549
Cuba,PWRPV02,215,2032,0.549
Cuba,PWRPV02,215,2033,0.549
Cuba,PWRPV02,215,2034,0.549
Cuba,PWRPV02,215,2035,0.549
Cuba,PWRPV02,215,2036,0.549
Cuba,PWRPV02,215,2037,0.549
Cuba,PWRPV02,215,2038,0.549
Cuba,PWRPV02,215,2039,0.549
Cuba,PWRPV02,215,2040,0.549
Cuba,PWRPV02,215,2041,0.549
Cuba,PWRPV02,215,2042,0.549
Cuba,PWRPV02,215,2043,0.549
Cuba,PWRPV02,215,2044,0.549
Cuba,PWRPV02,215,2045,0.549
Cuba,PWRPV02,215,2046,0.549
Cuba,PWRPV02,215,2047,0.549
Cuba,PWRPV02,215,2048,0.549
Cuba,PWRPV02,215,2049,0.549
Cuba,PWRPV02,215,2050,0.549
Cuba,PWRPV02,215,2051,0.549
Cuba,PWRPV02,215,2052,0.549
Cuba,PWRPV02,215,2053,0.549
Cuba,PWRPV02,215,2054,0.549
Cuba,PWRPV02,215,2055,0.549
Cuba,PWRPV02,216,2019,0.576
Cuba,PWRPV02,216,2020,0.576
Cuba,PWRPV02,216,2021,0.576
Cuba,PWRPV02,216,2022,0.576
Cuba,PWRPV02,216,2023,0.576
Cuba,PWRPV02,216,2024,0.576
Cuba,PWRPV02,216,2025,0.576
Cuba,PWRPV02,216,2026,0.576
Cuba,PWRPV02,216,2027,0.576
Cuba,PWRPV02,216,2028,0.576
Cuba,PWRPV02,216,2029,0.576
Cuba,PWRPV02,216,2030,0.576
Cuba,PWRPV02,216,2031,0.576
Cuba,PWRPV02,216,2032,0.576
Cuba,PWRPV02,216,2033,0.576
Cuba,PWRPV02,216,2034,0.576
Cuba,PWRPV02,216,2035,0.576
Cuba,PWRPV02,216,2036,0.576
Cuba,PWRPV02,216,2037,0.576
Cuba,PWRPV02,216,2038,0.576
Cuba,PWRPV02,216,2039,0.576
Cuba,PWRPV02,216,2040,0.576
Cuba,PWRPV02,216,2041,0.576
Cuba,PWRPV02,216,2042,0.576
Cuba,PWRPV02,216,2043,0.576
Cuba,PWRPV02,216,2044,0.576
Cuba,PWRPV02,216,2045,0.576
Cuba,PWRPV02,216,2046,0.576
Cuba,PWRPV02,216,2047,0.576
Cuba,PWRPV02,216,2048,0.576
Cuba,PWRPV02,216,2049,0.576
Cuba,PWRPV02,216,2050,0.576
Cuba,PWRPV02,216,2051,0.576
Cuba,PWRPV02,216,2052,0.576
Cuba,PWRPV02,216,2053,0.576
Cuba,PWRPV02,216,2054,0.576
Cuba,PWRPV02,216,2055,0.576
Cuba,PWRPV02,217,2019,0.356
Cuba,PWRPV02,217,2020,0.356
Cuba,PWRPV02,217,2021,0.356
Cuba,PWRPV02,217,2022,0.356
Cuba,PWRPV02,217,2023,0.356
Cuba,PWRPV02,217,2024,0.356
Cuba,PWRPV02,217,2025,0.356
Cuba,PWRPV02,217,2026,0.356
Cuba,PWRPV02,217,2027,0.356
Cuba,PWRPV02,217,2028,0.356
Cuba,PWRPV02,217,2029,0.356
Cuba,PWRPV02,217,2030,0.356
Cuba,PWRPV02,217,2031,0.356
Cuba,PWRPV02,217,2032,0.356
Cuba,PWRPV02,217,2033,0.356
Cuba,PWRPV02,217,2034,0.356
Cuba,PWRPV02,217,2035,0.356
Cuba,PWRPV02,217,2036,0.356
Cuba,PWRPV02,217,2037,0.356
Cuba,PWRPV02,217,2038,0.356
Cuba,PWRPV02,217,2039,0.356
Cuba,PWRPV02,217,2040,0.356
Cuba,PWRPV02,217,2041,0.356
Cuba,PWRPV02,217,2042,0.356
Cuba,PWRPV02,217,2043,0.356
Cuba,PWRPV02,217,2044,0.356
Cuba,PWRPV02,217,2045,0.356
Cuba,PWRPV02,217,2046,0.356
Cuba,PWRPV02,217,2047,0.356
Cuba,PWRPV02,217,2048,0.356
Cuba,PWRPV02,217,2049,0.356
Cuba,PWRPV02,217,2050,0.356
Cuba,PWRPV02,217,2051,0.356
Cuba,PWRPV02,217,2052,0.356
Cuba,PWRPV02,217,2053,0.356
Cuba,PWRPV02,217,2054,0.356
Cuba,PWRPV02,217,2055,0.356
Cuba,PWRPV02,218,2019,0.05
Cuba,PWRPV02,218,2020,0.05
Cuba,PWRPV02,218,2021,0.05
Cuba,PWRPV02,218,2022,0.05
Cuba,PWRPV02,218,2023,0.05
Cuba,PWRPV02,218,2024,0.05
Cuba,PWRPV02,218,2025,0.05
Cuba,PWRPV02,218,2026,0.05
Cuba,PWRPV02,218,2027,0.05
Cuba,PWRPV02,218,2028,0.05
Cuba,PWRPV02,218,2029,0.05
Cuba,PWRPV02,218,2030,0.05
Cuba,PWRPV02,218,2031,0.05
Cuba,PWRPV02,218,2032,0.05
Cuba,PWRPV02,218,2033,0.05
Cuba,PWRPV02,218,2034,0.05
Cuba,PWRPV02,218,2035,0.05
Cuba,PWRPV02,218,2036,0.05
Cuba,PWRPV02,218,2037,0.05
Cuba,PWRPV02,218,2038,0.05
Cuba,PWRPV02,218,2039,0.05
Cuba,PWRPV02,218,2040,0.05
Cuba,PWRPV02,218,2041,0.05
Cuba,PWRPV02,218,2042,0.05
Cuba,PWRPV02,218,2043,0.05
Cuba,PWRPV02,218,2044,0.05
Cuba,PWRPV02,218,2045,0.05
Cuba,PWRPV02,218,2046,0.05
Cuba,PWRPV02,218,2047,0.05
Cuba,PWRPV02,218,2048,0.05
Cuba,PWRPV02,218,2049,0.05
Cuba,PWRPV02,218,2050,0.05
Cuba,PWRPV02,218,2051,0.05
Cuba,PWRPV02,218,2052,0.05
Cuba,PWRPV02,218,2053,0.05
Cuba,PWRPV02,218,2054,0.05
Cuba,PWRPV02,218,2055,0.05
Cuba,PWRPV02,221,2019,0.0
Cuba,PWRPV02,221,2020,0.0
Cuba,PWRPV02,221,2021,0.0
Cuba,PWRPV02,221,2022,0.0
Cuba,PWRPV02,221,2023,0.0
Cuba,PWRPV02,221,2024,0.0
Cuba,PWRPV02,221,2025,0.0
Cuba,PWRPV02,221,2026,0.0
Cuba,PWRPV02,221,2027,0.0
Cuba,PWRPV02,221,2028,0.0
Cuba,PWRPV02,221,2029,0.0
Cuba,PWRPV02,221,2030,0.0
Cuba,PWRPV02,221,2031,0.0
Cuba,PWRPV02,221,2032,0.0
Cuba,PWRPV02,221,2033,0.0
Cuba,PWRPV02,221,2034,0.0
Cuba,PWRPV02,221,2035,0.0
Cuba,PWRPV02,221,2036,0.0
Cuba,PWRPV02,221,2037,0.0
Cuba,PWRPV02,221,2038,0.0
Cuba,PWRPV02,221,2039,0.0
Cuba,PWRPV02,221,2040,0.0
Cuba,PWRPV02,221,2041,0.0
Cuba,PWRPV02,221,2042,0.0
Cuba,PWRPV02,221,2043,0.0
Cuba,PWRPV02,221,2044,0.0
Cuba,PWRPV02,221,2045,0.0
Cuba,PWRPV02,221,2046,0.0
Cuba,PWRPV02,221,2047,0.0
Cuba,PWRPV02,221,2048,0.0
Cuba,PWRPV02,221,2049,0.0
Cuba,PWRPV02,221,2050,0.0
Cuba,PWRPV02,221,2051,0.0
Cuba,PWRPV02,221,2052,0.0
Cuba,PWRPV02,221,2053,0.0
Cuba,PWRPV02,221,2054,0.0
Cuba,PWRPV02,221,2055,0.0
Cuba,PWRPV02,222,2019,0.0
Cuba,PWRPV02,222,2020,0.0
Cuba,PWRPV02,222,2021,0.0
Cuba,PWRPV02,222,2022,0.0
Cuba,PWRPV02,222,2023,0.0
Cuba,PWRPV02,222,2024,0.0
Cuba,PWRPV02,222,2025,0.0
Cuba,PWRPV02,222,2026,0.0
Cuba,PWRPV02,222,2027,0.0
Cuba,PWRPV02,222,2028,0.0
Cuba,PWRPV02,222,2029,0.0
Cuba,PWRPV02,222,2030,0.0
Cuba,PWRPV02,222,2031,0.0
Cuba,PWRPV02,222,2032,0.0
Cuba,PWRPV02,222,2033,0.0
Cuba,PWRPV02,222,2034,0.0
Cuba,PWRPV02,222,2035,0.0
Cuba,PWRPV02,222,2036,0.0
Cuba,PWRPV02,222,2037,0.0
Cuba,PWRPV02,222,2038,0.0
Cuba,PWRPV02,222,2039,0.0
Cuba,PWRPV02,222,2040,0.0
Cuba,PWRPV02,222,2041,0.0
Cuba,PWRPV02,222,2042,0.0
Cuba,PWRPV02,222,2043,0.0
Cuba,PWRPV02,222,2044,0.0
Cuba,PWRPV02,222,2045,0.0
Cuba,PWRPV02,222,2046,0.0
Cuba,PWRPV02,222,2047,0.0
Cuba,PWRPV02,222,2048,0.0
Cuba,PWRPV02,222,2049,0.0
Cuba,PWRPV02,222,2050,0.0
Cuba,PWRPV02,222,2051,0.0
Cuba,PWRPV02,222,2052,0.0
Cuba,PWRPV02,222,2053,0.0
Cuba,PWRPV02,222,2054,0.0
Cuba,PWRPV02,222,2055,0.0
Cuba,PWRPV02,223,2019,0.011
Cuba,PWRPV02,223,2020,0.011
Cuba,PWRPV02,223,2021,0.011
Cuba,PWRPV02,223,2022,0.011
Cuba,PWRPV02,223,2023,0.011
Cuba,PWRPV02,223,2024,0.011
Cuba,PWRPV02,223,2025,0.011
Cuba,PWRPV02,223,2026,0.011
Cuba,PWRPV02,223,2027,0.011
Cuba,PWRPV02,223,2028,0.011
Cuba,PWRPV02,223,2029,0.011
Cuba,PWRPV02,223,2030,0.011
Cuba,PWRPV02,223,2031,0.011
Cuba,PWRPV02,223,2032,0.011
Cuba,PWRPV02,223,2033,0.011
Cuba,PWRPV02,223,2034,0.011
Cuba,PWRPV02,223,2035,0.011
Cuba,PWRPV02,223,2036,0.011
Cuba,PWRPV02,223,2037,0.011
Cuba,PWRPV02,223,2038,0.011
Cuba,PWRPV02,223,2039,0.011
Cuba,PWRPV02,223,2040,0.011
Cuba,PWRPV02,223,2041,0.011
Cuba,PWRPV02,223,2042,0.011
Cuba,PWRPV02,223,2043,0.011
Cuba,PWRPV02,223,2044,0.011
Cuba,PWRPV02,223,2045,0.011
Cuba,PWRPV02,223,2046,0.011
Cuba,PWRPV02,223,2047,0.011
Cuba,PWRPV02,223,2048,0.011
Cuba,PWRPV02,223,2049,0.011
Cuba,PWRPV02,223,2050,0.011
Cuba,PWRPV02,223,2051,0.011
Cuba,PWRPV02,223,2052,0.011
Cuba,PWRPV02,223,2053,0.011
Cuba,PWRPV02,223,2054,0.011
Cuba,PWRPV02,223,2055,0.011
Cuba,PWRPV02,224,2019,0.272
Cuba,PWRPV02,224,2020,0.272
Cuba,PWRPV02,224,2021,0.272
Cuba,PWRPV02,224,2022,0.272
Cuba,PWRPV02,224,2023,0.272
Cuba,PWRPV02,224,2024,0.272
Cuba,PWRPV02,224,2025,0.272
Cuba,PWRPV02,224,2026,0.272
Cuba,PWRPV02,224,2027,0.272
Cuba,PWRPV02,224,2028,0.272
Cuba,PWRPV02,224,2029,0.272
Cuba,PWRPV02,224,2030,0.272
Cuba,PWRPV02,224,2031,0.272
Cuba,PWRPV02,224,2032,0.272
Cuba,PWRPV02,224,2033,0.272
Cuba,PWRPV02,224,2034,0.272
Cuba,PWRPV02,224,2035,0.272
Cuba,PWRPV02,224,2036,0.272
Cuba,PWRPV02,224,2037,0.272
Cuba,PWRPV02,224,2038,0.272
Cuba,PWRPV02,224,2039,0.272
Cuba,PWRPV02,224,2040,0.272
Cuba,PWRPV02,224,2041,0.272
Cuba,PWRPV02,224,2042,0.272
Cuba,PWRPV02,224,2043,0.272
Cuba,PWRPV02,224,2044,0.272
Cuba,PWRPV02,224,2045,0.272
Cuba,PWRPV02,224,2046,0.272
Cuba,PWRPV02,224,2047,0.272
Cuba,PWRPV02,224,2048,0.272
Cuba,PWRPV02,224,2049,0.272
Cuba,PWRPV02,224,2050,0.272
Cuba,PWRPV02,224,2051,0.272
Cuba,PWRPV02,224,2052,0.272
Cuba,PWRPV02,224,2053,0.272
Cuba,PWRPV02,224,2054,0.272
Cuba,PWRPV02,224,2055,0.272
Cuba,PWRPV02,225,2019,0.57
Cuba,PWRPV02,225,2020,0.57
Cuba,PWRPV02,225,2021,0.57
Cuba,PWRPV02,225,2022,0.57
Cuba,PWRPV02,225,2023,0.57
Cuba,PWRPV02,225,2024,0.57
Cuba,PWRPV02,225,2025,0.57
Cuba,PWRPV02,225,2026,0.57
Cuba,PWRPV02,225,2027,0.57
Cuba,PWRPV02,225,2028,0.57
Cuba,PWRPV02,225,2029,0.57
Cuba,PWRPV02,225,2030,0.57
Cuba,PWRPV02,225,2031,0.57
Cuba,PWRPV02,225,2032,0.57
Cuba,PWRPV02,225,2033,0.57
Cuba,PWRPV02,225,2034,0.57
Cuba,PWRPV02,225,2035,0.57
Cuba,PWRPV02,225,2036,0.57
Cuba,PWRPV02,225,2037,0.57
Cuba,PWRPV02,225,2038,0.57
Cuba,PWRPV02,225,2039,0.57
Cuba,PWRPV02,225,2040,0.57
Cuba,PWRPV02,225,2041,0.57
Cuba,PWRPV02,225,2042,0.57
Cuba,PWRPV02,225,2043,0.57
Cuba,PWRPV02,225,2044,0.57
Cuba,PWRPV02,225,2045,0.57
Cuba,PWRPV02,225,2046,0.57
Cuba,PWRPV02,225,2047,0.57
Cuba,PWRPV02,225,2048,0.57
Cuba,PWRPV02,225,2049,0.57
Cuba,PWRPV02,225,2050,0.57
Cuba,PWRPV02,225,2051,0.57
Cuba,PWRPV02,225,2052,0.57
Cuba,PWRPV02,225,2053,0.57
Cuba,PWRPV02,225,2054,0.57
Cuba,PWRPV02,225,2055,0.57
Cuba,PWRPV02,226,2019,0.604
Cuba,PWRPV02,226,2020,0.604
Cuba,PWRPV02,226,2021,0.604
Cuba,PWRPV02,226,2022,0.604
Cuba,PWRPV02,226,2023,0.604
Cuba,PWRPV02,226,2024,0.604
Cuba,PWRPV02,226,2025,0.604
Cuba,PWRPV02,226,2026,0.604
Cuba,PWRPV02,226,2027,0.604
Cuba,PWRPV02,226,2028,0.604
Cuba,PWRPV02,226,2029,0.604
Cuba,PWRPV02,226,2030,0.604
Cuba,PWRPV02,226,2031,0.604
Cuba,PWRPV02,226,2032,0.604
Cuba,PWRPV02,226,2033,0.604
Cuba,PWRPV02,226,2034,0.604
Cuba,PWRPV02,226,2035,0.604
Cuba,PWRPV02,226,2036,0.604
Cuba,PWRPV02,226,2037,0.604
Cuba,PWRPV02,226,2038,0.604
Cuba,PWRPV02,226,2039,0.604
Cuba,PWRPV02,226,2040,0.604
Cuba,PWRPV02,226,2041,0.604
Cuba,PWRPV02,226,2042,0.604
Cuba,PWRPV02,226,2043,0.604
Cuba,PWRPV02,226,2044,0.604
Cuba,PWRPV02,226,2045,0.604
Cuba,PWRPV02,226,2046,0.604
Cuba,PWRPV02,226,2047,0.604
Cuba,PWRPV02,226,2048,0.604
Cuba,PWRPV02,226,2049,0.604
Cuba,PWRPV02,226,2050,0.604
Cuba,PWRPV02,226,2051,0.604
Cuba,PWRPV02,226,2052,0.604
Cuba,PWRPV02,226,2053,0.604
Cuba,PWRPV02,226,2054,0.604
Cuba,PWRPV02,226,2055,0.604
Cuba,PWRPV02,227,2019,0.382
Cuba,PWRPV02,227,2020,0.382
Cuba,PWRPV02,227,2021,0.382
Cuba,PWRPV02,227,2022,0.382
Cuba,PWRPV02,227,2023,0.382
Cuba,PWRPV02,227,2024,0.382
Cuba,PWRPV02,227,2025,0.382
Cuba,PWRPV02,227,2026,0.382
Cuba,PWRPV02,227,2027,0.382
Cuba,PWRPV02,227,2028,0.382
Cuba,PWRPV02,227,2029,0.382
Cuba,PWRPV02,227,2030,0.382
Cuba,PWRPV02,227,2031,0.382
Cuba,PWRPV02,227,2032,0.382
Cuba,PWRPV02,227,2033,0.382
Cuba,PWRPV02,227,2034,0.382
Cuba,PWRPV02,227,2035,0.382
Cuba,PWRPV02,227,2036,0.382
Cuba,PWRPV02,227,2037,0.382
Cuba,PWRPV02,227,2038,0.382
Cuba,PWRPV02,227,2039,0.382
Cuba,PWRPV02,227,2040,0.382
Cuba,PWRPV02,227,2041,0.382
Cuba,PWRPV02,227,2042,0.382
Cuba,PWRPV02,227,2043,0.382
Cuba,PWRPV02,227,2044,0.382
Cuba,PWRPV02,227,2045,0.382
Cuba,PWRPV02,227,2046,0.382
Cuba,PWRPV02,227,2047,0.382
Cuba,PWRPV02,227,2048,0.382
Cuba,PWRPV02,227,2049,0.382
Cuba,PWRPV02,227,2050,0.382
Cuba,PWRPV02,227,2051,0.382
Cuba,PWRPV02,227,2052,0.382
Cuba,PWRPV02,227,2053,0.382
Cuba,PWRPV02,227,2054,0.382
Cuba,PWRPV02,227,2055,0.382
Cuba,PWRPV02,228,2019,0.051
Cuba,PWRPV02,228,2020,0.051
Cuba,PWRPV02,228,2021,0.051
Cuba,PWRPV02,228,2022,0.051
Cuba,PWRPV02,228,2023,0.051
Cuba,PWRPV02,228,2024,0.051
Cuba,PWRPV02,228,2025,0.051
Cuba,PWRPV02,228,2026,0.051
Cuba,PWRPV02,228,2027,0.051
Cuba,PWRPV02,228,2028,0.051
Cuba,PWRPV02,228,2029,0.051
Cuba,PWRPV02,228,2030,0.051
Cuba,PWRPV02,228,2031,0.051
Cuba,PWRPV02,228,2032,0.051
Cuba,PWRPV02,228,2033,0.051
Cuba,PWRPV02,228,2034,0.051
Cuba,PWRPV02,228,2035,0.051
Cuba,PWRPV02,228,2036,0.051
Cuba,PWRPV02,228,2037,0.051
Cuba,PWRPV02,228,2038,0.051
Cuba,PWRPV02,228,2039,0.051
Cuba,PWRPV02,228,2040,0.051
Cuba,PWRPV02,228,2041,0.051
Cuba,PWRPV02,228,2042,0.051
Cuba,PWRPV02,228,2043,0.051
Cuba,PWRPV02,228,2044,0.051
Cuba,PWRPV02,228,2045,0.051
Cuba,PWRPV02,228,2046,0.051
Cuba,PWRPV02,228,2047,0.051
Cuba,PWRPV02,228,2048,0.051
Cuba,PWRPV02,228,2049,0.051
Cuba,PWRPV02,228,2050,0.051
Cuba,PWRPV02,228,2051,0.051
Cuba,PWRPV02,228,2052,0.051
Cuba,PWRPV02,228,2053,0.051
Cuba,PWRPV02,228,2054,0.051
Cuba,PWRPV02,228,2055,0.051
Cuba,PWRPV02,311,2019,0.0
Cuba,PWRPV02,311,2020,0.0
Cuba,PWRPV02,311,2021,0.0
Cuba,PWRPV02,311,2022,0.0
Cuba,PWRPV02,311,2023,0.0
Cuba,PWRPV02,311,2024,0.0
Cuba,PWRPV02,311,2025,0.0
Cuba,PWRPV02,311,2026,0.0
Cuba,PWRPV02,311,2027,0.0
Cuba,PWRPV02,311,2028,0.0
Cuba,PWRPV02,311,2029,0.0
Cuba,PWRPV02,311,2030,0.0
Cuba,PWRPV02,311,2031,0.0
Cuba,PWRPV02,311,2032,0.0
Cuba,PWRPV02,311,2033,0.0
Cuba,PWRPV02,311,2034,0.0
Cuba,PWRPV02,311,2035,0.0
Cuba,PWRPV02,311,2036,0.0
Cuba,PWRPV02,311,2037,0.0
Cuba,PWRPV02,311,2038,0.0
Cuba,PWRPV02,311,2039,0.0
Cuba,PWRPV02,311,2040,0.0
Cuba,PWRPV02,311,2041,0.0
Cuba,PWRPV02,311,2042,0.0
Cuba,PWRPV02,311,2043,0.0
Cuba,PWRPV02,311,2044,0.0
Cuba,PWRPV02,311,2045,0.0
Cuba,PWRPV02,311,2046,0.0
Cuba,PWRPV02,311,2047,0.0
Cuba,PWRPV02,311,2048,0.0
Cuba,PWRPV02,311,2049,0.0
Cuba,PWRPV02,311,2050,0.0
Cuba,PWRPV02,311,2051,0.0
Cuba,PWRPV02,311,2052,0.0
Cuba,PWRPV02,311,2053,0.0
Cuba,PWRPV02,311,2054,0.0
Cuba,PWRPV02,311,2055,0.0
Cuba,PWRPV02,312,2019,0.0
Cuba,PWRPV02,312,2020,0.0
Cuba,PWRPV02,312,2021,0.0
Cuba,PWRPV02,312,2022,0.0
Cuba,PWRPV02,312,2023,0.0
Cuba,PWRPV02,312,2024,0.0
Cuba,PWRPV02,312,2025,0.0
Cuba,PWRPV02,312,2026,0.0
Cuba,PWRPV02,312,2027,0.0
Cuba,PWRPV02,312,2028,0.0
Cuba,PWRPV02,312,2029,0.0
Cuba,PWRPV02,312,2030,0.0
Cuba,PWRPV02,312,2031,0.0
Cuba,PWRPV02,312,2032,0.0
Cuba,PWRPV02,312,2033,0.0
Cuba,PWRPV02,312,2034,0.0
Cuba,PWRPV02,312,2035,0.0
Cuba,PWRPV02,312,2036,0.0
Cuba,PWRPV02,312,2037,0.0
Cuba,PWRPV02,312,2038,0.0
Cuba,PWRPV02,312,2039,0.0
Cuba,PWRPV02,312,2040,0.0
Cuba,PWRPV02,312,2041,0.0
Cuba,PWRPV02,312,2042,0.0
Cuba,PWRPV02,312,2043,0.0
Cuba,PWRPV02,312,2044,0.0
Cuba,PWRPV02,312,2045,0.0
Cuba,PWRPV02,312,2046,0.0
Cuba,PWRPV02,312,2047,0.0
Cuba,PWRPV02,312,2048,0.0
Cuba,PWRPV02,312,2049,0.0
Cuba,PWRPV02,312,2050,0.0
Cuba,PWRPV02,312,2051,0.0
Cuba,PWRPV02,312,2052,0.0
Cuba,PWRPV02,312,2053,0.0
Cuba,PWRPV02,312,2054,0.0
Cuba,PWRPV02,312,2055,0.0
Cuba,PWRPV02,313,2019,0.017
Cuba,PWRPV02,313,2020,0.017
Cuba,PWRPV02,313,2021,0.017
Cuba,PWRPV02,313,2022,0.017
Cuba,PWRPV02,313,2023,0.017
Cuba,PWRPV02,313,2024,0.017
Cuba,PWRPV02,313,2025,0.017
Cuba,PWRPV02,313,2026,0.017
Cuba,PWRPV02,313,2027,0.017
Cuba,PWRPV02,313,2028,0.017
Cuba,PWRPV02,313,2029,0.017
Cuba,PWRPV02,313,2030,0.017
Cuba,PWRPV02,313,2031,0.017
Cuba,PWRPV02,313,2032,0.017
Cuba,PWRPV02,313,2033,0.017
Cuba,PWRPV02,313,2034,0.017
Cuba,PWRPV02,313,2035,0.017
Cuba,PWRPV02,313,2036,0.017
Cuba,PWRPV02,313,2037,0.017
Cuba,PWRPV02,313,2038,0.017
Cuba,PWRPV02,313,2039,0.017
Cuba,PWRPV02,313,2040,0.017
Cuba,PWRPV02,313,2041,0.017
Cuba,PWRPV02,313,2042,0.017
Cuba,PWRPV02,313,2043,0.017
Cuba,PWRPV02,313,2044,0.017
Cuba,PWRPV02,313,2045,0.017
Cuba,PWRPV02,313,2046,0.017
Cuba,PWRPV02,313,2047,0.017
Cuba,PWRPV02,313,2048,0.017
Cuba,PWRPV02,313,2049,0.017
Cuba,PWRPV02,313,2050,0.017
Cuba,PWRPV02,313,2051,0.017
Cuba,PWRPV02,313,2052,0.017
Cuba,PWRPV02,313,2053,0.017
Cuba,PWRPV02,313,2054,0.017
Cuba,PWRPV02,313,2055,0.017
Cuba,PWRPV02,314,2019,0.29
Cuba,PWRPV02,314,2020,0.29
Cuba,PWRPV02,314,2021,0.29
Cuba,PWRPV02,314,2022,0.29
Cuba,PWRPV02,314,2023,0.29
Cuba,PWRPV02,314,2024,0.29
Cuba,PWRPV02,314,2025,0.29
Cuba,PWRPV02,314,2026,0.29
Cuba,PWRPV02,314,2027,0.29
Cuba,PWRPV02,314,2028,0.29
Cuba,PWRPV02,314,2029,0.29
Cuba,PWRPV02,314,2030,0.29
Cuba,PWRPV02,314,2031,0.29
Cuba,PWRPV02,314,2032,0.29
Cuba,PWRPV02,314,2033,0.29
Cuba,PWRPV02,314,2034,0.29
Cuba,PWRPV02,314,2035,0.29
Cuba,PWRPV02,314,2036,0.29
Cuba,PWRPV02,314,2037,0.29
Cuba,PWRPV02,314,2038,0.29
Cuba,PWRPV02,314,2039,0.29
Cuba,PWRPV02,314,2040,0.29
Cuba,PWRPV02,314,2041,0.29
Cuba,PWRPV02,314,2042,0.29
Cuba,PWRPV02,314,2043,0.29
Cuba,PWRPV02,314,2044,0.29
Cuba,PWRPV02,314,2045,0.29
Cuba,PWRPV02,314,2046,0.29
Cuba,PWRPV02,314,2047,0.29
Cuba,PWRPV02,314,2048,0.29
Cuba,PWRPV02,314,2049,0.29
Cuba,PWRPV02,314,2050,0.29
Cuba,PWRPV02,314,2051,0.29
Cuba,PWRPV02,314,2052,0.29
Cuba,PWRPV02,314,2053,0.29
Cuba,PWRPV02,314,2054,0.29
Cuba,PWRPV02,314,2055,0.29
Cuba,PWRPV02,315,2019,0.565
Cuba,PWRPV02,315,2020,0.565
Cuba,PWRPV02,315,2021,0.565
Cuba,PWRPV02,315,2022,0.565
Cuba,PWRPV02,315,2023,0.565
Cuba,PWRPV02,315,2024,0.565
Cuba,PWRPV02,315,2025,0.565
Cuba,PWRPV02,315,2026,0.565
Cuba,PWRPV02,315,2027,0.565
Cuba,PWRPV02,315,2028,0.565
Cuba,PWRPV02,315,2029,0.565
Cuba,PWRPV02,315,2030,0.565
Cuba,PWRPV02,315,2031,0.565
Cuba,PWRPV02,315,2032,0.565
Cuba,PWRPV02,315,2033,0.565
Cuba,PWRPV02,315,2034,0.565
Cuba,PWRPV02,315,2035,0.565
Cuba,PWRPV02,315,2036,0.565
Cuba,PWRPV02,315,2037,0.565
Cuba,PWRPV02,315,2038,0.565
Cuba,PWRPV02,315,2039,0.565
Cuba,PWRPV02,315,2040,0.565
Cuba,PWRPV02,315,2041,0.565
Cuba,PWRPV02,315,2042,0.565
Cuba,PWRPV02,315,2043,0.565
Cuba,PWRPV02,315,2044,0.565
Cuba,PWRPV02,315,2045,0.565
Cuba,PWRPV02,315,2046,0.565
Cuba,PWRPV02,315,2047,0.565
Cuba,PWRPV02,315,2048,0.565
Cuba,PWRPV02,315,2049,0.565
Cuba,PWRPV02,315,2050,0.565
Cuba,PWRPV02,315,2051,0.565
Cuba,PWRPV02,315,2052,0.565
Cuba,PWRPV02,315,2053,0.565
Cuba,PWRPV02,315,2054,0.565
Cuba,PWRPV02,315,2055,0.565
Cuba,PWRPV02,316,2019,0.557
Cuba,PWRPV02,316,2020,0.557
Cuba,PWRPV02,316,2021,0.557
Cuba,PWRPV02,316,2022,0.557
Cuba,PWRPV02,316,2023,0.557
Cuba,PWRPV02,316,2024,0.557
Cuba,PWRPV02,316,2025,0.557
Cuba,PWRPV02,316,2026,0.557
Cuba,PWRPV02,316,2027,0.557
Cuba,PWRPV02,316,2028,0.557
Cuba,PWRPV02,316,2029,0.557
Cuba,PWRPV02,316,2030,0.557
Cuba,PWRPV02,316,2031,0.557
Cuba,PWRPV02,316,2032,0.557
Cuba,PWRPV02,316,2033,0.557
Cuba,PWRPV02,316,2034,0.557
Cuba,PWRPV02,316,2035,0.557
Cuba,PWRPV02,316,2036,0.557
Cuba,PWRPV02,316,2037,0.557
Cuba,PWRPV02,316,2038,0.557
Cuba,PWRPV02,316,2039,0.557
Cuba,PWRPV02,316,2040,0.557
Cuba,PWRPV02,316,2041,0.557
Cuba,PWRPV02,316,2042,0.557
Cuba,PWRPV02,316,2043,0.557
Cuba,PWRPV02,316,2044,0.557
Cuba,PWRPV02,316,2045,0.557
Cuba,PWRPV02,316,2046,0.557
Cuba,PWRPV02,316,2047,0.557
Cuba,PWRPV02,316,2048,0.557
Cuba,PWRPV02,316,2049,0.557
Cuba,PWRPV02,316,2050,0.557
Cuba,PWRPV02,316,2051,0.557
Cuba,PWRPV02,316,2052,0.557
Cuba,PWRPV02,316,2053,0.557
Cuba,PWRPV02,316,2054,0.557
Cuba,PWRPV02,316,2055,0.557
Cuba,PWRPV02,317,2019,0.312
Cuba,PWRPV02,317,2020,0.312
Cuba,PWRPV02,317,2021,0.312
Cuba,PWRPV02,317,2022,0.312
Cuba,PWRPV02,317,2023,0.312
Cuba,PWRPV02,317,2024,0.312
Cuba,PWRPV02,317,2025,0.312
Cuba,PWRPV02,317,2026,0.312
Cuba,PWRPV02,317,2027,0.312
Cuba,PWRPV02,317,2028,0.312
Cuba,PWRPV02,317,2029,0.312
Cuba,PWRPV02,317,2030,0.312
Cuba,PWRPV02,317,2031,0.312
Cuba,PWRPV02,317,2032,0.312
Cuba,PWRPV02,317,2033,0.312
Cuba,PWRPV02,317,2034,0.312
Cuba,PWRPV02,317,2035,0.312
Cuba,PWRPV02,317,2036,0.312
Cuba,PWRPV02,317,2037,0.312
Cuba,PWRPV02,317,2038,0.312
Cuba,PWRPV02,317,2039,0.312
Cuba,PWRPV02,317,2040,0.312
Cuba,PWRPV02,317,2041,0.312
Cuba,PWRPV02,317,2042,0.312
Cuba,PWRPV02,317,2043,0.312
Cuba,PWRPV02,317,2044,0.312
Cuba,PWRPV02,317,2045,0.312
Cuba,PWRPV02,317,2046,0.312
Cuba,PWRPV02,317,2047,0.312
Cuba,PWRPV02,317,2048,0.312
Cuba,PWRPV02,317,2049,0.312
Cuba,PWRPV02,317,2050,0.312
Cuba,PWRPV02,317,2051,0.312
Cuba,PWRPV02,317,2052,0.312
Cuba,PWRPV02,317,2053,0.312
Cuba,PWRPV02,317,2054,0.312
Cuba,PWRPV02,317,2055,0.312
Cuba,PWRPV02,318,2019,0.049
Cuba,PWRPV02,318,2020,0.049
Cuba,PWRPV02,318,2021,0.049
Cuba,PWRPV02,318,2022,0.049
Cuba,PWRPV02,318,2023,0.049
Cuba,PWRPV02,318,2024,0.049
Cuba,PWRPV02,318,2025,0.049
Cuba,PWRPV02,318,2026,0.049
Cuba,PWRPV02,318,2027,0.049
Cuba,PWRPV02,318,2028,0.049
Cuba,PWRPV02,318,2029,0.049
Cuba,PWRPV02,318,2030,0.049
Cuba,PWRPV02,318,2031,0.049
Cuba,PWRPV02,318,2032,0.049
Cuba,PWRPV02,318,2033,0.049
Cuba,PWRPV02,318,2034,0.049
Cuba,PWRPV02,318,2035,0.049
Cuba,PWRPV02,318,2036,0.049
Cuba,PWRPV02,318,2037,0.049
Cuba,PWRPV02,318,2038,0.049
Cuba,PWRPV02,318,2039,0.049
Cuba,PWRPV02,318,2040,0.049
Cuba,PWRPV02,318,2041,0.049
Cuba,PWRPV02,318,2042,0.049
Cuba,PWRPV02,318,2043,0.049
Cuba,PWRPV02,318,2044,0.049
Cuba,PWRPV02,318,2045,0.049
Cuba,PWRPV02,318,2046,0.049
Cuba,PWRPV02,318,2047,0.049
Cuba,PWRPV02,318,2048,0.049
Cuba,PWRPV02,318,2049,0.049
Cuba,PWRPV02,318,2050,0.049
Cuba,PWRPV02,318,2051,0.049
Cuba,PWRPV02,318,2052,0.049
Cuba,PWRPV02,318,2053,0.049
Cuba,PWRPV02,318,2054,0.049
Cuba,PWRPV02,318,2055,0.049
Cuba,PWRPV02,321,2019,0.0
Cuba,PWRPV02,321,2020,0.0
Cuba,PWRPV02,321,2021,0.0
Cuba,PWRPV02,321,2022,0.0
Cuba,PWRPV02,321,2023,0.0
Cuba,PWRPV02,321,2024,0.0
Cuba,PWRPV02,321,2025,0.0
Cuba,PWRPV02,321,2026,0.0
Cuba,PWRPV02,321,2027,0.0
Cuba,PWRPV02,321,2028,0.0
Cuba,PWRPV02,321,2029,0.0
Cuba,PWRPV02,321,2030,0.0
Cuba,PWRPV02,321,2031,0.0
Cuba,PWRPV02,321,2032,0.0
Cuba,PWRPV02,321,2033,0.0
Cuba,PWRPV02,321,2034,0.0
Cuba,PWRPV02,321,2035,0.0
Cuba,PWRPV02,321,2036,0.0
Cuba,PWRPV02,321,2037,0.0
Cuba,PWRPV02,321,2038,0.0
Cuba,PWRPV02,321,2039,0.0
Cuba,PWRPV02,321,2040,0.0
Cuba,PWRPV02,321,2041,0.0
Cuba,PWRPV02,321,2042,0.0
Cuba,PWRPV02,321,2043,0.0
Cuba,PWRPV02,321,2044,0.0
Cuba,PWRPV02,321,2045,0.0
Cuba,PWRPV02,321,2046,0.0
Cuba,PWRPV02,321,2047,0.0
Cuba,PWRPV02,321,2048,0.0
Cuba,PWRPV02,321,2049,0.0
Cuba,PWRPV02,321,2050,0.0
Cuba,PWRPV02,321,2051,0.0
Cuba,PWRPV02,321,2052,0.0
Cuba,PWRPV02,321,2053,0.0
Cuba,PWRPV02,321,2054,0.0
Cuba,PWRPV02,321,2055,0.0
Cuba,PWRPV02,322,2019,0.0
Cuba,PWRPV02,322,2020,0.0
Cuba,PWRPV02,322,2021,0.0
Cuba,PWRPV02,322,2022,0.0
Cuba,PWRPV02,322,2023,0.0
Cuba,PWRPV02,322,2024,0.0
Cuba,PWRPV02,322,2025,0.0
Cuba,PWRPV02,322,2026,0.0
Cuba,PWRPV02,322,2027,0.0
Cuba,PWRPV02,322,2028,0.0
Cuba,PWRPV02,322,2029,0.0
Cuba,PWRPV02,322,2030,0.0
Cuba,PWRPV02,322,2031,0.0
Cuba,PWRPV02,322,2032,0.0
Cuba,PWRPV02,322,2033,0.0
Cuba,PWRPV02,322,2034,0.0
Cuba,PWRPV02,322,2035,0.0
Cuba,PWRPV02,322,2036,0.0
Cuba,PWRPV02,322,2037,0.0
Cuba,PWRPV02,322,2038,0.0
Cuba,PWRPV02,322,2039,0.0
Cuba,PWRPV02,322,2040,0.0
Cuba,PWRPV02,322,2041,0.0
Cuba,PWRPV02,322,2042,0.0
Cuba,PWRPV02,322,2043,0.0
Cuba,PWRPV02,322,2044,0.0
Cuba,PWRPV02,322,2045,0.0
Cuba,PWRPV02,322,2046,0.0
Cuba,PWRPV02,322,2047,0.0
Cuba,PWRPV02,322,2048,0.0
Cuba,PWRPV02,322,2049,0.0
Cuba,PWRPV02,322,2050,0.0
Cuba,PWRPV02,322,2051,0.0
Cuba,PWRPV02,322,2052,0.0
Cuba,PWRPV02,322,2053,0.0
Cuba,PWRPV02,322,2054,0.0
Cuba,PWRPV02,322,2055,0.0
Cuba,PWRPV02,323,2019,0.018
Cuba,PWRPV02,323,2020,0.018
Cuba,PWRPV02,323,2021,0.018
Cuba,PWRPV02,323,2022,0.018
Cuba,PWRPV02,323,2023,0.018
Cuba,PWRPV02,323,2024,0.018
Cuba,PWRPV02,323,2025,0.018
Cuba,PWRPV02,323,2026,0.018
Cuba,PWRPV02,323,2027,0.018
Cuba,PWRPV02,323,2028,0.018
Cuba,PWRPV02,323,2029,0.018
Cuba,PWRPV02,323,2030,0.018
Cuba,PWRPV02,323,2031,0.018
Cuba,PWRPV02,323,2032,0.018
Cuba,PWRPV02,323,2033,0.018
Cuba,PWRPV02,323,2034,0.018
Cuba,PWRPV02,323,2035,0.018
Cuba,PWRPV02,323,2036,0.018
Cuba,PWRPV02,323,2037,0.018
Cuba,PWRPV02,323,2038,0.018
Cuba,PWRPV02,323,2039,0.018
Cuba,PWRPV02,323,2040,0.018
Cuba,PWRPV02,323,2041,0.018
Cuba,PWRPV02,323,2042,0.018
Cuba,PWRPV02,323,2043,0.018
Cuba,PWRPV02,323,2044,0.018
Cuba,PWRPV02,323,2045,0.018
Cuba,PWRPV02,323,2046,0.018
Cuba,PWRPV02,323,2047,0.018
Cuba,PWRPV02,323,2048,0.018
Cuba,PWRPV02,323,2049,0.018
Cuba,PWRPV02,323,2050,0.018
Cuba,PWRPV02,323,2051,0.018
Cuba,PWRPV02,323,2052,0.018
Cuba,PWRPV02,323,2053,0.018
Cuba,PWRPV02,323,2054,0.018
Cuba,PWRPV02,323,2055,0.018
Cuba,PWRPV02,324,2019,0.298
Cuba,PWRPV02,324,2020,0.298
Cuba,PWRPV02,324,2021,0.298
Cuba,PWRPV02,324,2022,0.298
Cuba,PWRPV02,324,2023,0.298
Cuba,PWRPV02,324,2024,0.298
Cuba,PWRPV02,324,2025,0.298
Cuba,PWRPV02,324,2026,0.298
Cuba,PWRPV02,324,2027,0.298
Cuba,PWRPV02,324,2028,0.298
Cuba,PWRPV02,324,2029,0.298
Cuba,PWRPV02,324,2030,0.298
Cuba,PWRPV02,324,2031,0.298
Cuba,PWRPV02,324,2032,0.298
Cuba,PWRPV02,324,2033,0.298
Cuba,PWRPV02,324,2034,0.298
Cuba,PWRPV02,324,2035,0.298
Cuba,PWRPV02,324,2036,0.298
Cuba,PWRPV02,324,2037,0.298
Cuba,PWRPV02,324,2038,0.298
Cuba,PWRPV02,324,2039,0.298
Cuba,PWRPV02,324,2040,0.298
Cuba,PWRPV02,324,2041,0.298
Cuba,PWRPV02,324,2042,0.298
Cuba,PWRPV02,324,2043,0.298
Cuba,PWRPV02,324,2044,0.298
Cuba,PWRPV02,324,2045,0.298
Cuba,PWRPV02,324,2046,0.298
Cuba,PWRPV02,324,2047,0.298
Cuba,PWRPV02,324,2048,0.298
Cuba,PWRPV02,324,2049,0.298
Cuba,PWRPV02,324,2050,0.298
Cuba,PWRPV02,324,2051,0.298
Cuba,PWRPV02,324,2052,0.298
Cuba,PWRPV02,324,2053,0.298
Cuba,PWRPV02,324,2054,0.298
Cuba,PWRPV02,324,2055,0.298
Cuba,PWRPV02,325,2019,0.579
Cuba,PWRPV02,325,2020,0.579
Cuba,PWRPV02,325,2021,0.579
Cuba,PWRPV02,325,2022,0.579
Cuba,PWRPV02,325,2023,0.579
Cuba,PWRPV02,325,2024,0.579
Cuba,PWRPV02,325,2025,0.579
Cuba,PWRPV02,325,2026,0.579
Cuba,PWRPV02,325,2027,0.579
Cuba,PWRPV02,325,2028,0.579
Cuba,PWRPV02,325,2029,0.579
Cuba,PWRPV02,325,2030,0.579
Cuba,PWRPV02,325,2031,0.579
Cuba,PWRPV02,325,2032,0.579
Cuba,PWRPV02,325,2033,0.579
Cuba,PWRPV02,325,2034,0.579
Cuba,PWRPV02,325,2035,0.579
Cuba,PWRPV02,325,2036,0.579
Cuba,PWRPV02,325,2037,0.579
Cuba,PWRPV02,325,2038,0.579
Cuba,PWRPV02,325,2039,0.579
Cuba,PWRPV02,325,2040,0.579
Cuba,PWRPV02,325,2041,0.579
Cuba,PWRPV02,325,2042,0.579
Cuba,PWRPV02,325,2043,0.579
Cuba,PWRPV02,325,2044,0.579
Cuba,PWRPV02,325,2045,0.579
Cuba,PWRPV02,325,2046,0.579
Cuba,PWRPV02,325,2047,0.579
Cuba,PWRPV02,325,2048,0.579
Cuba,PWRPV02,325,2049,0.579
Cuba,PWRPV02,325,2050,0.579
Cuba,PWRPV02,325,2051,0.579
Cuba,PWRPV02,325,2052,0.579
Cuba,PWRPV02,325,2053,0.579
Cuba,PWRPV02,325,2054,0.579
Cuba,PWRPV02,325,2055,0.579
Cuba,PWRPV02,326,2019,0.574
Cuba,PWRPV02,326,2020,0.574
Cuba,PWRPV02,326,2021,0.574
Cuba,PWRPV02,326,2022,0.574
Cuba,PWRPV02,326,2023,0.574
Cuba,PWRPV02,326,2024,0.574
Cuba,PWRPV02,326,2025,0.574
Cuba,PWRPV02,326,2026,0.574
Cuba,PWRPV02,326,2027,0.574
Cuba,PWRPV02,326,2028,0.574
Cuba,PWRPV02,326,2029,0.574
Cuba,PWRPV02,326,2030,0.574
Cuba,PWRPV02,326,2031,0.574
Cuba,PWRPV02,326,2032,0.574
Cuba,PWRPV02,326,2033,0.574
Cuba,PWRPV02,326,2034,0.574
Cuba,PWRPV02,326,2035,0.574
Cuba,PWRPV02,326,2036,0.574
Cuba,PWRPV02,326,2037,0.574
Cuba,PWRPV02,326,2038,0.574
Cuba,PWRPV02,326,2039,0.574
Cuba,PWRPV02,326,2040,0.574
Cuba,PWRPV02,326,2041,0.574
Cuba,PWRPV02,326,2042,0.574
Cuba,PWRPV02,326,2043,0.574
Cuba,PWRPV02,326,2044,0.574
Cuba,PWRPV02,326,2045,0.574
Cuba,PWRPV02,326,2046,0.574
Cuba,PWRPV02,326,2047,0.574
Cuba,PWRPV02,326,2048,0.574
Cuba,PWRPV02,326,2049,0.574
Cuba,PWRPV02,326,2050,0.574
Cuba,PWRPV02,326,2051,0.574
Cuba,PWRPV02,326,2052,0.574
Cuba,PWRPV02,326,2053,0.574
Cuba,PWRPV02,326,2054,0.574
Cuba,PWRPV02,326,2055,0.574
Cuba,PWRPV02,327,2019,0.314
Cuba,PWRPV02,327,2020,0.314
Cuba,PWRPV02,327,2021,0.314
Cuba,PWRPV02,327,2022,0.314
Cuba,PWRPV02,327,2023,0.314
Cuba,PWRPV02,327,2024,0.314
Cuba,PWRPV02,327,2025,0.314
Cuba,PWRPV02,327,2026,0.314
Cuba,PWRPV02,327,2027,0.314
Cuba,PWRPV02,327,2028,0.314
Cuba,PWRPV02,327,2029,0.314
Cuba,PWRPV02,327,2030,0.314
Cuba,PWRPV02,327,2031,0.314
Cuba,PWRPV02,327,2032,0.314
Cuba,PWRPV02,327,2033,0.314
Cuba,PWRPV02,327,2034,0.314
Cuba,PWRPV02,327,2035,0.314
Cuba,PWRPV02,327,2036,0.314
Cuba,PWRPV02,327,2037,0.314
Cuba,PWRPV02,327,2038,0.314
Cuba,PWRPV02,327,2039,0.314
Cuba,PWRPV02,327,2040,0.314
Cuba,PWRPV02,327,2041,0.314
Cuba,PWRPV02,327,2042,0.314
Cuba,PWRPV02,327,2043,0.314
Cuba,PWRPV02,327,2044,0.314
Cuba,PWRPV02,327,2045,0.314
Cuba,PWRPV02,327,2046,0.314
Cuba,PWRPV02,327,2047,0.314
Cuba,PWRPV02,327,2048,0.314
Cuba,PWRPV02,327,2049,0.314
Cuba,PWRPV02,327,2050,0.314
Cuba,PWRPV02,327,2051,0.314
Cuba,PWRPV02,327,2052,0.314
Cuba,PWRPV02,327,2053,0.314
Cuba,PWRPV02,327,2054,0.314
Cuba,PWRPV02,327,2055,0.314
Cuba,PWRPV02,328,2019,0.05
Cuba,PWRPV02,328,2020,0.05
Cuba,PWRPV02,328,2021,0.05
Cuba,PWRPV02,328,2022,0.05
Cuba,PWRPV02,328,2023,0.05
Cuba,PWRPV02,328,2024,0.05
Cuba,PWRPV02,328,2025,0.05
Cuba,PWRPV02,328,2026,0.05
Cuba,PWRPV02,328,2027,0.05
Cuba,PWRPV02,328,2028,0.05
Cuba,PWRPV02,328,2029,0.05
Cuba,PWRPV02,328,2030,0.05
Cuba,PWRPV02,328,2031,0.05
Cuba,PWRPV02,328,2032,0.05
Cuba,PWRPV02,328,2033,0.05
Cuba,PWRPV02,328,2034,0.05
Cuba,PWRPV02,328,2035,0.05
Cuba,PWRPV02,328,2036,0.05
Cuba,PWRPV02,328,2037,0.05
Cuba,PWRPV02,328,2038,0.05
Cuba,PWRPV02,328,2039,0.05
Cuba,PWRPV02,328,2040,0.05
Cuba,PWRPV02,328,2041,0.05
Cuba,PWRPV02,328,2042,0.05
Cuba,PWRPV02,328,2043,0.05
Cuba,PWRPV02,328,2044,0.05
Cuba,PWRPV02,328,2045,0.05
Cuba,PWRPV02,328,2046,0.05
Cuba,PWRPV02,328,2047,0.05
Cuba,PWRPV02,328,2048,0.05
Cuba,PWRPV02,328,2049,0.05
Cuba,PWRPV02,328,2050,0.05
Cuba,PWRPV02,328,2051,0.05
Cuba,PWRPV02,328,2052,0.05
Cuba,PWRPV02,328,2053,0.05
Cuba,PWRPV02,328,2054,0.05
Cuba,PWRPV02,328,2055,0.05
Cuba,PWRPV02,411,2019,0.0
Cuba,PWRPV02,411,2020,0.0
Cuba,PWRPV02,411,2021,0.0
Cuba,PWRPV02,411,2022,0.0
Cuba,PWRPV02,411,2023,0.0
Cuba,PWRPV02,411,2024,0.0
Cuba,PWRPV02,411,2025,0.0
Cuba,PWRPV02,411,2026,0.0
Cuba,PWRPV02,411,2027,0.0
Cuba,PWRPV02,411,2028,0.0
Cuba,PWRPV02,411,2029,0.0
Cuba,PWRPV02,411,2030,0.0
Cuba,PWRPV02,411,2031,0.0
Cuba,PWRPV02,411,2032,0.0
Cuba,PWRPV02,411,2033,0.0
Cuba,PWRPV02,411,2034,0.0
Cuba,PWRPV02,411,2035,0.0
Cuba,PWRPV02,411,2036,0.0
Cuba,PWRPV02,411,2037,0.0
Cuba,PWRPV02,411,2038,0.0
Cuba,PWRPV02,411,2039,0.0
Cuba,PWRPV02,411,2040,0.0
Cuba,PWRPV02,411,2041,0.0
Cuba,PWRPV02,411,2042,0.0
Cuba,PWRPV02,411,2043,0.0
Cuba,PWRPV02,411,2044,0.0
Cuba,PWRPV02,411,2045,0.0
Cuba,PWRPV02,411,2046,0.0
Cuba,PWRPV02,411,2047,0.0
Cuba,PWRPV02,411,2048,0.0
Cuba,PWRPV02,411,2049,0.0
Cuba,PWRPV02,411,2050,0.0
Cuba,PWRPV02,411,2051,0.0
Cuba,PWRPV02,411,2052,0.0
Cuba,PWRPV02,411,2053,0.0
Cuba,PWRPV02,411,2054,0.0
Cuba,PWRPV02,411,2055,0.0
Cuba,PWRPV02,412,2019,0.0
Cuba,PWRPV02,412,2020,0.0
Cuba,PWRPV02,412,2021,0.0
Cuba,PWRPV02,412,2022,0.0
Cuba,PWRPV02,412,2023,0.0
Cuba,PWRPV02,412,2024,0.0
Cuba,PWRPV02,412,2025,0.0
Cuba,PWRPV02,412,2026,0.0
Cuba,PWRPV02,412,2027,0.0
Cuba,PWRPV02,412,2028,0.0
Cuba,PWRPV02,412,2029,0.0
Cuba,PWRPV02,412,2030,0.0
Cuba,PWRPV02,412,2031,0.0
Cuba,PWRPV02,412,2032,0.0
Cuba,PWRPV02,412,2033,0.0
Cuba,PWRPV02,412,2034,0.0
Cuba,PWRPV02,412,2035,0.0
Cuba,PWRPV02,412,2036,0.0
Cuba,PWRPV02,412,2037,0.0
Cuba,PWRPV02,412,2038,0.0
Cuba,PWRPV02,412,2039,0.0
Cuba,PWRPV02,412,2040,0.0
Cuba,PWRPV02,412,2041,0.0
Cuba,PWRPV02,412,2042,0.0
Cuba,PWRPV02,412,2043,0.0
Cuba,PWRPV02,412,2044,0.0
Cuba,PWRPV02,412,2045,0.0
Cuba,PWRPV02,412,2046,0.0
Cuba,PWRPV02,412,2047,0.0
Cuba,PWRPV02,412,2048,0.0
Cuba,PWRPV02,412,2049,0.0
Cuba,PWRPV02,412,2050,0.0
Cuba,PWRPV02,412,2051,0.0
Cuba,PWRPV02,412,2052,0.0
Cuba,PWRPV02,412,2053,0.0
Cuba,PWRPV02,412,2054,0.0
Cuba,PWRPV02,412,2055,0.0
Cuba,PWRPV02,413,2019,0.004
Cuba,PWRPV02,413,2020,0.004
Cuba,PWRPV02,413,2021,0.004
Cuba,PWRPV02,413,2022,0.004
Cuba,PWRPV02,413,2023,0.004
Cuba,PWRPV02,413,2024,0.004
Cuba,PWRPV02,413,2025,0.004
Cuba,PWRPV02,413,2026,0.004
Cuba,PWRPV02,413,2027,0.004
Cuba,PWRPV02,413,2028,0.004
Cuba,PWRPV02,413,2029,0.004
Cuba,PWRPV02,413,2030,0.004
Cuba,PWRPV02,413,2031,0.004
Cuba,PWRPV02,413,2032,0.004
Cuba,PWRPV02,413,2033,0.004
Cuba,PWRPV02,413,2034,0.004
Cuba,PWRPV02,413,2035,0.004
Cuba,PWRPV02,413,2036,0.004
Cuba,PWRPV02,413,2037,0.004
Cuba,PWRPV02,413,2038,0.004
Cuba,PWRPV02,413,2039,0.004
Cuba,PWRPV02,413,2040,0.004
Cuba,PWRPV02,413,2041,0.004
Cuba,PWRPV02,413,2042,0.004
Cuba,PWRPV02,413,2043,0.004
Cuba,PWRPV02,413,2044,0.004
Cuba,PWRPV02,413,2045,0.004
Cuba,PWRPV02,413,2046,0.004
Cuba,PWRPV02,413,2047,0.004
Cuba,PWRPV02,413,2048,0.004
Cuba,PWRPV02,413,2049,0.004
Cuba,PWRPV02,413,2050,0.004
Cuba,PWRPV02,413,2051,0.004
Cuba,PWRPV02,413,2052,0.004
Cuba,PWRPV02,413,2053,0.004
Cuba,PWRPV02,413,2054,0.004
Cuba,PWRPV02,413,2055,0.004
Cuba,PWRPV02,414,2019,0.234
Cuba,PWRPV02,414,2020,0.234
Cuba,PWRPV02,414,2021,0.234
Cuba,PWRPV02,414,2022,0.234
Cuba,PWRPV02,414,2023,0.234
Cuba,PWRPV02,414,2024,0.234
Cuba,PWRPV02,414,2025,0.234
Cuba,PWRPV02,414,2026,0.234
Cuba,PWRPV02,414,2027,0.234
Cuba,PWRPV02,414,2028,0.234
Cuba,PWRPV02,414,2029,0.234
Cuba,PWRPV02,414,2030,0.234
Cuba,PWRPV02,414,2031,0.234
Cuba,PWRPV02,414,2032,0.234
Cuba,PWRPV02,414,2033,0.234
Cuba,PWRPV02,414,2034,0.234
Cuba,PWRPV02,414,2035,0.234
Cuba,PWRPV02,414,2036,0.234
Cuba,PWRPV02,414,2037,0.234
Cuba,PWRPV02,414,2038,0.234
Cuba,PWRPV02,414,2039,0.234
Cuba,PWRPV02,414,2040,0.234
Cuba,PWRPV02,414,2041,0.234
Cuba,PWRPV02,414,2042,0.234
Cuba,PWRPV02,414,2043,0.234
Cuba,PWRPV02,414,2044,0.234
Cuba,PWRPV02,414,2045,0.234
Cuba,PWRPV02,414,2046,0.234
Cuba,PWRPV02,414,2047,0.234
Cuba,PWRPV02,414,2048,0.234
Cuba,PWRPV02,414,2049,0.234
Cuba,PWRPV02,414,2050,0.234
Cuba,PWRPV02,414,2051,0.234
Cuba,PWRPV02,414,2052,0.234
Cuba,PWRPV02,414,2053,0.234
Cuba,PWRPV02,414,2054,0.234
Cuba,PWRPV02,414,2055,0.234
Cuba,PWRPV02,415,2019,0.54
Cuba,PWRPV02,415,2020,0.54
Cuba,PWRPV02,415,2021,0.54
Cuba,PWRPV02,415,2022,0.54
Cuba,PWRPV02,415,2023,0.54
Cuba,PWRPV02,415,2024,0.54
Cuba,PWRPV02,415,2025,0.54
Cuba,PWRPV02,415,2026,0.54
Cuba,PWRPV02,415,2027,0.54
Cuba,PWRPV02,415,2028,0.54
Cuba,PWRPV02,415,2029,0.54
Cuba,PWRPV02,415,2030,0.54
Cuba,PWRPV02,415,2031,0.54
Cuba,PWRPV02,415,2032,0.54
Cuba,PWRPV02,415,2033,0.54
Cuba,PWRPV02,415,2034,0.54
Cuba,PWRPV02,415,2035,0.54
Cuba,PWRPV02,415,2036,0.54
Cuba,PWRPV02,415,2037,0.54
Cuba,PWRPV02,415,2038,0.54
Cuba,PWRPV02,415,2039,0.54
Cuba,PWRPV02,415,2040,0.54
Cuba,PWRPV02,415,2041,0.54
Cuba,PWRPV02,415,2042,0.54
Cuba,PWRPV02,415,2043,0.54
Cuba,PWRPV02,415,2044,0.54
Cuba,PWRPV02,415,2045,0.54
Cuba,PWRPV02,415,2046,0.54
Cuba,PWRPV02,415,2047,0.54
Cuba,PWRPV02,415,2048,0.54
Cuba,PWRPV02,415,2049,0.54
Cuba,PWRPV02,415,2050,0.54
Cuba,PWRPV02,415,2051,0.54
Cuba,PWRPV02,415,2052,0.54
Cuba,PWRPV02,415,2053,0.54
Cuba,PWRPV02,415,2054,0.54
Cuba,PWRPV02,415,2055,0.54
Cuba,PWRPV02,416,2019,0.563
Cuba,PWRPV02,416,2020,0.563
Cuba,PWRPV02,416,2021,0.563
Cuba,PWRPV02,416,2022,0.563
Cuba,PWRPV02,416,2023,0.563
Cuba,PWRPV02,416,2024,0.563
Cuba,PWRPV02,416,2025,0.563
Cuba,PWRPV02,416,2026,0.563
Cuba,PWRPV02,416,2027,0.563
Cuba,PWRPV02,416,2028,0.563
Cuba,PWRPV02,416,2029,0.563
Cuba,PWRPV02,416,2030,0.563
Cuba,PWRPV02,416,2031,0.563
Cuba,PWRPV02,416,2032,0.563
Cuba,PWRPV02,416,2033,0.563
Cuba,PWRPV02,416,2034,0.563
Cuba,PWRPV02,416,2035,0.563
Cuba,PWRPV02,416,2036,0.563
Cuba,PWRPV02,416,2037,0.563
Cuba,PWRPV02,416,2038,0.563
Cuba,PWRPV02,416,2039,0.563
Cuba,PWRPV02,416,2040,0.563
Cuba,PWRPV02,416,2041,0.563
Cuba,PWRPV02,416,2042,0.563
Cuba,PWRPV02,416,2043,0.563
Cuba,PWRPV02,416,2044,0.563
Cuba,PWRPV02,416,2045,0.563
Cuba,PWRPV02,416,2046,0.563
Cuba,PWRPV02,416,2047,0.563
Cuba,PWRPV02,416,2048,0.563
Cuba,PWRPV02,416,2049,0.563
Cuba,PWRPV02,416,2050,0.563
Cuba,PWRPV02,416,2051,0.563
Cuba,PWRPV02,416,2052,0.563
Cuba,PWRPV02,416,2053,0.563
Cuba,PWRPV02,416,2054,0.563
Cuba,PWRPV02,416,2055,0.563
Cuba,PWRPV02,417,2019,0.342
Cuba,PWRPV02,417,2020,0.342
Cuba,PWRPV02,417,2021,0.342
Cuba,PWRPV02,417,2022,0.342
Cuba,PWRPV02,417,2023,0.342
Cuba,PWRPV02,417,2024,0.342
Cuba,PWRPV02,417,2025,0.342
Cuba,PWRPV02,417,2026,0.342
Cuba,PWRPV02,417,2027,0.342
Cuba,PWRPV02,417,2028,0.342
Cuba,PWRPV02,417,2029,0.342
Cuba,PWRPV02,417,2030,0.342
Cuba,PWRPV02,417,2031,0.342
Cuba,PWRPV02,417,2032,0.342
Cuba,PWRPV02,417,2033,0.342
Cuba,PWRPV02,417,2034,0.342
Cuba,PWRPV02,417,2035,0.342
Cuba,PWRPV02,417,2036,0.342
Cuba,PWRPV02,417,2037,0.342
Cuba,PWRPV02,417,2038,0.342
Cuba,PWRPV02,417,2039,0.342
Cuba,PWRPV02,417,2040,0.342
Cuba,PWRPV02,417,2041,0.342
Cuba,PWRPV02,417,2042,0.342
Cuba,PWRPV02,417,2043,0.342
Cuba,PWRPV02,417,2044,0.342
Cuba,PWRPV02,417,2045,0.342
Cuba,PWRPV02,417,2046,0.342
Cuba,PWRPV02,417,2047,0.342
Cuba,PWRPV02,417,2048,0.342
Cuba,PWRPV02,417,2049,0.342
Cuba,PWRPV02,417,2050,0.342
Cuba,PWRPV02,417,2051,0.342
Cuba,PWRPV02,417,2052,0.342
Cuba,PWRPV02,417,2053,0.342
Cuba,PWRPV02,417,2054,0.342
Cuba,PWRPV02,417,2055,0.342
Cuba,PWRPV02,418,2019,0.021
Cuba,PWRPV02,418,2020,0.021
Cuba,PWRPV02,418,2021,0.021
Cuba,PWRPV02,418,2022,0.021
Cuba,PWRPV02,418,2023,0.021
Cuba,PWRPV02,418,2024,0.021
Cuba,PWRPV02,418,2025,0.021
Cuba,PWRPV02,418,2026,0.021
Cuba,PWRPV02,418,2027,0.021
Cuba,PWRPV02,418,2028,0.021
Cuba,PWRPV02,418,2029,0.021
Cuba,PWRPV02,418,2030,0.021
Cuba,PWRPV02,418,2031,0.021
Cuba,PWRPV02,418,2032,0.021
Cuba,PWRPV02,418,2033,0.021
Cuba,PWRPV02,418,2034,0.021
Cuba,PWRPV02,418,2035,0.021
Cuba,PWRPV02,418,2036,0.021
Cuba,PWRPV02,418,2037,0.021
Cuba,PWRPV02,418,2038,0.021
Cuba,PWRPV02,418,2039,0.021
Cuba,PWRPV02,418,2040,0.021
Cuba,PWRPV02,418,2041,0.021
Cuba,PWRPV02,418,2042,0.021
Cuba,PWRPV02,418,2043,0.021
Cuba,PWRPV02,418,2044,0.021
Cuba,PWRPV02,418,2045,0.021
Cuba,PWRPV02,418,2046,0.021
Cuba,PWRPV02,418,2047,0.021
Cuba,PWRPV02,418,2048,0.021
Cuba,PWRPV02,418,2049,0.021
Cuba,PWRPV02,418,2050,0.021
Cuba,PWRPV02,418,2051,0.021
Cuba,PWRPV02,418,2052,0.021
Cuba,PWRPV02,418,2053,0.021
Cuba,PWRPV02,418,2054,0.021
Cuba,PWRPV02,418,2055,0.021
Cuba,PWRPV02,421,2019,0.0
Cuba,PWRPV02,421,2020,0.0
Cuba,PWRPV02,421,2021,0.0
Cuba,PWRPV02,421,2022,0.0
Cuba,PWRPV02,421,2023,0.0
Cuba,PWRPV02,421,2024,0.0
Cuba,PWRPV02,421,2025,0.0
Cuba,PWRPV02,421,2026,0.0
Cuba,PWRPV02,421,2027,0.0
Cuba,PWRPV02,421,2028,0.0
Cuba,PWRPV02,421,2029,0.0
Cuba,PWRPV02,421,2030,0.0
Cuba,PWRPV02,421,2031,0.0
Cuba,PWRPV02,421,2032,0.0
Cuba,PWRPV02,421,2033,0.0
Cuba,PWRPV02,421,2034,0.0
Cuba,PWRPV02,421,2035,0.0
Cuba,PWRPV02,421,2036,0.0
Cuba,PWRPV02,421,2037,0.0
Cuba,PWRPV02,421,2038,0.0
Cuba,PWRPV02,421,2039,0.0
Cuba,PWRPV02,421,2040,0.0
Cuba,PWRPV02,421,2041,0.0
Cuba,PWRPV02,421,2042,0.0
Cuba,PWRPV02,421,2043,0.0
Cuba,PWRPV02,421,2044,0.0
Cuba,PWRPV02,421,2045,0.0
Cuba,PWRPV02,421,2046,0.0
Cuba,PWRPV02,421,2047,0.0
Cuba,PWRPV02,421,2048,0.0
Cuba,PWRPV02,421,2049,0.0
Cuba,PWRPV02,421,2050,0.0
Cuba,PWRPV02,421,2051,0.0
Cuba,PWRPV02,421,2052,0.0
Cuba,PWRPV02,421,2053,0.0
Cuba,PWRPV02,421,2054,0.0
Cuba,PWRPV02,421,2055,0.0
Cuba,PWRPV02,422,2019,0.0
Cuba,PWRPV02,422,2020,0.0
Cuba,PWRPV02,422,2021,0.0
Cuba,PWRPV02,422,2022,0.0
Cuba,PWRPV02,422,2023,0.0
Cuba,PWRPV02,422,2024,0.0
Cuba,PWRPV02,422,2025,0.0
Cuba,PWRPV02,422,2026,0.0
Cuba,PWRPV02,422,2027,0.0
Cuba,PWRPV02,422,2028,0.0
Cuba,PWRPV02,422,2029,0.0
Cuba,PWRPV02,422,2030,0.0
Cuba,PWRPV02,422,2031,0.0
Cuba,PWRPV02,422,2032,0.0
Cuba,PWRPV02,422,2033,0.0
Cuba,PWRPV02,422,2034,0.0
Cuba,PWRPV02,422,2035,0.0
Cuba,PWRPV02,422,2036,0.0
Cuba,PWRPV02,422,2037,0.0
Cuba,PWRPV02,422,2038,0.0
Cuba,PWRPV02,422,2039,0.0
Cuba,PWRPV02,422,2040,0.0
Cuba,PWRPV02,422,2041,0.0
Cuba,PWRPV02,422,2042,0.0
Cuba,PWRPV02,422,2043,0.0
Cuba,PWRPV02,422,2044,0.0
Cuba,PWRPV02,422,2045,0.0
Cuba,PWRPV02,422,2046,0.0
Cuba,PWRPV02,422,2047,0.0
Cuba,PWRPV02,422,2048,0.0
Cuba,PWRPV02,422,2049,0.0
Cuba,PWRPV02,422,2050,0.0
Cuba,PWRPV02,422,2051,0.0
Cuba,PWRPV02,422,2052,0.0
Cuba,PWRPV02,422,2053,0.0
Cuba,PWRPV02,422,2054,0.0
Cuba,PWRPV02,422,2055,0.0
Cuba,PWRPV02,423,2019,0.004
Cuba,PWRPV02,423,2020,0.004
Cuba,PWRPV02,423,2021,0.004
Cuba,PWRPV02,423,2022,0.004
Cuba,PWRPV02,423,2023,0.004
Cuba,PWRPV02,423,2024,0.004
Cuba,PWRPV02,423,2025,0.004
Cuba,PWRPV02,423,2026,0.004
Cuba,PWRPV02,423,2027,0.004
Cuba,PWRPV02,423,2028,0.004
Cuba,PWRPV02,423,2029,0.004
Cuba,PWRPV02,423,2030,0.004
Cuba,PWRPV02,423,2031,0.004
Cuba,PWRPV02,423,2032,0.004
Cuba,PWRPV02,423,2033,0.004
Cuba,PWRPV02,423,2034,0.004
Cuba,PWRPV02,423,2035,0.004
Cuba,PWRPV02,423,2036,0.004
Cuba,PWRPV02,423,2037,0.004
Cuba,PWRPV02,423,2038,0.004
Cuba,PWRPV02,423,2039,0.004
Cuba,PWRPV02,423,2040,0.004
Cuba,PWRPV02,423,2041,0.004
Cuba,PWRPV02,423,2042,0.004
Cuba,PWRPV02,423,2043,0.004
Cuba,PWRPV02,423,2044,0.004
Cuba,PWRPV02,423,2045,0.004
Cuba,PWRPV02,423,2046,0.004
Cuba,PWRPV02,423,2047,0.004
Cuba,PWRPV02,423,2048,0.004
Cuba,PWRPV02,423,2049,0.004
Cuba,PWRPV02,423,2050,0.004
Cuba,PWRPV02,423,2051,0.004
Cuba,PWRPV02,423,2052,0.004
Cuba,PWRPV02,423,2053,0.004
Cuba,PWRPV02,423,2054,0.004
Cuba,PWRPV02,423,2055,0.004
Cuba,PWRPV02,424,2019,0.233
Cuba,PWRPV02,424,2020,0.233
Cuba,PWRPV02,424,2021,0.233
Cuba,PWRPV02,424,2022,0.233
Cuba,PWRPV02,424,2023,0.233
Cuba,PWRPV02,424,2024,0.233
Cuba,PWRPV02,424,2025,0.233
Cuba,PWRPV02,424,2026,0.233
Cuba,PWRPV02,424,2027,0.233
Cuba,PWRPV02,424,2028,0.233
Cuba,PWRPV02,424,2029,0.233
Cuba,PWRPV02,424,2030,0.233
Cuba,PWRPV02,424,2031,0.233
Cuba,PWRPV02,424,2032,0.233
Cuba,PWRPV02,424,2033,0.233
Cuba,PWRPV02,424,2034,0.233
Cuba,PWRPV02,424,2035,0.233
Cuba,PWRPV02,424,2036,0.233
Cuba,PWRPV02,424,2037,0.233
Cuba,PWRPV02,424,2038,0.233
Cuba,PWRPV02,424,2039,0.233
Cuba,PWRPV02,424,2040,0.233
Cuba,PWRPV02,424,2041,0.233
Cuba,PWRPV02,424,2042,0.233
Cuba,PWRPV02,424,2043,0.233
Cuba,PWRPV02,424,2044,0.233
Cuba,PWRPV02,424,2045,0.233
Cuba,PWRPV02,424,2046,0.233
Cuba,PWRPV02,424,2047,0.233
Cuba,PWRPV02,424,2048,0.233
Cuba,PWRPV02,424,2049,0.233
Cuba,PWRPV02,424,2050,0.233
Cuba,PWRPV02,424,2051,0.233
Cuba,PWRPV02,424,2052,0.233
Cuba,PWRPV02,424,2053,0.233
Cuba,PWRPV02,424,2054,0.233
Cuba,PWRPV02,424,2055,0.233
Cuba,PWRPV02,425,2019,0.537
Cuba,PWRPV02,425,2020,0.537
Cuba,PWRPV02,425,2021,0.537
Cuba,PWRPV02,425,2022,0.537
Cuba,PWRPV02,425,2023,0.537
Cuba,PWRPV02,425,2024,0.537
Cuba,PWRPV02,425,2025,0.537
Cuba,PWRPV02,425,2026,0.537
Cuba,PWRPV02,425,2027,0.537
Cuba,PWRPV02,425,2028,0.537
Cuba,PWRPV02,425,2029,0.537
Cuba,PWRPV02,425,2030,0.537
Cuba,PWRPV02,425,2031,0.537
Cuba,PWRPV02,425,2032,0.537
Cuba,PWRPV02,425,2033,0.537
Cuba,PWRPV02,425,2034,0.537
Cuba,PWRPV02,425,2035,0.537
Cuba,PWRPV02,425,2036,0.537
Cuba,PWRPV02,425,2037,0.537
Cuba,PWRPV02,425,2038,0.537
Cuba,PWRPV02,425,2039,0.537
Cuba,PWRPV02,425,2040,0.537
Cuba,PWRPV02,425,2041,0.537
Cuba,PWRPV02,425,2042,0.537
Cuba,PWRPV02,425,2043,0.537
Cuba,PWRPV02,425,2044,0.537
Cuba,PWRPV02,425,2045,0.537
Cuba,PWRPV02,425,2046,0.537
Cuba,PWRPV02,425,2047,0.537
Cuba,PWRPV02,425,2048,0.537
Cuba,PWRPV02,425,2049,0.537
Cuba,PWRPV02,425,2050,0.537
Cuba,PWRPV02,425,2051,0.537
Cuba,PWRPV02,425,2052,0.537
Cuba,PWRPV02,425,2053,0.537
Cuba,PWRPV02,425,2054,0.537
Cuba,PWRPV02,425,2055,0.537
Cuba,PWRPV02,426,2019,0.573
Cuba,PWRPV02,426,2020,0.573
Cuba,PWRPV02,426,2021,0.573
Cuba,PWRPV02,426,2022,0.573
Cuba,PWRPV02,426,2023,0.573
Cuba,PWRPV02,426,2024,0.573
Cuba,PWRPV02,426,2025,0.573
Cuba,PWRPV02,426,2026,0.573
Cuba,PWRPV02,426,2027,0.573
Cuba,PWRPV02,426,2028,0.573
Cuba,PWRPV02,426,2029,0.573
Cuba,PWRPV02,426,2030,0.573
Cuba,PWRPV02,426,2031,0.573
Cuba,PWRPV02,426,2032,0.573
Cuba,PWRPV02,426,2033,0.573
Cuba,PWRPV02,426,2034,0.573
Cuba,PWRPV02,426,2035,0.573
Cuba,PWRPV02,426,2036,0.573
Cuba,PWRPV02,426,2037,0.573
Cuba,PWRPV02,426,2038,0.573
Cuba,PWRPV02,426,2039,0.573
Cuba,PWRPV02,426,2040,0.573
Cuba,PWRPV02,426,2041,0.573
Cuba,PWRPV02,426,2042,0.573
Cuba,PWRPV02,426,2043,0.573
Cuba,PWRPV02,426,2044,0.573
Cuba,PWRPV02,426,2045,0.573
Cuba,PWRPV02,426,2046,0.573
Cuba,PWRPV02,426,2047,0.573
Cuba,PWRPV02,426,2048,0.573
Cuba,PWRPV02,426,2049,0.573
Cuba,PWRPV02,426,2050,0.573
Cuba,PWRPV02,426,2051,0.573
Cuba,PWRPV02,426,2052,0.573
Cuba,PWRPV02,426,2053,0.573
Cuba,PWRPV02,426,2054,0.573
Cuba,PWRPV02,426,2055,0.573
Cuba,PWRPV02,427,2019,0.34
Cuba,PWRPV02,427,2020,0.34
Cuba,PWRPV02,427,2021,0.34
Cuba,PWRPV02,427,2022,0.34
Cuba,PWRPV02,427,2023,0.34
Cuba,PWRPV02,427,2024,0.34
Cuba,PWRPV02,427,2025,0.34
Cuba,PWRPV02,427,2026,0.34
Cuba,PWRPV02,427,2027,0.34
Cuba,PWRPV02,427,2028,0.34
Cuba,PWRPV02,427,2029,0.34
Cuba,PWRPV02,427,2030,0.34
Cuba,PWRPV02,427,2031,0.34
Cuba,PWRPV02,427,2032,0.34
Cuba,PWRPV02,427,2033,0.34
Cuba,PWRPV02,427,2034,0.34
Cuba,PWRPV02,427,2035,0.34
Cuba,PWRPV02,427,2036,0.34
Cuba,PWRPV02,427,2037,0.34
Cuba,PWRPV02,427,2038,0.34
Cuba,PWRPV02,427,2039,0.34
Cuba,PWRPV02,427,2040,0.34
Cuba,PWRPV02,427,2041,0.34
Cuba,PWRPV02,427,2042,0.34
Cuba,PWRPV02,427,2043,0.34
Cuba,PWRPV02,427,2044,0.34
Cuba,PWRPV02,427,2045,0.34
Cuba,PWRPV02,427,2046,0.34
Cuba,PWRPV02,427,2047,0.34
Cuba,PWRPV02,427,2048,0.34
Cuba,PWRPV02,427,2049,0.34
Cuba,PWRPV02,427,2050,0.34
Cuba,PWRPV02,427,2051,0.34
Cuba,PWRPV02,427,2052,0.34
Cuba,PWRPV02,427,2053,0.34
Cuba,PWRPV02,427,2054,0.34
Cuba,PWRPV02,427,2055,0.34
Cuba,PWRPV02,428,2019,0.023
Cuba,PWRPV02,428,2020,0.023
Cuba,PWRPV02,428,2021,0.023
Cuba,PWRPV02,428,2022,0.023
Cuba,PWRPV02,428,2023,0.023
Cuba,PWRPV02,428,2024,0.023
Cuba,PWRPV02,428,2025,0.023
Cuba,PWRPV02,428,2026,0.023
Cuba,PWRPV02,428,2027,0.023
Cuba,PWRPV02,428,2028,0.023
Cuba,PWRPV02,428,2029,0.023
Cuba,PWRPV02,428,2030,0.023
Cuba,PWRPV02,428,2031,0.023
Cuba,PWRPV02,428,2032,0.023
Cuba,PWRPV02,428,2033,0.023
Cuba,PWRPV02,428,2034,0.023
Cuba,PWRPV02,428,2035,0.023
Cuba,PWRPV02,428,2036,0.023
Cuba,PWRPV02,428,2037,0.023
Cuba,PWRPV02,428,2038,0.023
Cuba,PWRPV02,428,2039,0.023
Cuba,PWRPV02,428,2040,0.023
Cuba,PWRPV02,428,2041,0.023
Cuba,PWRPV02,428,2042,0.023
Cuba,PWRPV02,428,2043,0.023
Cuba,PWRPV02,428,2044,0.023
Cuba,PWRPV02,428,2045,0.023
Cuba,PWRPV02,428,2046,0.023
Cuba,PWRPV02,428,2047,0.023
Cuba,PWRPV02,428,2048,0.023
Cuba,PWRPV02,428,2049,0.023
Cuba,PWRPV02,428,2050,0.023
Cuba,PWRPV02,428,2051,0.023
Cuba,PWRPV02,428,2052,0.023
Cuba,PWRPV02,428,2053,0.023
Cuba,PWRPV02,428,2054,0.023
Cuba,PWRPV02,428,2055,0.023
Cuba,PWRPV03,111,2019,0.0
Cuba,PWRPV03,111,2020,0.0
Cuba,PWRPV03,111,2021,0.0
Cuba,PWRPV03,111,2022,0.0
Cuba,PWRPV03,111,2023,0.0
Cuba,PWRPV03,111,2024,0.0
Cuba,PWRPV03,111,2025,0.0
Cuba,PWRPV03,111,2026,0.0
Cuba,PWRPV03,111,2027,0.0
Cuba,PWRPV03,111,2028,0.0
Cuba,PWRPV03,111,2029,0.0
Cuba,PWRPV03,111,2030,0.0
Cuba,PWRPV03,111,2031,0.0
Cuba,PWRPV03,111,2032,0.0
Cuba,PWRPV03,111,2033,0.0
Cuba,PWRPV03,111,2034,0.0
Cuba,PWRPV03,111,2035,0.0
Cuba,PWRPV03,111,2036,0.0
Cuba,PWRPV03,111,2037,0.0
Cuba,PWRPV03,111,2038,0.0
Cuba,PWRPV03,111,2039,0.0
Cuba,PWRPV03,111,2040,0.0
Cuba,PWRPV03,111,2041,0.0
Cuba,PWRPV03,111,2042,0.0
Cuba,PWRPV03,111,2043,0.0
Cuba,PWRPV03,111,2044,0.0
Cuba,PWRPV03,111,2045,0.0
Cuba,PWRPV03,111,2046,0.0
Cuba,PWRPV03,111,2047,0.0
Cuba,PWRPV03,111,2048,0.0
Cuba,PWRPV03,111,2049,0.0
Cuba,PWRPV03,111,2050,0.0
Cuba,PWRPV03,111,2051,0.0
Cuba,PWRPV03,111,2052,0.0
Cuba,PWRPV03,111,2053,0.0
Cuba,PWRPV03,111,2054,0.0
Cuba,PWRPV03,111,2055,0.0
Cuba,PWRPV03,112,2019,0.0
Cuba,PWRPV03,112,2020,0.0
Cuba,PWRPV03,112,2021,0.0
Cuba,PWRPV03,112,2022,0.0
Cuba,PWRPV03,112,2023,0.0
Cuba,PWRPV03,112,2024,0.0
Cuba,PWRPV03,112,2025,0.0
Cuba,PWRPV03,112,2026,0.0
Cuba,PWRPV03,112,2027,0.0
Cuba,PWRPV03,112,2028,0.0
Cuba,PWRPV03,112,2029,0.0
Cuba,PWRPV03,112,2030,0.0
Cuba,PWRPV03,112,2031,0.0
Cuba,PWRPV03,112,2032,0.0
Cuba,PWRPV03,112,2033,0.0
Cuba,PWRPV03,112,2034,0.0
Cuba,PWRPV03,112,2035,0.0
Cuba,PWRPV03,112,2036,0.0
Cuba,PWRPV03,112,2037,0.0
Cuba,PWRPV03,112,2038,0.0
Cuba,PWRPV03,112,2039,0.0
Cuba,PWRPV03,112,2040,0.0
Cuba,PWRPV03,112,2041,0.0
Cuba,PWRPV03,112,2042,0.0
Cuba,PWRPV03,112,2043,0.0
Cuba,PWRPV03,112,2044,0.0
Cuba,PWRPV03,112,2045,0.0
Cuba,PWRPV03,112,2046,0.0
Cuba,PWRPV03,112,2047,0.0
Cuba,PWRPV03,112,2048,0.0
Cuba,PWRPV03,112,2049,0.0
Cuba,PWRPV03,112,2050,0.0
Cuba,PWRPV03,112,2051,0.0
Cuba,PWRPV03,112,2052,0.0
Cuba,PWRPV03,112,2053,0.0
Cuba,PWRPV03,112,2054,0.0
Cuba,PWRPV03,112,2055,0.0
Cuba,PWRPV03,113,2019,0.0
Cuba,PWRPV03,113,2020,0.0
Cuba,PWRPV03,113,2021,0.0
Cuba,PWRPV03,113,2022,0.0
Cuba,PWRPV03,113,2023,0.0
Cuba,PWRPV03,113,2024,0.0
Cuba,PWRPV03,113,2025,0.0
Cuba,PWRPV03,113,2026,0.0
Cuba,PWRPV03,113,2027,0.0
Cuba,PWRPV03,113,2028,0.0
Cuba,PWRPV03,113,2029,0.0
Cuba,PWRPV03,113,2030,0.0
Cuba,PWRPV03,113,2031,0.0
Cuba,PWRPV03,113,2032,0.0
Cuba,PWRPV03,113,2033,0.0
Cuba,PWRPV03,113,2034,0.0
Cuba,PWRPV03,113,2035,0.0
Cuba,PWRPV03,113,2036,0.0
Cuba,PWRPV03,113,2037,0.0
Cuba,PWRPV03,113,2038,0.0
Cuba,PWRPV03,113,2039,0.0
Cuba,PWRPV03,113,2040,0.0
Cuba,PWRPV03,113,2041,0.0
Cuba,PWRPV03,113,2042,0.0
Cuba,PWRPV03,113,2043,0.0
Cuba,PWRPV03,113,2044,0.0
Cuba,PWRPV03,113,2045,0.0
Cuba,PWRPV03,113,2046,0.0
Cuba,PWRPV03,113,2047,0.0
Cuba,PWRPV03,113,2048,0.0
Cuba,PWRPV03,113,2049,0.0
Cuba,PWRPV03,113,2050,0.0
Cuba,PWRPV03,113,2051,0.0
Cuba,PWRPV03,113,2052,0.0
Cuba,PWRPV03,113,2053,0.0
Cuba,PWRPV03,113,2054,0.0
Cuba,PWRPV03,113,2055,0.0
Cuba,PWRPV03,114,2019,0.147
Cuba,PWRPV03,114,2020,0.147
Cuba,PWRPV03,114,2021,0.147
Cuba,PWRPV03,114,2022,0.147
Cuba,PWRPV03,114,2023,0.147
Cuba,PWRPV03,114,2024,0.147
Cuba,PWRPV03,114,2025,0.147
Cuba,PWRPV03,114,2026,0.147
Cuba,PWRPV03,114,2027,0.147
Cuba,PWRPV03,114,2028,0.147
Cuba,PWRPV03,114,2029,0.147
Cuba,PWRPV03,114,2030,0.147
Cuba,PWRPV03,114,2031,0.147
Cuba,PWRPV03,114,2032,0.147
Cuba,PWRPV03,114,2033,0.147
Cuba,PWRPV03,114,2034,0.147
Cuba,PWRPV03,114,2035,0.147
Cuba,PWRPV03,114,2036,0.147
Cuba,PWRPV03,114,2037,0.147
Cuba,PWRPV03,114,2038,0.147
Cuba,PWRPV03,114,2039,0.147
Cuba,PWRPV03,114,2040,0.147
Cuba,PWRPV03,114,2041,0.147
Cuba,PWRPV03,114,2042,0.147
Cuba,PWRPV03,114,2043,0.147
Cuba,PWRPV03,114,2044,0.147
Cuba,PWRPV03,114,2045,0.147
Cuba,PWRPV03,114,2046,0.147
Cuba,PWRPV03,114,2047,0.147
Cuba,PWRPV03,114,2048,0.147
Cuba,PWRPV03,114,2049,0.147
Cuba,PWRPV03,114,2050,0.147
Cuba,PWRPV03,114,2051,0.147
Cuba,PWRPV03,114,2052,0.147
Cuba,PWRPV03,114,2053,0.147
Cuba,PWRPV03,114,2054,0.147
Cuba,PWRPV03,114,2055,0.147
Cuba,PWRPV03,115,2019,0.481
Cuba,PWRPV03,115,2020,0.481
Cuba,PWRPV03,115,2021,0.481
Cuba,PWRPV03,115,2022,0.481
Cuba,PWRPV03,115,2023,0.481
Cuba,PWRPV03,115,2024,0.481
Cuba,PWRPV03,115,2025,0.481
Cuba,PWRPV03,115,2026,0.481
Cuba,PWRPV03,115,2027,0.481
Cuba,PWRPV03,115,2028,0.481
Cuba,PWRPV03,115,2029,0.481
Cuba,PWRPV03,115,2030,0.481
Cuba,PWRPV03,115,2031,0.481
Cuba,PWRPV03,115,2032,0.481
Cuba,PWRPV03,115,2033,0.481
Cuba,PWRPV03,115,2034,0.481
Cuba,PWRPV03,115,2035,0.481
Cuba,PWRPV03,115,2036,0.481
Cuba,PWRPV03,115,2037,0.481
Cuba,PWRPV03,115,2038,0.481
Cuba,PWRPV03,115,2039,0.481
Cuba,PWRPV03,115,2040,0.481
Cuba,PWRPV03,115,2041,0.481
Cuba,PWRPV03,115,2042,0.481
Cuba,PWRPV03,115,2043,0.481
Cuba,PWRPV03,115,2044,0.481
Cuba,PWRPV03,115,2045,0.481
Cuba,PWRPV03,115,2046,0.481
Cuba,PWRPV03,115,2047,0.481
Cuba,PWRPV03,115,2048,0.481
Cuba,PWRPV03,115,2049,0.481
Cuba,PWRPV03,115,2050,0.481
Cuba,PWRPV03,115,2051,0.481
Cuba,PWRPV03,115,2052,0.481
Cuba,PWRPV03,115,2053,0.481
Cuba,PWRPV03,115,2054,0.481
Cuba,PWRPV03,115,2055,0.481
Cuba,PWRPV03,116,2019,0.557
Cuba,PWRPV03,116,2020,0.557
Cuba,PWRPV03,116,2021,0.557
Cuba,PWRPV03,116,2022,0.557
Cuba,PWRPV03,116,2023,0.557
Cuba,PWRPV03,116,2024,0.557
Cuba,PWRPV03,116,2025,0.557
Cuba,PWRPV03,116,2026,0.557
Cuba,PWRPV03,116,2027,0.557
Cuba,PWRPV03,116,2028,0.557
Cuba,PWRPV03,116,2029,0.557
Cuba,PWRPV03,116,2030,0.557
Cuba,PWRPV03,116,2031,0.557
Cuba,PWRPV03,116,2032,0.557
Cuba,PWRPV03,116,2033,0.557
Cuba,PWRPV03,116,2034,0.557
Cuba,PWRPV03,116,2035,0.557
Cuba,PWRPV03,116,2036,0.557
Cuba,PWRPV03,116,2037,0.557
Cuba,PWRPV03,116,2038,0.557
Cuba,PWRPV03,116,2039,0.557
Cuba,PWRPV03,116,2040,0.557
Cuba,PWRPV03,116,2041,0.557
Cuba,PWRPV03,116,2042,0.557
Cuba,PWRPV03,116,2043,0.557
Cuba,PWRPV03,116,2044,0.557
Cuba,PWRPV03,116,2045,0.557
Cuba,PWRPV03,116,2046,0.557
Cuba,PWRPV03,116,2047,0.557
Cuba,PWRPV03,116,2048,0.557
Cuba,PWRPV03,116,2049,0.557
Cuba,PWRPV03,116,2050,0.557
Cuba,PWRPV03,116,2051,0.557
Cuba,PWRPV03,116,2052,0.557
Cuba,PWRPV03,116,2053,0.557
Cuba,PWRPV03,116,2054,0.557
Cuba,PWRPV03,116,2055,0.557
Cuba,PWRPV03,117,2019,0.4
Cuba,PWRPV03,117,2020,0.4
Cuba,PWRPV03,117,2021,0.4
Cuba,PWRPV03,117,2022,0.4
Cuba,PWRPV03,117,2023,0.4
Cuba,PWRPV03,117,2024,0.4
Cuba,PWRPV03,117,2025,0.4
Cuba,PWRPV03,117,2026,0.4
Cuba,PWRPV03,117,2027,0.4
Cuba,PWRPV03,117,2028,0.4
Cuba,PWRPV03,117,2029,0.4
Cuba,PWRPV03,117,2030,0.4
Cuba,PWRPV03,117,2031,0.4
Cuba,PWRPV03,117,2032,0.4
Cuba,PWRPV03,117,2033,0.4
Cuba,PWRPV03,117,2034,0.4
Cuba,PWRPV03,117,2035,0.4
Cuba,PWRPV03,117,2036,0.4
Cuba,PWRPV03,117,2037,0.4
Cuba,PWRPV03,117,2038,0.4
Cuba,PWRPV03,117,2039,0.4
Cuba,PWRPV03,117,2040,0.4
Cuba,PWRPV03,117,2041,0.4
Cuba,PWRPV03,117,2042,0.4
Cuba,PWRPV03,117,2043,0.4
Cuba,PWRPV03,117,2044,0.4
Cuba,PWRPV03,117,2045,0.4
Cuba,PWRPV03,117,2046,0.4
Cuba,PWRPV03,117,2047,0.4
Cuba,PWRPV03,117,2048,0.4
Cuba,PWRPV03,117,2049,0.4
Cuba,PWRPV03,117,2050,0.4
Cuba,PWRPV03,117,2051,0.4
Cuba,PWRPV03,117,2052,0.4
Cuba,PWRPV03,117,2053,0.4
Cuba,PWRPV03,117,2054,0.4
Cuba,PWRPV03,117,2055,0.4
Cuba,PWRPV03,118,2019,0.003
Cuba,PWRPV03,118,2020,0.003
Cuba,PWRPV03,118,2021,0.003
Cuba,PWRPV03,118,2022,0.003
Cuba,PWRPV03,118,2023,0.003
Cuba,PWRPV03,118,2024,0.003
Cuba,PWRPV03,118,2025,0.003
Cuba,PWRPV03,118,2026,0.003
Cuba,PWRPV03,118,2027,0.003
Cuba,PWRPV03,118,2028,0.003
Cuba,PWRPV03,118,2029,0.003
Cuba,PWRPV03,118,2030,0.003
Cuba,PWRPV03,118,2031,0.003
Cuba,PWRPV03,118,2032,0.003
Cuba,PWRPV03,118,2033,0.003
Cuba,PWRPV03,118,2034,0.003
Cuba,PWRPV03,118,2035,0.003
Cuba,PWRPV03,118,2036,0.003
Cuba,PWRPV03,118,2037,0.003
Cuba,PWRPV03,118,2038,0.003
Cuba,PWRPV03,118,2039,0.003
Cuba,PWRPV03,118,2040,0.003
Cuba,PWRPV03,118,2041,0.003
Cuba,PWRPV03,118,2042,0.003
Cuba,PWRPV03,118,2043,0.003
Cuba,PWRPV03,118,2044,0.003
Cuba,PWRPV03,118,2045,0.003
Cuba,PWRPV03,118,2046,0.003
Cuba,PWRPV03,118,2047,0.003
Cuba,PWRPV03,118,2048,0.003
Cuba,PWRPV03,118,2049,0.003
Cuba,PWRPV03,118,2050,0.003
Cuba,PWRPV03,118,2051,0.003
Cuba,PWRPV03,118,2052,0.003
Cuba,PWRPV03,118,2053,0.003
Cuba,PWRPV03,118,2054,0.003
Cuba,PWRPV03,118,2055,0.003
Cuba,PWRPV03,121,2019,0.0
Cuba,PWRPV03,121,2020,0.0
Cuba,PWRPV03,121,2021,0.0
Cuba,PWRPV03,121,2022,0.0
Cuba,PWRPV03,121,2023,0.0
Cuba,PWRPV03,121,2024,0.0
Cuba,PWRPV03,121,2025,0.0
Cuba,PWRPV03,121,2026,0.0
Cuba,PWRPV03,121,2027,0.0
Cuba,PWRPV03,121,2028,0.0
Cuba,PWRPV03,121,2029,0.0
Cuba,PWRPV03,121,2030,0.0
Cuba,PWRPV03,121,2031,0.0
Cuba,PWRPV03,121,2032,0.0
Cuba,PWRPV03,121,2033,0.0
Cuba,PWRPV03,121,2034,0.0
Cuba,PWRPV03,121,2035,0.0
Cuba,PWRPV03,121,2036,0.0
Cuba,PWRPV03,121,2037,0.0
Cuba,PWRPV03,121,2038,0.0
Cuba,PWRPV03,121,2039,0.0
Cuba,PWRPV03,121,2040,0.0
Cuba,PWRPV03,121,2041,0.0
Cuba,PWRPV03,121,2042,0.0
Cuba,PWRPV03,121,2043,0.0
Cuba,PWRPV03,121,2044,0.0
Cuba,PWRPV03,121,2045,0.0
Cuba,PWRPV03,121,2046,0.0
Cuba,PWRPV03,121,2047,0.0
Cuba,PWRPV03,121,2048,0.0
Cuba,PWRPV03,121,2049,0.0
Cuba,PWRPV03,121,2050,0.0
Cuba,PWRPV03,121,2051,0.0
Cuba,PWRPV03,121,2052,0.0
Cuba,PWRPV03,121,2053,0.0
Cuba,PWRPV03,121,2054,0.0
Cuba,PWRPV03,121,2055,0.0
Cuba,PWRPV03,122,2019,0.0
Cuba,PWRPV03,122,2020,0.0
Cuba,PWRPV03,122,2021,0.0
Cuba,PWRPV03,122,2022,0.0
Cuba,PWRPV03,122,2023,0.0
Cuba,PWRPV03,122,2024,0.0
Cuba,PWRPV03,122,2025,0.0
Cuba,PWRPV03,122,2026,0.0
Cuba,PWRPV03,122,2027,0.0
Cuba,PWRPV03,122,2028,0.0
Cuba,PWRPV03,122,2029,0.0
Cuba,PWRPV03,122,2030,0.0
Cuba,PWRPV03,122,2031,0.0
Cuba,PWRPV03,122,2032,0.0
Cuba,PWRPV03,122,2033,0.0
Cuba,PWRPV03,122,2034,0.0
Cuba,PWRPV03,122,2035,0.0
Cuba,PWRPV03,122,2036,0.0
Cuba,PWRPV03,122,2037,0.0
Cuba,PWRPV03,122,2038,0.0
Cuba,PWRPV03,122,2039,0.0
Cuba,PWRPV03,122,2040,0.0
Cuba,PWRPV03,122,2041,0.0
Cuba,PWRPV03,122,2042,0.0
Cuba,PWRPV03,122,2043,0.0
Cuba,PWRPV03,122,2044,0.0
Cuba,PWRPV03,122,2045,0.0
Cuba,PWRPV03,122,2046,0.0
Cuba,PWRPV03,122,2047,0.0
Cuba,PWRPV03,122,2048,0.0
Cuba,PWRPV03,122,2049,0.0
Cuba,PWRPV03,122,2050,0.0
Cuba,PWRPV03,122,2051,0.0
Cuba,PWRPV03,122,2052,0.0
Cuba,PWRPV03,122,2053,0.0
Cuba,PWRPV03,122,2054,0.0
Cuba,PWRPV03,122,2055,0.0
Cuba,PWRPV03,123,2019,0.0
Cuba,PWRPV03,123,2020,0.0
Cuba,PWRPV03,123,2021,0.0
Cuba,PWRPV03,123,2022,0.0
Cuba,PWRPV03,123,2023,0.0
Cuba,PWRPV03,123,2024,0.0
Cuba,PWRPV03,123,2025,0.0
Cuba,PWRPV03,123,2026,0.0
Cuba,PWRPV03,123,2027,0.0
Cuba,PWRPV03,123,2028,0.0
Cuba,PWRPV03,123,2029,0.0
Cuba,PWRPV03,123,2030,0.0
Cuba,PWRPV03,123,2031,0.0
Cuba,PWRPV03,123,2032,0.0
Cuba,PWRPV03,123,2033,0.0
Cuba,PWRPV03,123,2034,0.0
Cuba,PWRPV03,123,2035,0.0
Cuba,PWRPV03,123,2036,0.0
Cuba,PWRPV03,123,2037,0.0
Cuba,PWRPV03,123,2038,0.0
Cuba,PWRPV03,123,2039,0.0
Cuba,PWRPV03,123,2040,0.0
Cuba,PWRPV03,123,2041,0.0
Cuba,PWRPV03,123,2042,0.0
Cuba,PWRPV03,123,2043,0.0
Cuba,PWRPV03,123,2044,0.0
Cuba,PWRPV03,123,2045,0.0
Cuba,PWRPV03,123,2046,0.0
Cuba,PWRPV03,123,2047,0.0
Cuba,PWRPV03,123,2048,0.0
Cuba,PWRPV03,123,2049,0.0
Cuba,PWRPV03,123,2050,0.0
Cuba,PWRPV03,123,2051,0.0
Cuba,PWRPV03,123,2052,0.0
Cuba,PWRPV03,123,2053,0.0
Cuba,PWRPV03,123,2054,0.0
Cuba,PWRPV03,123,2055,0.0
Cuba,PWRPV03,124,2019,0.145
Cuba,PWRPV03,124,2020,0.145
Cuba,PWRPV03,124,2021,0.145
Cuba,PWRPV03,124,2022,0.145
Cuba,PWRPV03,124,2023,0.145
Cuba,PWRPV03,124,2024,0.145
Cuba,PWRPV03,124,2025,0.145
Cuba,PWRPV03,124,2026,0.145
Cuba,PWRPV03,124,2027,0.145
Cuba,PWRPV03,124,2028,0.145
Cuba,PWRPV03,124,2029,0.145
Cuba,PWRPV03,124,2030,0.145
Cuba,PWRPV03,124,2031,0.145
Cuba,PWRPV03,124,2032,0.145
Cuba,PWRPV03,124,2033,0.145
Cuba,PWRPV03,124,2034,0.145
Cuba,PWRPV03,124,2035,0.145
Cuba,PWRPV03,124,2036,0.145
Cuba,PWRPV03,124,2037,0.145
Cuba,PWRPV03,124,2038,0.145
Cuba,PWRPV03,124,2039,0.145
Cuba,PWRPV03,124,2040,0.145
Cuba,PWRPV03,124,2041,0.145
Cuba,PWRPV03,124,2042,0.145
Cuba,PWRPV03,124,2043,0.145
Cuba,PWRPV03,124,2044,0.145
Cuba,PWRPV03,124,2045,0.145
Cuba,PWRPV03,124,2046,0.145
Cuba,PWRPV03,124,2047,0.145
Cuba,PWRPV03,124,2048,0.145
Cuba,PWRPV03,124,2049,0.145
Cuba,PWRPV03,124,2050,0.145
Cuba,PWRPV03,124,2051,0.145
Cuba,PWRPV03,124,2052,0.145
Cuba,PWRPV03,124,2053,0.145
Cuba,PWRPV03,124,2054,0.145
Cuba,PWRPV03,124,2055,0.145
Cuba,PWRPV03,125,2019,0.484
Cuba,PWRPV03,125,2020,0.484
Cuba,PWRPV03,125,2021,0.484
Cuba,PWRPV03,125,2022,0.484
Cuba,PWRPV03,125,2023,0.484
Cuba,PWRPV03,125,2024,0.484
Cuba,PWRPV03,125,2025,0.484
Cuba,PWRPV03,125,2026,0.484
Cuba,PWRPV03,125,2027,0.484
Cuba,PWRPV03,125,2028,0.484
Cuba,PWRPV03,125,2029,0.484
Cuba,PWRPV03,125,2030,0.484
Cuba,PWRPV03,125,2031,0.484
Cuba,PWRPV03,125,2032,0.484
Cuba,PWRPV03,125,2033,0.484
Cuba,PWRPV03,125,2034,0.484
Cuba,PWRPV03,125,2035,0.484
Cuba,PWRPV03,125,2036,0.484
Cuba,PWRPV03,125,2037,0.484
Cuba,PWRPV03,125,2038,0.484
Cuba,PWRPV03,125,2039,0.484
Cuba,PWRPV03,125,2040,0.484
Cuba,PWRPV03,125,2041,0.484
Cuba,PWRPV03,125,2042,0.484
Cuba,PWRPV03,125,2043,0.484
Cuba,PWRPV03,125,2044,0.484
Cuba,PWRPV03,125,2045,0.484
Cuba,PWRPV03,125,2046,0.484
Cuba,PWRPV03,125,2047,0.484
Cuba,PWRPV03,125,2048,0.484
Cuba,PWRPV03,125,2049,0.484
Cuba,PWRPV03,125,2050,0.484
Cuba,PWRPV03,125,2051,0.484
Cuba,PWRPV03,125,2052,0.484
Cuba,PWRPV03,125,2053,0.484
Cuba,PWRPV03,125,2054,0.484
Cuba,PWRPV03,125,2055,0.484
Cuba,PWRPV03,126,2019,0.578
Cuba,PWRPV03,126,2020,0.578
Cuba,PWRPV03,126,2021,0.578
Cuba,PWRPV03,126,2022,0.578
Cuba,PWRPV03,126,2023,0.578
Cuba,PWRPV03,126,2024,0.578
Cuba,PWRPV03,126,2025,0.578
Cuba,PWRPV03,126,2026,0.578
Cuba,PWRPV03,126,2027,0.578
Cuba,PWRPV03,126,2028,0.578
Cuba,PWRPV03,126,2029,0.578
Cuba,PWRPV03,126,2030,0.578
Cuba,PWRPV03,126,2031,0.578
Cuba,PWRPV03,126,2032,0.578
Cuba,PWRPV03,126,2033,0.578
Cuba,PWRPV03,126,2034,0.578
Cuba,PWRPV03,126,2035,0.578
Cuba,PWRPV03,126,2036,0.578
Cuba,PWRPV03,126,2037,0.578
Cuba,PWRPV03,126,2038,0.578
Cuba,PWRPV03,126,2039,0.578
Cuba,PWRPV03,126,2040,0.578
Cuba,PWRPV03,126,2041,0.578
Cuba,PWRPV03,126,2042,0.578
Cuba,PWRPV03,126,2043,0.578
Cuba,PWRPV03,126,2044,0.578
Cuba,PWRPV03,126,2045,0.578
Cuba,PWRPV03,126,2046,0.578
Cuba,PWRPV03,126,2047,0.578
Cuba,PWRPV03,126,2048,0.578
Cuba,PWRPV03,126,2049,0.578
Cuba,PWRPV03,126,2050,0.578
Cuba,PWRPV03,126,2051,0.578
Cuba,PWRPV03,126,2052,0.578
Cuba,PWRPV03,126,2053,0.578
Cuba,PWRPV03,126,2054,0.578
Cuba,PWRPV03,126,2055,0.578
Cuba,PWRPV03,127,2019,0.409
Cuba,PWRPV03,127,2020,0.409
Cuba,PWRPV03,127,2021,0.409
Cuba,PWRPV03,127,2022,0.409
Cuba,PWRPV03,127,2023,0.409
Cuba,PWRPV03,127,2024,0.409
Cuba,PWRPV03,127,2025,0.409
Cuba,PWRPV03,127,2026,0.409
Cuba,PWRPV03,127,2027,0.409
Cuba,PWRPV03,127,2028,0.409
Cuba,PWRPV03,127,2029,0.409
Cuba,PWRPV03,127,2030,0.409
Cuba,PWRPV03,127,2031,0.409
Cuba,PWRPV03,127,2032,0.409
Cuba,PWRPV03,127,2033,0.409
Cuba,PWRPV03,127,2034,0.409
Cuba,PWRPV03,127,2035,0.409
Cuba,PWRPV03,127,2036,0.409
Cuba,PWRPV03,127,2037,0.409
Cuba,PWRPV03,127,2038,0.409
Cuba,PWRPV03,127,2039,0.409
Cuba,PWRPV03,127,2040,0.409
Cuba,PWRPV03,127,2041,0.409
Cuba,PWRPV03,127,2042,0.409
Cuba,PWRPV03,127,2043,0.409
Cuba,PWRPV03,127,2044,0.409
Cuba,PWRPV03,127,2045,0.409
Cuba,PWRPV03,127,2046,0.409
Cuba,PWRPV03,127,2047,0.409
Cuba,PWRPV03,127,2048,0.409
Cuba,PWRPV03,127,2049,0.409
Cuba,PWRPV03,127,2050,0.409
Cuba,PWRPV03,127,2051,0.409
Cuba,PWRPV03,127,2052,0.409
Cuba,PWRPV03,127,2053,0.409
Cuba,PWRPV03,127,2054,0.409
Cuba,PWRPV03,127,2055,0.409
Cuba,PWRPV03,128,2019,0.007
Cuba,PWRPV03,128,2020,0.007
Cuba,PWRPV03,128,2021,0.007
Cuba,PWRPV03,128,2022,0.007
Cuba,PWRPV03,128,2023,0.007
Cuba,PWRPV03,128,2024,0.007
Cuba,PWRPV03,128,2025,0.007
Cuba,PWRPV03,128,2026,0.007
Cuba,PWRPV03,128,2027,0.007
Cuba,PWRPV03,128,2028,0.007
Cuba,PWRPV03,128,2029,0.007
Cuba,PWRPV03,128,2030,0.007
Cuba,PWRPV03,128,2031,0.007
Cuba,PWRPV03,128,2032,0.007
Cuba,PWRPV03,128,2033,0.007
Cuba,PWRPV03,128,2034,0.007
Cuba,PWRPV03,128,2035,0.007
Cuba,PWRPV03,128,2036,0.007
Cuba,PWRPV03,128,2037,0.007
Cuba,PWRPV03,128,2038,0.007
Cuba,PWRPV03,128,2039,0.007
Cuba,PWRPV03,128,2040,0.007
Cuba,PWRPV03,128,2041,0.007
Cuba,PWRPV03,128,2042,0.007
Cuba,PWRPV03,128,2043,0.007
Cuba,PWRPV03,128,2044,0.007
Cuba,PWRPV03,128,2045,0.007
Cuba,PWRPV03,128,2046,0.007
Cuba,PWRPV03,128,2047,0.007
Cuba,PWRPV03,128,2048,0.007
Cuba,PWRPV03,128,2049,0.007
Cuba,PWRPV03,128,2050,0.007
Cuba,PWRPV03,128,2051,0.007
Cuba,PWRPV03,128,2052,0.007
Cuba,PWRPV03,128,2053,0.007
Cuba,PWRPV03,128,2054,0.007
Cuba,PWRPV03,128,2055,0.007
Cuba,PWRPV03,211,2019,0.0
Cuba,PWRPV03,211,2020,0.0
Cuba,PWRPV03,211,2021,0.0
Cuba,PWRPV03,211,2022,0.0
Cuba,PWRPV03,211,2023,0.0
Cuba,PWRPV03,211,2024,0.0
Cuba,PWRPV03,211,2025,0.0
Cuba,PWRPV03,211,2026,0.0
Cuba,PWRPV03,211,2027,0.0
Cuba,PWRPV03,211,2028,0.0
Cuba,PWRPV03,211,2029,0.0
Cuba,PWRPV03,211,2030,0.0
Cuba,PWRPV03,211,2031,0.0
Cuba,PWRPV03,211,2032,0.0
Cuba,PWRPV03,211,2033,0.0
Cuba,PWRPV03,211,2034,0.0
Cuba,PWRPV03,211,2035,0.0
Cuba,PWRPV03,211,2036,0.0
Cuba,PWRPV03,211,2037,0.0
Cuba,PWRPV03,211,2038,0.0
Cuba,PWRPV03,211,2039,0.0
Cuba,PWRPV03,211,2040,0.0
Cuba,PWRPV03,211,2041,0.0
Cuba,PWRPV03,211,2042,0.0
Cuba,PWRPV03,211,2043,0.0
Cuba,PWRPV03,211,2044,0.0
Cuba,PWRPV03,211,2045,0.0
Cuba,PWRPV03,211,2046,0.0
Cuba,PWRPV03,211,2047,0.0
Cuba,PWRPV03,211,2048,0.0
Cuba,PWRPV03,211,2049,0.0
Cuba,PWRPV03,211,2050,0.0
Cuba,PWRPV03,211,2051,0.0
Cuba,PWRPV03,211,2052,0.0
Cuba,PWRPV03,211,2053,0.0
Cuba,PWRPV03,211,2054,0.0
Cuba,PWRPV03,211,2055,0.0
Cuba,PWRPV03,212,2019,0.0
Cuba,PWRPV03,212,2020,0.0
Cuba,PWRPV03,212,2021,0.0
Cuba,PWRPV03,212,2022,0.0
Cuba,PWRPV03,212,2023,0.0
Cuba,PWRPV03,212,2024,0.0
Cuba,PWRPV03,212,2025,0.0
Cuba,PWRPV03,212,2026,0.0
Cuba,PWRPV03,212,2027,0.0
Cuba,PWRPV03,212,2028,0.0
Cuba,PWRPV03,212,2029,0.0
Cuba,PWRPV03,212,2030,0.0
Cuba,PWRPV03,212,2031,0.0
Cuba,PWRPV03,212,2032,0.0
Cuba,PWRPV03,212,2033,0.0
Cuba,PWRPV03,212,2034,0.0
Cuba,PWRPV03,212,2035,0.0
Cuba,PWRPV03,212,2036,0.0
Cuba,PWRPV03,212,2037,0.0
Cuba,PWRPV03,212,2038,0.0
Cuba,PWRPV03,212,2039,0.0
Cuba,PWRPV03,212,2040,0.0
Cuba,PWRPV03,212,2041,0.0
Cuba,PWRPV03,212,2042,0.0
Cuba,PWRPV03,212,2043,0.0
Cuba,PWRPV03,212,2044,0.0
Cuba,PWRPV03,212,2045,0.0
Cuba,PWRPV03,212,2046,0.0
Cuba,PWRPV03,212,2047,0.0
Cuba,PWRPV03,212,2048,0.0
Cuba,PWRPV03,212,2049,0.0
Cuba,PWRPV03,212,2050,0.0
Cuba,PWRPV03,212,2051,0.0
Cuba,PWRPV03,212,2052,0.0
Cuba,PWRPV03,212,2053,0.0
Cuba,PWRPV03,212,2054,0.0
Cuba,PWRPV03,212,2055,0.0
Cuba,PWRPV03,213,2019,0.011
Cuba,PWRPV03,213,2020,0.011
Cuba,PWRPV03,213,2021,0.011
Cuba,PWRPV03,213,2022,0.011
Cuba,PWRPV03,213,2023,0.011
Cuba,PWRPV03,213,2024,0.011
Cuba,PWRPV03,213,2025,0.011
Cuba,PWRPV03,213,2026,0.011
Cuba,PWRPV03,213,2027,0.011
Cuba,PWRPV03,213,2028,0.011
Cuba,PWRPV03,213,2029,0.011
Cuba,PWRPV03,213,2030,0.011
Cuba,PWRPV03,213,2031,0.011
Cuba,PWRPV03,213,2032,0.011
Cuba,PWRPV03,213,2033,0.011
Cuba,PWRPV03,213,2034,0.011
Cuba,PWRPV03,213,2035,0.011
Cuba,PWRPV03,213,2036,0.011
Cuba,PWRPV03,213,2037,0.011
Cuba,PWRPV03,213,2038,0.011
Cuba,PWRPV03,213,2039,0.011
Cuba,PWRPV03,213,2040,0.011
Cuba,PWRPV03,213,2041,0.011
Cuba,PWRPV03,213,2042,0.011
Cuba,PWRPV03,213,2043,0.011
Cuba,PWRPV03,213,2044,0.011
Cuba,PWRPV03,213,2045,0.011
Cuba,PWRPV03,213,2046,0.011
Cuba,PWRPV03,213,2047,0.011
Cuba,PWRPV03,213,2048,0.011
Cuba,PWRPV03,213,2049,0.011
Cuba,PWRPV03,213,2050,0.011
Cuba,PWRPV03,213,2051,0.011
Cuba,PWRPV03,213,2052,0.011
Cuba,PWRPV03,213,2053,0.011
Cuba,PWRPV03,213,2054,0.011
Cuba,PWRPV03,213,2055,0.011
Cuba,PWRPV03,214,2019,0.263
Cuba,PWRPV03,214,2020,0.263
Cuba,PWRPV03,214,2021,0.263
Cuba,PWRPV03,214,2022,0.263
Cuba,PWRPV03,214,2023,0.263
Cuba,PWRPV03,214,2024,0.263
Cuba,PWRPV03,214,2025,0.263
Cuba,PWRPV03,214,2026,0.263
Cuba,PWRPV03,214,2027,0.263
Cuba,PWRPV03,214,2028,0.263
Cuba,PWRPV03,214,2029,0.263
Cuba,PWRPV03,214,2030,0.263
Cuba,PWRPV03,214,2031,0.263
Cuba,PWRPV03,214,2032,0.263
Cuba,PWRPV03,214,2033,0.263
Cuba,PWRPV03,214,2034,0.263
Cuba,PWRPV03,214,2035,0.263
Cuba,PWRPV03,214,2036,0.263
Cuba,PWRPV03,214,2037,0.263
Cuba,PWRPV03,214,2038,0.263
Cuba,PWRPV03,214,2039,0.263
Cuba,PWRPV03,214,2040,0.263
Cuba,PWRPV03,214,2041,0.263
Cuba,PWRPV03,214,2042,0.263
Cuba,PWRPV03,214,2043,0.263
Cuba,PWRPV03,214,2044,0.263
Cuba,PWRPV03,214,2045,0.263
Cuba,PWRPV03,214,2046,0.263
Cuba,PWRPV03,214,2047,0.263
Cuba,PWRPV03,214,2048,0.263
Cuba,PWRPV03,214,2049,0.263
Cuba,PWRPV03,214,2050,0.263
Cuba,PWRPV03,214,2051,0.263
Cuba,PWRPV03,214,2052,0.263
Cuba,PWRPV03,214,2053,0.263
Cuba,PWRPV03,214,2054,0.263
Cuba,PWRPV03,214,2055,0.263
Cuba,PWRPV03,215,2019,0.549
Cuba,PWRPV03,215,2020,0.549
Cuba,PWRPV03,215,2021,0.549
Cuba,PWRPV03,215,2022,0.549
Cuba,PWRPV03,215,2023,0.549
Cuba,PWRPV03,215,2024,0.549
Cuba,PWRPV03,215,2025,0.549
Cuba,PWRPV03,215,2026,0.549
Cuba,PWRPV03,215,2027,0.549
Cuba,PWRPV03,215,2028,0.549
Cuba,PWRPV03,215,2029,0.549
Cuba,PWRPV03,215,2030,0.549
Cuba,PWRPV03,215,2031,0.549
Cuba,PWRPV03,215,2032,0.549
Cuba,PWRPV03,215,2033,0.549
Cuba,PWRPV03,215,2034,0.549
Cuba,PWRPV03,215,2035,0.549
Cuba,PWRPV03,215,2036,0.549
Cuba,PWRPV03,215,2037,0.549
Cuba,PWRPV03,215,2038,0.549
Cuba,PWRPV03,215,2039,0.549
Cuba,PWRPV03,215,2040,0.549
Cuba,PWRPV03,215,2041,0.549
Cuba,PWRPV03,215,2042,0.549
Cuba,PWRPV03,215,2043,0.549
Cuba,PWRPV03,215,2044,0.549
Cuba,PWRPV03,215,2045,0.549
Cuba,PWRPV03,215,2046,0.549
Cuba,PWRPV03,215,2047,0.549
Cuba,PWRPV03,215,2048,0.549
Cuba,PWRPV03,215,2049,0.549
Cuba,PWRPV03,215,2050,0.549
Cuba,PWRPV03,215,2051,0.549
Cuba,PWRPV03,215,2052,0.549
Cuba,PWRPV03,215,2053,0.549
Cuba,PWRPV03,215,2054,0.549
Cuba,PWRPV03,215,2055,0.549
Cuba,PWRPV03,216,2019,0.576
Cuba,PWRPV03,216,2020,0.576
Cuba,PWRPV03,216,2021,0.576
Cuba,PWRPV03,216,2022,0.576
Cuba,PWRPV03,216,2023,0.576
Cuba,PWRPV03,216,2024,0.576
Cuba,PWRPV03,216,2025,0.576
Cuba,PWRPV03,216,2026,0.576
Cuba,PWRPV03,216,2027,0.576
Cuba,PWRPV03,216,2028,0.576
Cuba,PWRPV03,216,2029,0.576
Cuba,PWRPV03,216,2030,0.576
Cuba,PWRPV03,216,2031,0.576
Cuba,PWRPV03,216,2032,0.576
Cuba,PWRPV03,216,2033,0.576
Cuba,PWRPV03,216,2034,0.576
Cuba,PWRPV03,216,2035,0.576
Cuba,PWRPV03,216,2036,0.576
Cuba,PWRPV03,216,2037,0.576
Cuba,PWRPV03,216,2038,0.576
Cuba,PWRPV03,216,2039,0.576
Cuba,PWRPV03,216,2040,0.576
Cuba,PWRPV03,216,2041,0.576
Cuba,PWRPV03,216,2042,0.576
Cuba,PWRPV03,216,2043,0.576
Cuba,PWRPV03,216,2044,0.576
Cuba,PWRPV03,216,2045,0.576
Cuba,PWRPV03,216,2046,0.576
Cuba,PWRPV03,216,2047,0.576
Cuba,PWRPV03,216,2048,0.576
Cuba,PWRPV03,216,2049,0.576
Cuba,PWRPV03,216,2050,0.576
Cuba,PWRPV03,216,2051,0.576
Cuba,PWRPV03,216,2052,0.576
Cuba,PWRPV03,216,2053,0.576
Cuba,PWRPV03,216,2054,0.576
Cuba,PWRPV03,216,2055,0.576
Cuba,PWRPV03,217,2019,0.356
Cuba,PWRPV03,217,2020,0.356
Cuba,PWRPV03,217,2021,0.356
Cuba,PWRPV03,217,2022,0.356
Cuba,PWRPV03,217,2023,0.356
Cuba,PWRPV03,217,2024,0.356
Cuba,PWRPV03,217,2025,0.356
Cuba,PWRPV03,217,2026,0.356
Cuba,PWRPV03,217,2027,0.356
Cuba,PWRPV03,217,2028,0.356
Cuba,PWRPV03,217,2029,0.356
Cuba,PWRPV03,217,2030,0.356
Cuba,PWRPV03,217,2031,0.356
Cuba,PWRPV03,217,2032,0.356
Cuba,PWRPV03,217,2033,0.356
Cuba,PWRPV03,217,2034,0.356
Cuba,PWRPV03,217,2035,0.356
Cuba,PWRPV03,217,2036,0.356
Cuba,PWRPV03,217,2037,0.356
Cuba,PWRPV03,217,2038,0.356
Cuba,PWRPV03,217,2039,0.356
Cuba,PWRPV03,217,2040,0.356
Cuba,PWRPV03,217,2041,0.356
Cuba,PWRPV03,217,2042,0.356
Cuba,PWRPV03,217,2043,0.356
Cuba,PWRPV03,217,2044,0.356
Cuba,PWRPV03,217,2045,0.356
Cuba,PWRPV03,217,2046,0.356
Cuba,PWRPV03,217,2047,0.356
Cuba,PWRPV03,217,2048,0.356
Cuba,PWRPV03,217,2049,0.356
Cuba,PWRPV03,217,2050,0.356
Cuba,PWRPV03,217,2051,0.356
Cuba,PWRPV03,217,2052,0.356
Cuba,PWRPV03,217,2053,0.356
Cuba,PWRPV03,217,2054,0.356
Cuba,PWRPV03,217,2055,0.356
Cuba,PWRPV03,218,2019,0.05
Cuba,PWRPV03,218,2020,0.05
Cuba,PWRPV03,218,2021,0.05
Cuba,PWRPV03,218,2022,0.05
Cuba,PWRPV03,218,2023,0.05
Cuba,PWRPV03,218,2024,0.05
Cuba,PWRPV03,218,2025,0.05
Cuba,PWRPV03,218,2026,0.05
Cuba,PWRPV03,218,2027,0.05
Cuba,PWRPV03,218,2028,0.05
Cuba,PWRPV03,218,2029,0.05
Cuba,PWRPV03,218,2030,0.05
Cuba,PWRPV03,218,2031,0.05
Cuba,PWRPV03,218,2032,0.05
Cuba,PWRPV03,218,2033,0.05
Cuba,PWRPV03,218,2034,0.05
Cuba,PWRPV03,218,2035,0.05
Cuba,PWRPV03,218,2036,0.05
Cuba,PWRPV03,218,2037,0.05
Cuba,PWRPV03,218,2038,0.05
Cuba,PWRPV03,218,2039,0.05
Cuba,PWRPV03,218,2040,0.05
Cuba,PWRPV03,218,2041,0.05
Cuba,PWRPV03,218,2042,0.05
Cuba,PWRPV03,218,2043,0.05
Cuba,PWRPV03,218,2044,0.05
Cuba,PWRPV03,218,2045,0.05
Cuba,PWRPV03,218,2046,0.05
Cuba,PWRPV03,218,2047,0.05
Cuba,PWRPV03,218,2048,0.05
Cuba,PWRPV03,218,2049,0.05
Cuba,PWRPV03,218,2050,0.05
Cuba,PWRPV03,218,2051,0.05
Cuba,PWRPV03,218,2052,0.05
Cuba,PWRPV03,218,2053,0.05
Cuba,PWRPV03,218,2054,0.05
Cuba,PWRPV03,218,2055,0.05
Cuba,PWRPV03,221,2019,0.0
Cuba,PWRPV03,221,2020,0.0
Cuba,PWRPV03,221,2021,0.0
Cuba,PWRPV03,221,2022,0.0
Cuba,PWRPV03,221,2023,0.0
Cuba,PWRPV03,221,2024,0.0
Cuba,PWRPV03,221,2025,0.0
Cuba,PWRPV03,221,2026,0.0
Cuba,PWRPV03,221,2027,0.0
Cuba,PWRPV03,221,2028,0.0
Cuba,PWRPV03,221,2029,0.0
Cuba,PWRPV03,221,2030,0.0
Cuba,PWRPV03,221,2031,0.0
Cuba,PWRPV03,221,2032,0.0
Cuba,PWRPV03,221,2033,0.0
Cuba,PWRPV03,221,2034,0.0
Cuba,PWRPV03,221,2035,0.0
Cuba,PWRPV03,221,2036,0.0
Cuba,PWRPV03,221,2037,0.0
Cuba,PWRPV03,221,2038,0.0
Cuba,PWRPV03,221,2039,0.0
Cuba,PWRPV03,221,2040,0.0
Cuba,PWRPV03,221,2041,0.0
Cuba,PWRPV03,221,2042,0.0
Cuba,PWRPV03,221,2043,0.0
Cuba,PWRPV03,221,2044,0.0
Cuba,PWRPV03,221,2045,0.0
Cuba,PWRPV03,221,2046,0.0
Cuba,PWRPV03,221,2047,0.0
Cuba,PWRPV03,221,2048,0.0
Cuba,PWRPV03,221,2049,0.0
Cuba,PWRPV03,221,2050,0.0
Cuba,PWRPV03,221,2051,0.0
Cuba,PWRPV03,221,2052,0.0
Cuba,PWRPV03,221,2053,0.0
Cuba,PWRPV03,221,2054,0.0
Cuba,PWRPV03,221,2055,0.0
Cuba,PWRPV03,222,2019,0.0
Cuba,PWRPV03,222,2020,0.0
Cuba,PWRPV03,222,2021,0.0
Cuba,PWRPV03,222,2022,0.0
Cuba,PWRPV03,222,2023,0.0
Cuba,PWRPV03,222,2024,0.0
Cuba,PWRPV03,222,2025,0.0
Cuba,PWRPV03,222,2026,0.0
Cuba,PWRPV03,222,2027,0.0
Cuba,PWRPV03,222,2028,0.0
Cuba,PWRPV03,222,2029,0.0
Cuba,PWRPV03,222,2030,0.0
Cuba,PWRPV03,222,2031,0.0
Cuba,PWRPV03,222,2032,0.0
Cuba,PWRPV03,222,2033,0.0
Cuba,PWRPV03,222,2034,0.0
Cuba,PWRPV03,222,2035,0.0
Cuba,PWRPV03,222,2036,0.0
Cuba,PWRPV03,222,2037,0.0
Cuba,PWRPV03,222,2038,0.0
Cuba,PWRPV03,222,2039,0.0
Cuba,PWRPV03,222,2040,0.0
Cuba,PWRPV03,222,2041,0.0
Cuba,PWRPV03,222,2042,0.0
Cuba,PWRPV03,222,2043,0.0
Cuba,PWRPV03,222,2044,0.0
Cuba,PWRPV03,222,2045,0.0
Cuba,PWRPV03,222,2046,0.0
Cuba,PWRPV03,222,2047,0.0
Cuba,PWRPV03,222,2048,0.0
Cuba,PWRPV03,222,2049,0.0
Cuba,PWRPV03,222,2050,0.0
Cuba,PWRPV03,222,2051,0.0
Cuba,PWRPV03,222,2052,0.0
Cuba,PWRPV03,222,2053,0.0
Cuba,PWRPV03,222,2054,0.0
Cuba,PWRPV03,222,2055,0.0
Cuba,PWRPV03,223,2019,0.011
Cuba,PWRPV03,223,2020,0.011
Cuba,PWRPV03,223,2021,0.011
Cuba,PWRPV03,223,2022,0.011
Cuba,PWRPV03,223,2023,0.011
Cuba,PWRPV03,223,2024,0.011
Cuba,PWRPV03,223,2025,0.011
Cuba,PWRPV03,223,2026,0.011
Cuba,PWRPV03,223,2027,0.011
Cuba,PWRPV03,223,2028,0.011
Cuba,PWRPV03,223,2029,0.011
Cuba,PWRPV03,223,2030,0.011
Cuba,PWRPV03,223,2031,0.011
Cuba,PWRPV03,223,2032,0.011
Cuba,PWRPV03,223,2033,0.011
Cuba,PWRPV03,223,2034,0.011
Cuba,PWRPV03,223,2035,0.011
Cuba,PWRPV03,223,2036,0.011
Cuba,PWRPV03,223,2037,0.011
Cuba,PWRPV03,223,2038,0.011
Cuba,PWRPV03,223,2039,0.011
Cuba,PWRPV03,223,2040,0.011
Cuba,PWRPV03,223,2041,0.011
Cuba,PWRPV03,223,2042,0.011
Cuba,PWRPV03,223,2043,0.011
Cuba,PWRPV03,223,2044,0.011
Cuba,PWRPV03,223,2045,0.011
Cuba,PWRPV03,223,2046,0.011
Cuba,PWRPV03,223,2047,0.011
Cuba,PWRPV03,223,2048,0.011
Cuba,PWRPV03,223,2049,0.011
Cuba,PWRPV03,223,2050,0.011
Cuba,PWRPV03,223,2051,0.011
Cuba,PWRPV03,223,2052,0.011
Cuba,PWRPV03,223,2053,0.011
Cuba,PWRPV03,223,2054,0.011
Cuba,PWRPV03,223,2055,0.011
Cuba,PWRPV03,224,2019,0.272
Cuba,PWRPV03,224,2020,0.272
Cuba,PWRPV03,224,2021,0.272
Cuba,PWRPV03,224,2022,0.272
Cuba,PWRPV03,224,2023,0.272
Cuba,PWRPV03,224,2024,0.272
Cuba,PWRPV03,224,2025,0.272
Cuba,PWRPV03,224,2026,0.272
Cuba,PWRPV03,224,2027,0.272
Cuba,PWRPV03,224,2028,0.272
Cuba,PWRPV03,224,2029,0.272
Cuba,PWRPV03,224,2030,0.272
Cuba,PWRPV03,224,2031,0.272
Cuba,PWRPV03,224,2032,0.272
Cuba,PWRPV03,224,2033,0.272
Cuba,PWRPV03,224,2034,0.272
Cuba,PWRPV03,224,2035,0.272
Cuba,PWRPV03,224,2036,0.272
Cuba,PWRPV03,224,2037,0.272
Cuba,PWRPV03,224,2038,0.272
Cuba,PWRPV03,224,2039,0.272
Cuba,PWRPV03,224,2040,0.272
Cuba,PWRPV03,224,2041,0.272
Cuba,PWRPV03,224,2042,0.272
Cuba,PWRPV03,224,2043,0.272
Cuba,PWRPV03,224,2044,0.272
Cuba,PWRPV03,224,2045,0.272
Cuba,PWRPV03,224,2046,0.272
Cuba,PWRPV03,224,2047,0.272
Cuba,PWRPV03,224,2048,0.272
Cuba,PWRPV03,224,2049,0.272
Cuba,PWRPV03,224,2050,0.272
Cuba,PWRPV03,224,2051,0.272
Cuba,PWRPV03,224,2052,0.272
Cuba,PWRPV03,224,2053,0.272
Cuba,PWRPV03,224,2054,0.272
Cuba,PWRPV03,224,2055,0.272
Cuba,PWRPV03,225,2019,0.57
Cuba,PWRPV03,225,2020,0.57
Cuba,PWRPV03,225,2021,0.57
Cuba,PWRPV03,225,2022,0.57
Cuba,PWRPV03,225,2023,0.57
Cuba,PWRPV03,225,2024,0.57
Cuba,PWRPV03,225,2025,0.57
Cuba,PWRPV03,225,2026,0.57
Cuba,PWRPV03,225,2027,0.57
Cuba,PWRPV03,225,2028,0.57
Cuba,PWRPV03,225,2029,0.57
Cuba,PWRPV03,225,2030,0.57
Cuba,PWRPV03,225,2031,0.57
Cuba,PWRPV03,225,2032,0.57
Cuba,PWRPV03,225,2033,0.57
Cuba,PWRPV03,225,2034,0.57
Cuba,PWRPV03,225,2035,0.57
Cuba,PWRPV03,225,2036,0.57
Cuba,PWRPV03,225,2037,0.57
Cuba,PWRPV03,225,2038,0.57
Cuba,PWRPV03,225,2039,0.57
Cuba,PWRPV03,225,2040,0.57
Cuba,PWRPV03,225,2041,0.57
Cuba,PWRPV03,225,2042,0.57
Cuba,PWRPV03,225,2043,0.57
Cuba,PWRPV03,225,2044,0.57
Cuba,PWRPV03,225,2045,0.57
Cuba,PWRPV03,225,2046,0.57
Cuba,PWRPV03,225,2047,0.57
Cuba,PWRPV03,225,2048,0.57
Cuba,PWRPV03,225,2049,0.57
Cuba,PWRPV03,225,2050,0.57
Cuba,PWRPV03,225,2051,0.57
Cuba,PWRPV03,225,2052,0.57
Cuba,PWRPV03,225,2053,0.57
Cuba,PWRPV03,225,2054,0.57
Cuba,PWRPV03,225,2055,0.57
Cuba,PWRPV03,226,2019,0.604
Cuba,PWRPV03,226,2020,0.604
Cuba,PWRPV03,226,2021,0.604
Cuba,PWRPV03,226,2022,0.604
Cuba,PWRPV03,226,2023,0.604
Cuba,PWRPV03,226,2024,0.604
Cuba,PWRPV03,226,2025,0.604
Cuba,PWRPV03,226,2026,0.604
Cuba,PWRPV03,226,2027,0.604
Cuba,PWRPV03,226,2028,0.604
Cuba,PWRPV03,226,2029,0.604
Cuba,PWRPV03,226,2030,0.604
Cuba,PWRPV03,226,2031,0.604
Cuba,PWRPV03,226,2032,0.604
Cuba,PWRPV03,226,2033,0.604
Cuba,PWRPV03,226,2034,0.604
Cuba,PWRPV03,226,2035,0.604
Cuba,PWRPV03,226,2036,0.604
Cuba,PWRPV03,226,2037,0.604
Cuba,PWRPV03,226,2038,0.604
Cuba,PWRPV03,226,2039,0.604
Cuba,PWRPV03,226,2040,0.604
Cuba,PWRPV03,226,2041,0.604
Cuba,PWRPV03,226,2042,0.604
Cuba,PWRPV03,226,2043,0.604
Cuba,PWRPV03,226,2044,0.604
Cuba,PWRPV03,226,2045,0.604
Cuba,PWRPV03,226,2046,0.604
Cuba,PWRPV03,226,2047,0.604
Cuba,PWRPV03,226,2048,0.604
Cuba,PWRPV03,226,2049,0.604
Cuba,PWRPV03,226,2050,0.604
Cuba,PWRPV03,226,2051,0.604
Cuba,PWRPV03,226,2052,0.604
Cuba,PWRPV03,226,2053,0.604
Cuba,PWRPV03,226,2054,0.604
Cuba,PWRPV03,226,2055,0.604
Cuba,PWRPV03,227,2019,0.382
Cuba,PWRPV03,227,2020,0.382
Cuba,PWRPV03,227,2021,0.382
Cuba,PWRPV03,227,2022,0.382
Cuba,PWRPV03,227,2023,0.382
Cuba,PWRPV03,227,2024,0.382
Cuba,PWRPV03,227,2025,0.382
Cuba,PWRPV03,227,2026,0.382
Cuba,PWRPV03,227,2027,0.382
Cuba,PWRPV03,227,2028,0.382
Cuba,PWRPV03,227,2029,0.382
Cuba,PWRPV03,227,2030,0.382
Cuba,PWRPV03,227,2031,0.382
Cuba,PWRPV03,227,2032,0.382
Cuba,PWRPV03,227,2033,0.382
Cuba,PWRPV03,227,2034,0.382
Cuba,PWRPV03,227,2035,0.382
Cuba,PWRPV03,227,2036,0.382
Cuba,PWRPV03,227,2037,0.382
Cuba,PWRPV03,227,2038,0.382
Cuba,PWRPV03,227,2039,0.382
Cuba,PWRPV03,227,2040,0.382
Cuba,PWRPV03,227,2041,0.382
Cuba,PWRPV03,227,2042,0.382
Cuba,PWRPV03,227,2043,0.382
Cuba,PWRPV03,227,2044,0.382
Cuba,PWRPV03,227,2045,0.382
Cuba,PWRPV03,227,2046,0.382
Cuba,PWRPV03,227,2047,0.382
Cuba,PWRPV03,227,2048,0.382
Cuba,PWRPV03,227,2049,0.382
Cuba,PWRPV03,227,2050,0.382
Cuba,PWRPV03,227,2051,0.382
Cuba,PWRPV03,227,2052,0.382
Cuba,PWRPV03,227,2053,0.382
Cuba,PWRPV03,227,2054,0.382
Cuba,PWRPV03,227,2055,0.382
Cuba,PWRPV03,228,2019,0.051
Cuba,PWRPV03,228,2020,0.051
Cuba,PWRPV03,228,2021,0.051
Cuba,PWRPV03,228,2022,0.051
Cuba,PWRPV03,228,2023,0.051
Cuba,PWRPV03,228,2024,0.051
Cuba,PWRPV03,228,2025,0.051
Cuba,PWRPV03,228,2026,0.051
Cuba,PWRPV03,228,2027,0.051
Cuba,PWRPV03,228,2028,0.051
Cuba,PWRPV03,228,2029,0.051
Cuba,PWRPV03,228,2030,0.051
Cuba,PWRPV03,228,2031,0.051
Cuba,PWRPV03,228,2032,0.051
Cuba,PWRPV03,228,2033,0.051
Cuba,PWRPV03,228,2034,0.051
Cuba,PWRPV03,228,2035,0.051
Cuba,PWRPV03,228,2036,0.051
Cuba,PWRPV03,228,2037,0.051
Cuba,PWRPV03,228,2038,0.051
Cuba,PWRPV03,228,2039,0.051
Cuba,PWRPV03,228,2040,0.051
Cuba,PWRPV03,228,2041,0.051
Cuba,PWRPV03,228,2042,0.051
Cuba,PWRPV03,228,2043,0.051
Cuba,PWRPV03,228,2044,0.051
Cuba,PWRPV03,228,2045,0.051
Cuba,PWRPV03,228,2046,0.051
Cuba,PWRPV03,228,2047,0.051
Cuba,PWRPV03,228,2048,0.051
Cuba,PWRPV03,228,2049,0.051
Cuba,PWRPV03,228,2050,0.051
Cuba,PWRPV03,228,2051,0.051
Cuba,PWRPV03,228,2052,0.051
Cuba,PWRPV03,228,2053,0.051
Cuba,PWRPV03,228,2054,0.051
Cuba,PWRPV03,228,2055,0.051
Cuba,PWRPV03,311,2019,0.0
Cuba,PWRPV03,311,2020,0.0
Cuba,PWRPV03,311,2021,0.0
Cuba,PWRPV03,311,2022,0.0
Cuba,PWRPV03,311,2023,0.0
Cuba,PWRPV03,311,2024,0.0
Cuba,PWRPV03,311,2025,0.0
Cuba,PWRPV03,311,2026,0.0
Cuba,PWRPV03,311,2027,0.0
Cuba,PWRPV03,311,2028,0.0
Cuba,PWRPV03,311,2029,0.0
Cuba,PWRPV03,311,2030,0.0
Cuba,PWRPV03,311,2031,0.0
Cuba,PWRPV03,311,2032,0.0
Cuba,PWRPV03,311,2033,0.0
Cuba,PWRPV03,311,2034,0.0
Cuba,PWRPV03,311,2035,0.0
Cuba,PWRPV03,311,2036,0.0
Cuba,PWRPV03,311,2037,0.0
Cuba,PWRPV03,311,2038,0.0
Cuba,PWRPV03,311,2039,0.0
Cuba,PWRPV03,311,2040,0.0
Cuba,PWRPV03,311,2041,0.0
Cuba,PWRPV03,311,2042,0.0
Cuba,PWRPV03,311,2043,0.0
Cuba,PWRPV03,311,2044,0.0
Cuba,PWRPV03,311,2045,0.0
Cuba,PWRPV03,311,2046,0.0
Cuba,PWRPV03,311,2047,0.0
Cuba,PWRPV03,311,2048,0.0
Cuba,PWRPV03,311,2049,0.0
Cuba,PWRPV03,311,2050,0.0
Cuba,PWRPV03,311,2051,0.0
Cuba,PWRPV03,311,2052,0.0
Cuba,PWRPV03,311,2053,0.0
Cuba,PWRPV03,311,2054,0.0
Cuba,PWRPV03,311,2055,0.0
Cuba,PWRPV03,312,2019,0.0
Cuba,PWRPV03,312,2020,0.0
Cuba,PWRPV03,312,2021,0.0
Cuba,PWRPV03,312,2022,0.0
Cuba,PWRPV03,312,2023,0.0
Cuba,PWRPV03,312,2024,0.0
Cuba,PWRPV03,312,2025,0.0
Cuba,PWRPV03,312,2026,0.0
Cuba,PWRPV03,312,2027,0.0
Cuba,PWRPV03,312,2028,0.0
Cuba,PWRPV03,312,2029,0.0
Cuba,PWRPV03,312,2030,0.0
Cuba,PWRPV03,312,2031,0.0
Cuba,PWRPV03,312,2032,0.0
Cuba,PWRPV03,312,2033,0.0
Cuba,PWRPV03,312,2034,0.0
Cuba,PWRPV03,312,2035,0.0
Cuba,PWRPV03,312,2036,0.0
Cuba,PWRPV03,312,2037,0.0
Cuba,PWRPV03,312,2038,0.0
Cuba,PWRPV03,312,2039,0.0
Cuba,PWRPV03,312,2040,0.0
Cuba,PWRPV03,312,2041,0.0
Cuba,PWRPV03,312,2042,0.0
Cuba,PWRPV03,312,2043,0.0
Cuba,PWRPV03,312,2044,0.0
Cuba,PWRPV03,312,2045,0.0
Cuba,PWRPV03,312,2046,0.0
Cuba,PWRPV03,312,2047,0.0
Cuba,PWRPV03,312,2048,0.0
Cuba,PWRPV03,312,2049,0.0
Cuba,PWRPV03,312,2050,0.0
Cuba,PWRPV03,312,2051,0.0
Cuba,PWRPV03,312,2052,0.0
Cuba,PWRPV03,312,2053,0.0
Cuba,PWRPV03,312,2054,0.0
Cuba,PWRPV03,312,2055,0.0
Cuba,PWRPV03,313,2019,0.017
Cuba,PWRPV03,313,2020,0.017
Cuba,PWRPV03,313,2021,0.017
Cuba,PWRPV03,313,2022,0.017
Cuba,PWRPV03,313,2023,0.017
Cuba,PWRPV03,313,2024,0.017
Cuba,PWRPV03,313,2025,0.017
Cuba,PWRPV03,313,2026,0.017
Cuba,PWRPV03,313,2027,0.017
Cuba,PWRPV03,313,2028,0.017
Cuba,PWRPV03,313,2029,0.017
Cuba,PWRPV03,313,2030,0.017
Cuba,PWRPV03,313,2031,0.017
Cuba,PWRPV03,313,2032,0.017
Cuba,PWRPV03,313,2033,0.017
Cuba,PWRPV03,313,2034,0.017
Cuba,PWRPV03,313,2035,0.017
Cuba,PWRPV03,313,2036,0.017
Cuba,PWRPV03,313,2037,0.017
Cuba,PWRPV03,313,2038,0.017
Cuba,PWRPV03,313,2039,0.017
Cuba,PWRPV03,313,2040,0.017
Cuba,PWRPV03,313,2041,0.017
Cuba,PWRPV03,313,2042,0.017
Cuba,PWRPV03,313,2043,0.017
Cuba,PWRPV03,313,2044,0.017
Cuba,PWRPV03,313,2045,0.017
Cuba,PWRPV03,313,2046,0.017
Cuba,PWRPV03,313,2047,0.017
Cuba,PWRPV03,313,2048,0.017
Cuba,PWRPV03,313,2049,0.017
Cuba,PWRPV03,313,2050,0.017
Cuba,PWRPV03,313,2051,0.017
Cuba,PWRPV03,313,2052,0.017
Cuba,PWRPV03,313,2053,0.017
Cuba,PWRPV03,313,2054,0.017
Cuba,PWRPV03,313,2055,0.017
Cuba,PWRPV03,314,2019,0.29
Cuba,PWRPV03,314,2020,0.29
Cuba,PWRPV03,314,2021,0.29
Cuba,PWRPV03,314,2022,0.29
Cuba,PWRPV03,314,2023,0.29
Cuba,PWRPV03,314,2024,0.29
Cuba,PWRPV03,314,2025,0.29
Cuba,PWRPV03,314,2026,0.29
Cuba,PWRPV03,314,2027,0.29
Cuba,PWRPV03,314,2028,0.29
Cuba,PWRPV03,314,2029,0.29
Cuba,PWRPV03,314,2030,0.29
Cuba,PWRPV03,314,2031,0.29
Cuba,PWRPV03,314,2032,0.29
Cuba,PWRPV03,314,2033,0.29
Cuba,PWRPV03,314,2034,0.29
Cuba,PWRPV03,314,2035,0.29
Cuba,PWRPV03,314,2036,0.29
Cuba,PWRPV03,314,2037,0.29
Cuba,PWRPV03,314,2038,0.29
Cuba,PWRPV03,314,2039,0.29
Cuba,PWRPV03,314,2040,0.29
Cuba,PWRPV03,314,2041,0.29
Cuba,PWRPV03,314,2042,0.29
Cuba,PWRPV03,314,2043,0.29
Cuba,PWRPV03,314,2044,0.29
Cuba,PWRPV03,314,2045,0.29
Cuba,PWRPV03,314,2046,0.29
Cuba,PWRPV03,314,2047,0.29
Cuba,PWRPV03,314,2048,0.29
Cuba,PWRPV03,314,2049,0.29
Cuba,PWRPV03,314,2050,0.29
Cuba,PWRPV03,314,2051,0.29
Cuba,PWRPV03,314,2052,0.29
Cuba,PWRPV03,314,2053,0.29
Cuba,PWRPV03,314,2054,0.29
Cuba,PWRPV03,314,2055,0.29
Cuba,PWRPV03,315,2019,0.565
Cuba,PWRPV03,315,2020,0.565
Cuba,PWRPV03,315,2021,0.565
Cuba,PWRPV03,315,2022,0.565
Cuba,PWRPV03,315,2023,0.565
Cuba,PWRPV03,315,2024,0.565
Cuba,PWRPV03,315,2025,0.565
Cuba,PWRPV03,315,2026,0.565
Cuba,PWRPV03,315,2027,0.565
Cuba,PWRPV03,315,2028,0.565
Cuba,PWRPV03,315,2029,0.565
Cuba,PWRPV03,315,2030,0.565
Cuba,PWRPV03,315,2031,0.565
Cuba,PWRPV03,315,2032,0.565
Cuba,PWRPV03,315,2033,0.565
Cuba,PWRPV03,315,2034,0.565
Cuba,PWRPV03,315,2035,0.565
Cuba,PWRPV03,315,2036,0.565
Cuba,PWRPV03,315,2037,0.565
Cuba,PWRPV03,315,2038,0.565
Cuba,PWRPV03,315,2039,0.565
Cuba,PWRPV03,315,2040,0.565
Cuba,PWRPV03,315,2041,0.565
Cuba,PWRPV03,315,2042,0.565
Cuba,PWRPV03,315,2043,0.565
Cuba,PWRPV03,315,2044,0.565
Cuba,PWRPV03,315,2045,0.565
Cuba,PWRPV03,315,2046,0.565
Cuba,PWRPV03,315,2047,0.565
Cuba,PWRPV03,315,2048,0.565
Cuba,PWRPV03,315,2049,0.565
Cuba,PWRPV03,315,2050,0.565
Cuba,PWRPV03,315,2051,0.565
Cuba,PWRPV03,315,2052,0.565
Cuba,PWRPV03,315,2053,0.565
Cuba,PWRPV03,315,2054,0.565
Cuba,PWRPV03,315,2055,0.565
Cuba,PWRPV03,316,2019,0.557
Cuba,PWRPV03,316,2020,0.557
Cuba,PWRPV03,316,2021,0.557
Cuba,PWRPV03,316,2022,0.557
Cuba,PWRPV03,316,2023,0.557
Cuba,PWRPV03,316,2024,0.557
Cuba,PWRPV03,316,2025,0.557
Cuba,PWRPV03,316,2026,0.557
Cuba,PWRPV03,316,2027,0.557
Cuba,PWRPV03,316,2028,0.557
Cuba,PWRPV03,316,2029,0.557
Cuba,PWRPV03,316,2030,0.557
Cuba,PWRPV03,316,2031,0.557
Cuba,PWRPV03,316,2032,0.557
Cuba,PWRPV03,316,2033,0.557
Cuba,PWRPV03,316,2034,0.557
Cuba,PWRPV03,316,2035,0.557
Cuba,PWRPV03,316,2036,0.557
Cuba,PWRPV03,316,2037,0.557
Cuba,PWRPV03,316,2038,0.557
Cuba,PWRPV03,316,2039,0.557
Cuba,PWRPV03,316,2040,0.557
Cuba,PWRPV03,316,2041,0.557
Cuba,PWRPV03,316,2042,0.557
Cuba,PWRPV03,316,2043,0.557
Cuba,PWRPV03,316,2044,0.557
Cuba,PWRPV03,316,2045,0.557
Cuba,PWRPV03,316,2046,0.557
Cuba,PWRPV03,316,2047,0.557
Cuba,PWRPV03,316,2048,0.557
Cuba,PWRPV03,316,2049,0.557
Cuba,PWRPV03,316,2050,0.557
Cuba,PWRPV03,316,2051,0.557
Cuba,PWRPV03,316,2052,0.557
Cuba,PWRPV03,316,2053,0.557
Cuba,PWRPV03,316,2054,0.557
Cuba,PWRPV03,316,2055,0.557
Cuba,PWRPV03,317,2019,0.312
Cuba,PWRPV03,317,2020,0.312
Cuba,PWRPV03,317,2021,0.312
Cuba,PWRPV03,317,2022,0.312
Cuba,PWRPV03,317,2023,0.312
Cuba,PWRPV03,317,2024,0.312
Cuba,PWRPV03,317,2025,0.312
Cuba,PWRPV03,317,2026,0.312
Cuba,PWRPV03,317,2027,0.312
Cuba,PWRPV03,317,2028,0.312
Cuba,PWRPV03,317,2029,0.312
Cuba,PWRPV03,317,2030,0.312
Cuba,PWRPV03,317,2031,0.312
Cuba,PWRPV03,317,2032,0.312
Cuba,PWRPV03,317,2033,0.312
Cuba,PWRPV03,317,2034,0.312
Cuba,PWRPV03,317,2035,0.312
Cuba,PWRPV03,317,2036,0.312
Cuba,PWRPV03,317,2037,0.312
Cuba,PWRPV03,317,2038,0.312
Cuba,PWRPV03,317,2039,0.312
Cuba,PWRPV03,317,2040,0.312
Cuba,PWRPV03,317,2041,0.312
Cuba,PWRPV03,317,2042,0.312
Cuba,PWRPV03,317,2043,0.312
Cuba,PWRPV03,317,2044,0.312
Cuba,PWRPV03,317,2045,0.312
Cuba,PWRPV03,317,2046,0.312
Cuba,PWRPV03,317,2047,0.312
Cuba,PWRPV03,317,2048,0.312
Cuba,PWRPV03,317,2049,0.312
Cuba,PWRPV03,317,2050,0.312
Cuba,PWRPV03,317,2051,0.312
Cuba,PWRPV03,317,2052,0.312
Cuba,PWRPV03,317,2053,0.312
Cuba,PWRPV03,317,2054,0.312
Cuba,PWRPV03,317,2055,0.312
Cuba,PWRPV03,318,2019,0.049
Cuba,PWRPV03,318,2020,0.049
Cuba,PWRPV03,318,2021,0.049
Cuba,PWRPV03,318,2022,0.049
Cuba,PWRPV03,318,2023,0.049
Cuba,PWRPV03,318,2024,0.049
Cuba,PWRPV03,318,2025,0.049
Cuba,PWRPV03,318,2026,0.049
Cuba,PWRPV03,318,2027,0.049
Cuba,PWRPV03,318,2028,0.049
Cuba,PWRPV03,318,2029,0.049
Cuba,PWRPV03,318,2030,0.049
Cuba,PWRPV03,318,2031,0.049
Cuba,PWRPV03,318,2032,0.049
Cuba,PWRPV03,318,2033,0.049
Cuba,PWRPV03,318,2034,0.049
Cuba,PWRPV03,318,2035,0.049
Cuba,PWRPV03,318,2036,0.049
Cuba,PWRPV03,318,2037,0.049
Cuba,PWRPV03,318,2038,0.049
Cuba,PWRPV03,318,2039,0.049
Cuba,PWRPV03,318,2040,0.049
Cuba,PWRPV03,318,2041,0.049
Cuba,PWRPV03,318,2042,0.049
Cuba,PWRPV03,318,2043,0.049
Cuba,PWRPV03,318,2044,0.049
Cuba,PWRPV03,318,2045,0.049
Cuba,PWRPV03,318,2046,0.049
Cuba,PWRPV03,318,2047,0.049
Cuba,PWRPV03,318,2048,0.049
Cuba,PWRPV03,318,2049,0.049
Cuba,PWRPV03,318,2050,0.049
Cuba,PWRPV03,318,2051,0.049
Cuba,PWRPV03,318,2052,0.049
Cuba,PWRPV03,318,2053,0.049
Cuba,PWRPV03,318,2054,0.049
Cuba,PWRPV03,318,2055,0.049
Cuba,PWRPV03,321,2019,0.0
Cuba,PWRPV03,321,2020,0.0
Cuba,PWRPV03,321,2021,0.0
Cuba,PWRPV03,321,2022,0.0
Cuba,PWRPV03,321,2023,0.0
Cuba,PWRPV03,321,2024,0.0
Cuba,PWRPV03,321,2025,0.0
Cuba,PWRPV03,321,2026,0.0
Cuba,PWRPV03,321,2027,0.0
Cuba,PWRPV03,321,2028,0.0
Cuba,PWRPV03,321,2029,0.0
Cuba,PWRPV03,321,2030,0.0
Cuba,PWRPV03,321,2031,0.0
Cuba,PWRPV03,321,2032,0.0
Cuba,PWRPV03,321,2033,0.0
Cuba,PWRPV03,321,2034,0.0
Cuba,PWRPV03,321,2035,0.0
Cuba,PWRPV03,321,2036,0.0
Cuba,PWRPV03,321,2037,0.0
Cuba,PWRPV03,321,2038,0.0
Cuba,PWRPV03,321,2039,0.0
Cuba,PWRPV03,321,2040,0.0
Cuba,PWRPV03,321,2041,0.0
Cuba,PWRPV03,321,2042,0.0
Cuba,PWRPV03,321,2043,0.0
Cuba,PWRPV03,321,2044,0.0
Cuba,PWRPV03,321,2045,0.0
Cuba,PWRPV03,321,2046,0.0
Cuba,PWRPV03,321,2047,0.0
Cuba,PWRPV03,321,2048,0.0
Cuba,PWRPV03,321,2049,0.0
Cuba,PWRPV03,321,2050,0.0
Cuba,PWRPV03,321,2051,0.0
Cuba,PWRPV03,321,2052,0.0
Cuba,PWRPV03,321,2053,0.0
Cuba,PWRPV03,321,2054,0.0
Cuba,PWRPV03,321,2055,0.0
Cuba,PWRPV03,322,2019,0.0
Cuba,PWRPV03,322,2020,0.0
Cuba,PWRPV03,322,2021,0.0
Cuba,PWRPV03,322,2022,0.0
Cuba,PWRPV03,322,2023,0.0
Cuba,PWRPV03,322,2024,0.0
Cuba,PWRPV03,322,2025,0.0
Cuba,PWRPV03,322,2026,0.0
Cuba,PWRPV03,322,2027,0.0
Cuba,PWRPV03,322,2028,0.0
Cuba,PWRPV03,322,2029,0.0
Cuba,PWRPV03,322,2030,0.0
Cuba,PWRPV03,322,2031,0.0
Cuba,PWRPV03,322,2032,0.0
Cuba,PWRPV03,322,2033,0.0
Cuba,PWRPV03,322,2034,0.0
Cuba,PWRPV03,322,2035,0.0
Cuba,PWRPV03,322,2036,0.0
Cuba,PWRPV03,322,2037,0.0
Cuba,PWRPV03,322,2038,0.0
Cuba,PWRPV03,322,2039,0.0
Cuba,PWRPV03,322,2040,0.0
Cuba,PWRPV03,322,2041,0.0
Cuba,PWRPV03,322,2042,0.0
Cuba,PWRPV03,322,2043,0.0
Cuba,PWRPV03,322,2044,0.0
Cuba,PWRPV03,322,2045,0.0
Cuba,PWRPV03,322,2046,0.0
Cuba,PWRPV03,322,2047,0.0
Cuba,PWRPV03,322,2048,0.0
Cuba,PWRPV03,322,2049,0.0
Cuba,PWRPV03,322,2050,0.0
Cuba,PWRPV03,322,2051,0.0
Cuba,PWRPV03,322,2052,0.0
Cuba,PWRPV03,322,2053,0.0
Cuba,PWRPV03,322,2054,0.0
Cuba,PWRPV03,322,2055,0.0
Cuba,PWRPV03,323,2019,0.018
Cuba,PWRPV03,323,2020,0.018
Cuba,PWRPV03,323,2021,0.018
Cuba,PWRPV03,323,2022,0.018
Cuba,PWRPV03,323,2023,0.018
Cuba,PWRPV03,323,2024,0.018
Cuba,PWRPV03,323,2025,0.018
Cuba,PWRPV03,323,2026,0.018
Cuba,PWRPV03,323,2027,0.018
Cuba,PWRPV03,323,2028,0.018
Cuba,PWRPV03,323,2029,0.018
Cuba,PWRPV03,323,2030,0.018
Cuba,PWRPV03,323,2031,0.018
Cuba,PWRPV03,323,2032,0.018
Cuba,PWRPV03,323,2033,0.018
Cuba,PWRPV03,323,2034,0.018
Cuba,PWRPV03,323,2035,0.018
Cuba,PWRPV03,323,2036,0.018
Cuba,PWRPV03,323,2037,0.018
Cuba,PWRPV03,323,2038,0.018
Cuba,PWRPV03,323,2039,0.018
Cuba,PWRPV03,323,2040,0.018
Cuba,PWRPV03,323,2041,0.018
Cuba,PWRPV03,323,2042,0.018
Cuba,PWRPV03,323,2043,0.018
Cuba,PWRPV03,323,2044,0.018
Cuba,PWRPV03,323,2045,0.018
Cuba,PWRPV03,323,2046,0.018
Cuba,PWRPV03,323,2047,0.018
Cuba,PWRPV03,323,2048,0.018
Cuba,PWRPV03,323,2049,0.018
Cuba,PWRPV03,323,2050,0.018
Cuba,PWRPV03,323,2051,0.018
Cuba,PWRPV03,323,2052,0.018
Cuba,PWRPV03,323,2053,0.018
Cuba,PWRPV03,323,2054,0.018
Cuba,PWRPV03,323,2055,0.018
Cuba,PWRPV03,324,2019,0.298
Cuba,PWRPV03,324,2020,0.298
Cuba,PWRPV03,324,2021,0.298
Cuba,PWRPV03,324,2022,0.298
Cuba,PWRPV03,324,2023,0.298
Cuba,PWRPV03,324,2024,0.298
Cuba,PWRPV03,324,2025,0.298
Cuba,PWRPV03,324,2026,0.298
Cuba,PWRPV03,324,2027,0.298
Cuba,PWRPV03,324,2028,0.298
Cuba,PWRPV03,324,2029,0.298
Cuba,PWRPV03,324,2030,0.298
Cuba,PWRPV03,324,2031,0.298
Cuba,PWRPV03,324,2032,0.298
Cuba,PWRPV03,324,2033,0.298
Cuba,PWRPV03,324,2034,0.298
Cuba,PWRPV03,324,2035,0.298
Cuba,PWRPV03,324,2036,0.298
Cuba,PWRPV03,324,2037,0.298
Cuba,PWRPV03,324,2038,0.298
Cuba,PWRPV03,324,2039,0.298
Cuba,PWRPV03,324,2040,0.298
Cuba,PWRPV03,324,2041,0.298
Cuba,PWRPV03,324,2042,0.298
Cuba,PWRPV03,324,2043,0.298
Cuba,PWRPV03,324,2044,0.298
Cuba,PWRPV03,324,2045,0.298
Cuba,PWRPV03,324,2046,0.298
Cuba,PWRPV03,324,2047,0.298
Cuba,PWRPV03,324,2048,0.298
Cuba,PWRPV03,324,2049,0.298
Cuba,PWRPV03,324,2050,0.298
Cuba,PWRPV03,324,2051,0.298
Cuba,PWRPV03,324,2052,0.298
Cuba,PWRPV03,324,2053,0.298
Cuba,PWRPV03,324,2054,0.298
Cuba,PWRPV03,324,2055,0.298
Cuba,PWRPV03,325,2019,0.579
Cuba,PWRPV03,325,2020,0.579
Cuba,PWRPV03,325,2021,0.579
Cuba,PWRPV03,325,2022,0.579
Cuba,PWRPV03,325,2023,0.579
Cuba,PWRPV03,325,2024,0.579
Cuba,PWRPV03,325,2025,0.579
Cuba,PWRPV03,325,2026,0.579
Cuba,PWRPV03,325,2027,0.579
Cuba,PWRPV03,325,2028,0.579
Cuba,PWRPV03,325,2029,0.579
Cuba,PWRPV03,325,2030,0.579
Cuba,PWRPV03,325,2031,0.579
Cuba,PWRPV03,325,2032,0.579
Cuba,PWRPV03,325,2033,0.579
Cuba,PWRPV03,325,2034,0.579
Cuba,PWRPV03,325,2035,0.579
Cuba,PWRPV03,325,2036,0.579
Cuba,PWRPV03,325,2037,0.579
Cuba,PWRPV03,325,2038,0.579
Cuba,PWRPV03,325,2039,0.579
Cuba,PWRPV03,325,2040,0.579
Cuba,PWRPV03,325,2041,0.579
Cuba,PWRPV03,325,2042,0.579
Cuba,PWRPV03,325,2043,0.579
Cuba,PWRPV03,325,2044,0.579
Cuba,PWRPV03,325,2045,0.579
Cuba,PWRPV03,325,2046,0.579
Cuba,PWRPV03,325,2047,0.579
Cuba,PWRPV03,325,2048,0.579
Cuba,PWRPV03,325,2049,0.579
Cuba,PWRPV03,325,2050,0.579
Cuba,PWRPV03,325,2051,0.579
Cuba,PWRPV03,325,2052,0.579
Cuba,PWRPV03,325,2053,0.579
Cuba,PWRPV03,325,2054,0.579
Cuba,PWRPV03,325,2055,0.579
Cuba,PWRPV03,326,2019,0.574
Cuba,PWRPV03,326,2020,0.574
Cuba,PWRPV03,326,2021,0.574
Cuba,PWRPV03,326,2022,0.574
Cuba,PWRPV03,326,2023,0.574
Cuba,PWRPV03,326,2024,0.574
Cuba,PWRPV03,326,2025,0.574
Cuba,PWRPV03,326,2026,0.574
Cuba,PWRPV03,326,2027,0.574
Cuba,PWRPV03,326,2028,0.574
Cuba,PWRPV03,326,2029,0.574
Cuba,PWRPV03,326,2030,0.574
Cuba,PWRPV03,326,2031,0.574
Cuba,PWRPV03,326,2032,0.574
Cuba,PWRPV03,326,2033,0.574
Cuba,PWRPV03,326,2034,0.574
Cuba,PWRPV03,326,2035,0.574
Cuba,PWRPV03,326,2036,0.574
Cuba,PWRPV03,326,2037,0.574
Cuba,PWRPV03,326,2038,0.574
Cuba,PWRPV03,326,2039,0.574
Cuba,PWRPV03,326,2040,0.574
Cuba,PWRPV03,326,2041,0.574
Cuba,PWRPV03,326,2042,0.574
Cuba,PWRPV03,326,2043,0.574
Cuba,PWRPV03,326,2044,0.574
Cuba,PWRPV03,326,2045,0.574
Cuba,PWRPV03,326,2046,0.574
Cuba,PWRPV03,326,2047,0.574
Cuba,PWRPV03,326,2048,0.574
Cuba,PWRPV03,326,2049,0.574
Cuba,PWRPV03,326,2050,0.574
Cuba,PWRPV03,326,2051,0.574
Cuba,PWRPV03,326,2052,0.574
Cuba,PWRPV03,326,2053,0.574
Cuba,PWRPV03,326,2054,0.574
Cuba,PWRPV03,326,2055,0.574
Cuba,PWRPV03,327,2019,0.314
Cuba,PWRPV03,327,2020,0.314
Cuba,PWRPV03,327,2021,0.314
Cuba,PWRPV03,327,2022,0.314
Cuba,PWRPV03,327,2023,0.314
Cuba,PWRPV03,327,2024,0.314
Cuba,PWRPV03,327,2025,0.314
Cuba,PWRPV03,327,2026,0.314
Cuba,PWRPV03,327,2027,0.314
Cuba,PWRPV03,327,2028,0.314
Cuba,PWRPV03,327,2029,0.314
Cuba,PWRPV03,327,2030,0.314
Cuba,PWRPV03,327,2031,0.314
Cuba,PWRPV03,327,2032,0.314
Cuba,PWRPV03,327,2033,0.314
Cuba,PWRPV03,327,2034,0.314
Cuba,PWRPV03,327,2035,0.314
Cuba,PWRPV03,327,2036,0.314
Cuba,PWRPV03,327,2037,0.314
Cuba,PWRPV03,327,2038,0.314
Cuba,PWRPV03,327,2039,0.314
Cuba,PWRPV03,327,2040,0.314
Cuba,PWRPV03,327,2041,0.314
Cuba,PWRPV03,327,2042,0.314
Cuba,PWRPV03,327,2043,0.314
Cuba,PWRPV03,327,2044,0.314
Cuba,PWRPV03,327,2045,0.314
Cuba,PWRPV03,327,2046,0.314
Cuba,PWRPV03,327,2047,0.314
Cuba,PWRPV03,327,2048,0.314
Cuba,PWRPV03,327,2049,0.314
Cuba,PWRPV03,327,2050,0.314
Cuba,PWRPV03,327,2051,0.314
Cuba,PWRPV03,327,2052,0.314
Cuba,PWRPV03,327,2053,0.314
Cuba,PWRPV03,327,2054,0.314
Cuba,PWRPV03,327,2055,0.314
Cuba,PWRPV03,328,2019,0.05
Cuba,PWRPV03,328,2020,0.05
Cuba,PWRPV03,328,2021,0.05
Cuba,PWRPV03,328,2022,0.05
Cuba,PWRPV03,328,2023,0.05
Cuba,PWRPV03,328,2024,0.05
Cuba,PWRPV03,328,2025,0.05
Cuba,PWRPV03,328,2026,0.05
Cuba,PWRPV03,328,2027,0.05
Cuba,PWRPV03,328,2028,0.05
Cuba,PWRPV03,328,2029,0.05
Cuba,PWRPV03,328,2030,0.05
Cuba,PWRPV03,328,2031,0.05
Cuba,PWRPV03,328,2032,0.05
Cuba,PWRPV03,328,2033,0.05
Cuba,PWRPV03,328,2034,0.05
Cuba,PWRPV03,328,2035,0.05
Cuba,PWRPV03,328,2036,0.05
Cuba,PWRPV03,328,2037,0.05
Cuba,PWRPV03,328,2038,0.05
Cuba,PWRPV03,328,2039,0.05
Cuba,PWRPV03,328,2040,0.05
Cuba,PWRPV03,328,2041,0.05
Cuba,PWRPV03,328,2042,0.05
Cuba,PWRPV03,328,2043,0.05
Cuba,PWRPV03,328,2044,0.05
Cuba,PWRPV03,328,2045,0.05
Cuba,PWRPV03,328,2046,0.05
Cuba,PWRPV03,328,2047,0.05
Cuba,PWRPV03,328,2048,0.05
Cuba,PWRPV03,328,2049,0.05
Cuba,PWRPV03,328,2050,0.05
Cuba,PWRPV03,328,2051,0.05
Cuba,PWRPV03,328,2052,0.05
Cuba,PWRPV03,328,2053,0.05
Cuba,PWRPV03,328,2054,0.05
Cuba,PWRPV03,328,2055,0.05
Cuba,PWRPV03,411,2019,0.0
Cuba,PWRPV03,411,2020,0.0
Cuba,PWRPV03,411,2021,0.0
Cuba,PWRPV03,411,2022,0.0
Cuba,PWRPV03,411,2023,0.0
Cuba,PWRPV03,411,2024,0.0
Cuba,PWRPV03,411,2025,0.0
Cuba,PWRPV03,411,2026,0.0
Cuba,PWRPV03,411,2027,0.0
Cuba,PWRPV03,411,2028,0.0
Cuba,PWRPV03,411,2029,0.0
Cuba,PWRPV03,411,2030,0.0
Cuba,PWRPV03,411,2031,0.0
Cuba,PWRPV03,411,2032,0.0
Cuba,PWRPV03,411,2033,0.0
Cuba,PWRPV03,411,2034,0.0
Cuba,PWRPV03,411,2035,0.0
Cuba,PWRPV03,411,2036,0.0
Cuba,PWRPV03,411,2037,0.0
Cuba,PWRPV03,411,2038,0.0
Cuba,PWRPV03,411,2039,0.0
Cuba,PWRPV03,411,2040,0.0
Cuba,PWRPV03,411,2041,0.0
Cuba,PWRPV03,411,2042,0.0
Cuba,PWRPV03,411,2043,0.0
Cuba,PWRPV03,411,2044,0.0
Cuba,PWRPV03,411,2045,0.0
Cuba,PWRPV03,411,2046,0.0
Cuba,PWRPV03,411,2047,0.0
Cuba,PWRPV03,411,2048,0.0
Cuba,PWRPV03,411,2049,0.0
Cuba,PWRPV03,411,2050,0.0
Cuba,PWRPV03,411,2051,0.0
Cuba,PWRPV03,411,2052,0.0
Cuba,PWRPV03,411,2053,0.0
Cuba,PWRPV03,411,2054,0.0
Cuba,PWRPV03,411,2055,0.0
Cuba,PWRPV03,412,2019,0.0
Cuba,PWRPV03,412,2020,0.0
Cuba,PWRPV03,412,2021,0.0
Cuba,PWRPV03,412,2022,0.0
Cuba,PWRPV03,412,2023,0.0
Cuba,PWRPV03,412,2024,0.0
Cuba,PWRPV03,412,2025,0.0
Cuba,PWRPV03,412,2026,0.0
Cuba,PWRPV03,412,2027,0.0
Cuba,PWRPV03,412,2028,0.0
Cuba,PWRPV03,412,2029,0.0
Cuba,PWRPV03,412,2030,0.0
Cuba,PWRPV03,412,2031,0.0
Cuba,PWRPV03,412,2032,0.0
Cuba,PWRPV03,412,2033,0.0
Cuba,PWRPV03,412,2034,0.0
Cuba,PWRPV03,412,2035,0.0
Cuba,PWRPV03,412,2036,0.0
Cuba,PWRPV03,412,2037,0.0
Cuba,PWRPV03,412,2038,0.0
Cuba,PWRPV03,412,2039,0.0
Cuba,PWRPV03,412,2040,0.0
Cuba,PWRPV03,412,2041,0.0
Cuba,PWRPV03,412,2042,0.0
Cuba,PWRPV03,412,2043,0.0
Cuba,PWRPV03,412,2044,0.0
Cuba,PWRPV03,412,2045,0.0
Cuba,PWRPV03,412,2046,0.0
Cuba,PWRPV03,412,2047,0.0
Cuba,PWRPV03,412,2048,0.0
Cuba,PWRPV03,412,2049,0.0
Cuba,PWRPV03,412,2050,0.0
Cuba,PWRPV03,412,2051,0.0
Cuba,PWRPV03,412,2052,0.0
Cuba,PWRPV03,412,2053,0.0
Cuba,PWRPV03,412,2054,0.0
Cuba,PWRPV03,412,2055,0.0
Cuba,PWRPV03,413,2019,0.004
Cuba,PWRPV03,413,2020,0.004
Cuba,PWRPV03,413,2021,0.004
Cuba,PWRPV03,413,2022,0.004
Cuba,PWRPV03,413,2023,0.004
Cuba,PWRPV03,413,2024,0.004
Cuba,PWRPV03,413,2025,0.004
Cuba,PWRPV03,413,2026,0.004
Cuba,PWRPV03,413,2027,0.004
Cuba,PWRPV03,413,2028,0.004
Cuba,PWRPV03,413,2029,0.004
Cuba,PWRPV03,413,2030,0.004
Cuba,PWRPV03,413,2031,0.004
Cuba,PWRPV03,413,2032,0.004
Cuba,PWRPV03,413,2033,0.004
Cuba,PWRPV03,413,2034,0.004
Cuba,PWRPV03,413,2035,0.004
Cuba,PWRPV03,413,2036,0.004
Cuba,PWRPV03,413,2037,0.004
Cuba,PWRPV03,413,2038,0.004
Cuba,PWRPV03,413,2039,0.004
Cuba,PWRPV03,413,2040,0.004
Cuba,PWRPV03,413,2041,0.004
Cuba,PWRPV03,413,2042,0.004
Cuba,PWRPV03,413,2043,0.004
Cuba,PWRPV03,413,2044,0.004
Cuba,PWRPV03,413,2045,0.004
Cuba,PWRPV03,413,2046,0.004
Cuba,PWRPV03,413,2047,0.004
Cuba,PWRPV03,413,2048,0.004
Cuba,PWRPV03,413,2049,0.004
Cuba,PWRPV03,413,2050,0.004
Cuba,PWRPV03,413,2051,0.004
Cuba,PWRPV03,413,2052,0.004
Cuba,PWRPV03,413,2053,0.004
Cuba,PWRPV03,413,2054,0.004
Cuba,PWRPV03,413,2055,0.004
Cuba,PWRPV03,414,2019,0.234
Cuba,PWRPV03,414,2020,0.234
Cuba,PWRPV03,414,2021,0.234
Cuba,PWRPV03,414,2022,0.234
Cuba,PWRPV03,414,2023,0.234
Cuba,PWRPV03,414,2024,0.234
Cuba,PWRPV03,414,2025,0.234
Cuba,PWRPV03,414,2026,0.234
Cuba,PWRPV03,414,2027,0.234
Cuba,PWRPV03,414,2028,0.234
Cuba,PWRPV03,414,2029,0.234
Cuba,PWRPV03,414,2030,0.234
Cuba,PWRPV03,414,2031,0.234
Cuba,PWRPV03,414,2032,0.234
Cuba,PWRPV03,414,2033,0.234
Cuba,PWRPV03,414,2034,0.234
Cuba,PWRPV03,414,2035,0.234
Cuba,PWRPV03,414,2036,0.234
Cuba,PWRPV03,414,2037,0.234
Cuba,PWRPV03,414,2038,0.234
Cuba,PWRPV03,414,2039,0.234
Cuba,PWRPV03,414,2040,0.234
Cuba,PWRPV03,414,2041,0.234
Cuba,PWRPV03,414,2042,0.234
Cuba,PWRPV03,414,2043,0.234
Cuba,PWRPV03,414,2044,0.234
Cuba,PWRPV03,414,2045,0.234
Cuba,PWRPV03,414,2046,0.234
Cuba,PWRPV03,414,2047,0.234
Cuba,PWRPV03,414,2048,0.234
Cuba,PWRPV03,414,2049,0.234
Cuba,PWRPV03,414,2050,0.234
Cuba,PWRPV03,414,2051,0.234
Cuba,PWRPV03,414,2052,0.234
Cuba,PWRPV03,414,2053,0.234
Cuba,PWRPV03,414,2054,0.234
Cuba,PWRPV03,414,2055,0.234
Cuba,PWRPV03,415,2019,0.54
Cuba,PWRPV03,415,2020,0.54
Cuba,PWRPV03,415,2021,0.54
Cuba,PWRPV03,415,2022,0.54
Cuba,PWRPV03,415,2023,0.54
Cuba,PWRPV03,415,2024,0.54
Cuba,PWRPV03,415,2025,0.54
Cuba,PWRPV03,415,2026,0.54
Cuba,PWRPV03,415,2027,0.54
Cuba,PWRPV03,415,2028,0.54
Cuba,PWRPV03,415,2029,0.54
Cuba,PWRPV03,415,2030,0.54
Cuba,PWRPV03,415,2031,0.54
Cuba,PWRPV03,415,2032,0.54
Cuba,PWRPV03,415,2033,0.54
Cuba,PWRPV03,415,2034,0.54
Cuba,PWRPV03,415,2035,0.54
Cuba,PWRPV03,415,2036,0.54
Cuba,PWRPV03,415,2037,0.54
Cuba,PWRPV03,415,2038,0.54
Cuba,PWRPV03,415,2039,0.54
Cuba,PWRPV03,415,2040,0.54
Cuba,PWRPV03,415,2041,0.54
Cuba,PWRPV03,415,2042,0.54
Cuba,PWRPV03,415,2043,0.54
Cuba,PWRPV03,415,2044,0.54
Cuba,PWRPV03,415,2045,0.54
Cuba,PWRPV03,415,2046,0.54
Cuba,PWRPV03,415,2047,0.54
Cuba,PWRPV03,415,2048,0.54
Cuba,PWRPV03,415,2049,0.54
Cuba,PWRPV03,415,2050,0.54
Cuba,PWRPV03,415,2051,0.54
Cuba,PWRPV03,415,2052,0.54
Cuba,PWRPV03,415,2053,0.54
Cuba,PWRPV03,415,2054,0.54
Cuba,PWRPV03,415,2055,0.54
Cuba,PWRPV03,416,2019,0.563
Cuba,PWRPV03,416,2020,0.563
Cuba,PWRPV03,416,2021,0.563
Cuba,PWRPV03,416,2022,0.563
Cuba,PWRPV03,416,2023,0.563
Cuba,PWRPV03,416,2024,0.563
Cuba,PWRPV03,416,2025,0.563
Cuba,PWRPV03,416,2026,0.563
Cuba,PWRPV03,416,2027,0.563
Cuba,PWRPV03,416,2028,0.563
Cuba,PWRPV03,416,2029,0.563
Cuba,PWRPV03,416,2030,0.563
Cuba,PWRPV03,416,2031,0.563
Cuba,PWRPV03,416,2032,0.563
Cuba,PWRPV03,416,2033,0.563
Cuba,PWRPV03,416,2034,0.563
Cuba,PWRPV03,416,2035,0.563
Cuba,PWRPV03,416,2036,0.563
Cuba,PWRPV03,416,2037,0.563
Cuba,PWRPV03,416,2038,0.563
Cuba,PWRPV03,416,2039,0.563
Cuba,PWRPV03,416,2040,0.563
Cuba,PWRPV03,416,2041,0.563
Cuba,PWRPV03,416,2042,0.563
Cuba,PWRPV03,416,2043,0.563
Cuba,PWRPV03,416,2044,0.563
Cuba,PWRPV03,416,2045,0.563
Cuba,PWRPV03,416,2046,0.563
Cuba,PWRPV03,416,2047,0.563
Cuba,PWRPV03,416,2048,0.563
Cuba,PWRPV03,416,2049,0.563
Cuba,PWRPV03,416,2050,0.563
Cuba,PWRPV03,416,2051,0.563
Cuba,PWRPV03,416,2052,0.563
Cuba,PWRPV03,416,2053,0.563
Cuba,PWRPV03,416,2054,0.563
Cuba,PWRPV03,416,2055,0.563
Cuba,PWRPV03,417,2019,0.342
Cuba,PWRPV03,417,2020,0.342
Cuba,PWRPV03,417,2021,0.342
Cuba,PWRPV03,417,2022,0.342
Cuba,PWRPV03,417,2023,0.342
Cuba,PWRPV03,417,2024,0.342
Cuba,PWRPV03,417,2025,0.342
Cuba,PWRPV03,417,2026,0.342
Cuba,PWRPV03,417,2027,0.342
Cuba,PWRPV03,417,2028,0.342
Cuba,PWRPV03,417,2029,0.342
Cuba,PWRPV03,417,2030,0.342
Cuba,PWRPV03,417,2031,0.342
Cuba,PWRPV03,417,2032,0.342
Cuba,PWRPV03,417,2033,0.342
Cuba,PWRPV03,417,2034,0.342
Cuba,PWRPV03,417,2035,0.342
Cuba,PWRPV03,417,2036,0.342
Cuba,PWRPV03,417,2037,0.342
Cuba,PWRPV03,417,2038,0.342
Cuba,PWRPV03,417,2039,0.342
Cuba,PWRPV03,417,2040,0.342
Cuba,PWRPV03,417,2041,0.342
Cuba,PWRPV03,417,2042,0.342
Cuba,PWRPV03,417,2043,0.342
Cuba,PWRPV03,417,2044,0.342
Cuba,PWRPV03,417,2045,0.342
Cuba,PWRPV03,417,2046,0.342
Cuba,PWRPV03,417,2047,0.342
Cuba,PWRPV03,417,2048,0.342
Cuba,PWRPV03,417,2049,0.342
Cuba,PWRPV03,417,2050,0.342
Cuba,PWRPV03,417,2051,0.342
Cuba,PWRPV03,417,2052,0.342
Cuba,PWRPV03,417,2053,0.342
Cuba,PWRPV03,417,2054,0.342
Cuba,PWRPV03,417,2055,0.342
Cuba,PWRPV03,418,2019,0.021
Cuba,PWRPV03,418,2020,0.021
Cuba,PWRPV03,418,2021,0.021
Cuba,PWRPV03,418,2022,0.021
Cuba,PWRPV03,418,2023,0.021
Cuba,PWRPV03,418,2024,0.021
Cuba,PWRPV03,418,2025,0.021
Cuba,PWRPV03,418,2026,0.021
Cuba,PWRPV03,418,2027,0.021
Cuba,PWRPV03,418,2028,0.021
Cuba,PWRPV03,418,2029,0.021
Cuba,PWRPV03,418,2030,0.021
Cuba,PWRPV03,418,2031,0.021
Cuba,PWRPV03,418,2032,0.021
Cuba,PWRPV03,418,2033,0.021
Cuba,PWRPV03,418,2034,0.021
Cuba,PWRPV03,418,2035,0.021
Cuba,PWRPV03,418,2036,0.021
Cuba,PWRPV03,418,2037,0.021
Cuba,PWRPV03,418,2038,0.021
Cuba,PWRPV03,418,2039,0.021
Cuba,PWRPV03,418,2040,0.021
Cuba,PWRPV03,418,2041,0.021
Cuba,PWRPV03,418,2042,0.021
Cuba,PWRPV03,418,2043,0.021
Cuba,PWRPV03,418,2044,0.021
Cuba,PWRPV03,418,2045,0.021
Cuba,PWRPV03,418,2046,0.021
Cuba,PWRPV03,418,2047,0.021
Cuba,PWRPV03,418,2048,0.021
Cuba,PWRPV03,418,2049,0.021
Cuba,PWRPV03,418,2050,0.021
Cuba,PWRPV03,418,2051,0.021
Cuba,PWRPV03,418,2052,0.021
Cuba,PWRPV03,418,2053,0.021
Cuba,PWRPV03,418,2054,0.021
Cuba,PWRPV03,418,2055,0.021
Cuba,PWRPV03,421,2019,0.0
Cuba,PWRPV03,421,2020,0.0
Cuba,PWRPV03,421,2021,0.0
Cuba,PWRPV03,421,2022,0.0
Cuba,PWRPV03,421,2023,0.0
Cuba,PWRPV03,421,2024,0.0
Cuba,PWRPV03,421,2025,0.0
Cuba,PWRPV03,421,2026,0.0
Cuba,PWRPV03,421,2027,0.0
Cuba,PWRPV03,421,2028,0.0
Cuba,PWRPV03,421,2029,0.0
Cuba,PWRPV03,421,2030,0.0
Cuba,PWRPV03,421,2031,0.0
Cuba,PWRPV03,421,2032,0.0
Cuba,PWRPV03,421,2033,0.0
Cuba,PWRPV03,421,2034,0.0
Cuba,PWRPV03,421,2035,0.0
Cuba,PWRPV03,421,2036,0.0
Cuba,PWRPV03,421,2037,0.0
Cuba,PWRPV03,421,2038,0.0
Cuba,PWRPV03,421,2039,0.0
Cuba,PWRPV03,421,2040,0.0
Cuba,PWRPV03,421,2041,0.0
Cuba,PWRPV03,421,2042,0.0
Cuba,PWRPV03,421,2043,0.0
Cuba,PWRPV03,421,2044,0.0
Cuba,PWRPV03,421,2045,0.0
Cuba,PWRPV03,421,2046,0.0
Cuba,PWRPV03,421,2047,0.0
Cuba,PWRPV03,421,2048,0.0
Cuba,PWRPV03,421,2049,0.0
Cuba,PWRPV03,421,2050,0.0
Cuba,PWRPV03,421,2051,0.0
Cuba,PWRPV03,421,2052,0.0
Cuba,PWRPV03,421,2053,0.0
Cuba,PWRPV03,421,2054,0.0
Cuba,PWRPV03,421,2055,0.0
Cuba,PWRPV03,422,2019,0.0
Cuba,PWRPV03,422,2020,0.0
Cuba,PWRPV03,422,2021,0.0
Cuba,PWRPV03,422,2022,0.0
Cuba,PWRPV03,422,2023,0.0
Cuba,PWRPV03,422,2024,0.0
Cuba,PWRPV03,422,2025,0.0
Cuba,PWRPV03,422,2026,0.0
Cuba,PWRPV03,422,2027,0.0
Cuba,PWRPV03,422,2028,0.0
Cuba,PWRPV03,422,2029,0.0
Cuba,PWRPV03,422,2030,0.0
Cuba,PWRPV03,422,2031,0.0
Cuba,PWRPV03,422,2032,0.0
Cuba,PWRPV03,422,2033,0.0
Cuba,PWRPV03,422,2034,0.0
Cuba,PWRPV03,422,2035,0.0
Cuba,PWRPV03,422,2036,0.0
Cuba,PWRPV03,422,2037,0.0
Cuba,PWRPV03,422,2038,0.0
Cuba,PWRPV03,422,2039,0.0
Cuba,PWRPV03,422,2040,0.0
Cuba,PWRPV03,422,2041,0.0
Cuba,PWRPV03,422,2042,0.0
Cuba,PWRPV03,422,2043,0.0
Cuba,PWRPV03,422,2044,0.0
Cuba,PWRPV03,422,2045,0.0
Cuba,PWRPV03,422,2046,0.0
Cuba,PWRPV03,422,2047,0.0
Cuba,PWRPV03,422,2048,0.0
Cuba,PWRPV03,422,2049,0.0
Cuba,PWRPV03,422,2050,0.0
Cuba,PWRPV03,422,2051,0.0
Cuba,PWRPV03,422,2052,0.0
Cuba,PWRPV03,422,2053,0.0
Cuba,PWRPV03,422,2054,0.0
Cuba,PWRPV03,422,2055,0.0
Cuba,PWRPV03,423,2019,0.004
Cuba,PWRPV03,423,2020,0.004
Cuba,PWRPV03,423,2021,0.004
Cuba,PWRPV03,423,2022,0.004
Cuba,PWRPV03,423,2023,0.004
Cuba,PWRPV03,423,2024,0.004
Cuba,PWRPV03,423,2025,0.004
Cuba,PWRPV03,423,2026,0.004
Cuba,PWRPV03,423,2027,0.004
Cuba,PWRPV03,423,2028,0.004
Cuba,PWRPV03,423,2029,0.004
Cuba,PWRPV03,423,2030,0.004
Cuba,PWRPV03,423,2031,0.004
Cuba,PWRPV03,423,2032,0.004
Cuba,PWRPV03,423,2033,0.004
Cuba,PWRPV03,423,2034,0.004
Cuba,PWRPV03,423,2035,0.004
Cuba,PWRPV03,423,2036,0.004
Cuba,PWRPV03,423,2037,0.004
Cuba,PWRPV03,423,2038,0.004
Cuba,PWRPV03,423,2039,0.004
Cuba,PWRPV03,423,2040,0.004
Cuba,PWRPV03,423,2041,0.004
Cuba,PWRPV03,423,2042,0.004
Cuba,PWRPV03,423,2043,0.004
Cuba,PWRPV03,423,2044,0.004
Cuba,PWRPV03,423,2045,0.004
Cuba,PWRPV03,423,2046,0.004
Cuba,PWRPV03,423,2047,0.004
Cuba,PWRPV03,423,2048,0.004
Cuba,PWRPV03,423,2049,0.004
Cuba,PWRPV03,423,2050,0.004
Cuba,PWRPV03,423,2051,0.004
Cuba,PWRPV03,423,2052,0.004
Cuba,PWRPV03,423,2053,0.004
Cuba,PWRPV03,423,2054,0.004
Cuba,PWRPV03,423,2055,0.004
Cuba,PWRPV03,424,2019,0.233
Cuba,PWRPV03,424,2020,0.233
Cuba,PWRPV03,424,2021,0.233
Cuba,PWRPV03,424,2022,0.233
Cuba,PWRPV03,424,2023,0.233
Cuba,PWRPV03,424,2024,0.233
Cuba,PWRPV03,424,2025,0.233
Cuba,PWRPV03,424,2026,0.233
Cuba,PWRPV03,424,2027,0.233
Cuba,PWRPV03,424,2028,0.233
Cuba,PWRPV03,424,2029,0.233
Cuba,PWRPV03,424,2030,0.233
Cuba,PWRPV03,424,2031,0.233
Cuba,PWRPV03,424,2032,0.233
Cuba,PWRPV03,424,2033,0.233
Cuba,PWRPV03,424,2034,0.233
Cuba,PWRPV03,424,2035,0.233
Cuba,PWRPV03,424,2036,0.233
Cuba,PWRPV03,424,2037,0.233
Cuba,PWRPV03,424,2038,0.233
Cuba,PWRPV03,424,2039,0.233
Cuba,PWRPV03,424,2040,0.233
Cuba,PWRPV03,424,2041,0.233
Cuba,PWRPV03,424,2042,0.233
Cuba,PWRPV03,424,2043,0.233
Cuba,PWRPV03,424,2044,0.233
Cuba,PWRPV03,424,2045,0.233
Cuba,PWRPV03,424,2046,0.233
Cuba,PWRPV03,424,2047,0.233
Cuba,PWRPV03,424,2048,0.233
Cuba,PWRPV03,424,2049,0.233
Cuba,PWRPV03,424,2050,0.233
Cuba,PWRPV03,424,2051,0.233
Cuba,PWRPV03,424,2052,0.233
Cuba,PWRPV03,424,2053,0.233
Cuba,PWRPV03,424,2054,0.233
Cuba,PWRPV03,424,2055,0.233
Cuba,PWRPV03,425,2019,0.537
Cuba,PWRPV03,425,2020,0.537
Cuba,PWRPV03,425,2021,0.537
Cuba,PWRPV03,425,2022,0.537
Cuba,PWRPV03,425,2023,0.537
Cuba,PWRPV03,425,2024,0.537
Cuba,PWRPV03,425,2025,0.537
Cuba,PWRPV03,425,2026,0.537
Cuba,PWRPV03,425,2027,0.537
Cuba,PWRPV03,425,2028,0.537
Cuba,PWRPV03,425,2029,0.537
Cuba,PWRPV03,425,2030,0.537
Cuba,PWRPV03,425,2031,0.537
Cuba,PWRPV03,425,2032,0.537
Cuba,PWRPV03,425,2033,0.537
Cuba,PWRPV03,425,2034,0.537
Cuba,PWRPV03,425,2035,0.537
Cuba,PWRPV03,425,2036,0.537
Cuba,PWRPV03,425,2037,0.537
Cuba,PWRPV03,425,2038,0.537
Cuba,PWRPV03,425,2039,0.537
Cuba,PWRPV03,425,2040,0.537
Cuba,PWRPV03,425,2041,0.537
Cuba,PWRPV03,425,2042,0.537
Cuba,PWRPV03,425,2043,0.537
Cuba,PWRPV03,425,2044,0.537
Cuba,PWRPV03,425,2045,0.537
Cuba,PWRPV03,425,2046,0.537
Cuba,PWRPV03,425,2047,0.537
Cuba,PWRPV03,425,2048,0.537
Cuba,PWRPV03,425,2049,0.537
Cuba,PWRPV03,425,2050,0.537
Cuba,PWRPV03,425,2051,0.537
Cuba,PWRPV03,425,2052,0.537
Cuba,PWRPV03,425,2053,0.537
Cuba,PWRPV03,425,2054,0.537
Cuba,PWRPV03,425,2055,0.537
Cuba,PWRPV03,426,2019,0.573
Cuba,PWRPV03,426,2020,0.573
Cuba,PWRPV03,426,2021,0.573
Cuba,PWRPV03,426,2022,0.573
Cuba,PWRPV03,426,2023,0.573
Cuba,PWRPV03,426,2024,0.573
Cuba,PWRPV03,426,2025,0.573
Cuba,PWRPV03,426,2026,0.573
Cuba,PWRPV03,426,2027,0.573
Cuba,PWRPV03,426,2028,0.573
Cuba,PWRPV03,426,2029,0.573
Cuba,PWRPV03,426,2030,0.573
Cuba,PWRPV03,426,2031,0.573
Cuba,PWRPV03,426,2032,0.573
Cuba,PWRPV03,426,2033,0.573
Cuba,PWRPV03,426,2034,0.573
Cuba,PWRPV03,426,2035,0.573
Cuba,PWRPV03,426,2036,0.573
Cuba,PWRPV03,426,2037,0.573
Cuba,PWRPV03,426,2038,0.573
Cuba,PWRPV03,426,2039,0.573
Cuba,PWRPV03,426,2040,0.573
Cuba,PWRPV03,426,2041,0.573
Cuba,PWRPV03,426,2042,0.573
Cuba,PWRPV03,426,2043,0.573
Cuba,PWRPV03,426,2044,0.573
Cuba,PWRPV03,426,2045,0.573
Cuba,PWRPV03,426,2046,0.573
Cuba,PWRPV03,426,2047,0.573
Cuba,PWRPV03,426,2048,0.573
Cuba,PWRPV03,426,2049,0.573
Cuba,PWRPV03,426,2050,0.573
Cuba,PWRPV03,426,2051,0.573
Cuba,PWRPV03,426,2052,0.573
Cuba,PWRPV03,426,2053,0.573
Cuba,PWRPV03,426,2054,0.573
Cuba,PWRPV03,426,2055,0.573
Cuba,PWRPV03,427,2019,0.34
Cuba,PWRPV03,427,2020,0.34
Cuba,PWRPV03,427,2021,0.34
Cuba,PWRPV03,427,2022,0.34
Cuba,PWRPV03,427,2023,0.34
Cuba,PWRPV03,427,2024,0.34
Cuba,PWRPV03,427,2025,0.34
Cuba,PWRPV03,427,2026,0.34
Cuba,PWRPV03,427,2027,0.34
Cuba,PWRPV03,427,2028,0.34
Cuba,PWRPV03,427,2029,0.34
Cuba,PWRPV03,427,2030,0.34
Cuba,PWRPV03,427,2031,0.34
Cuba,PWRPV03,427,2032,0.34
Cuba,PWRPV03,427,2033,0.34
Cuba,PWRPV03,427,2034,0.34
Cuba,PWRPV03,427,2035,0.34
Cuba,PWRPV03,427,2036,0.34
Cuba,PWRPV03,427,2037,0.34
Cuba,PWRPV03,427,2038,0.34
Cuba,PWRPV03,427,2039,0.34
Cuba,PWRPV03,427,2040,0.34
Cuba,PWRPV03,427,2041,0.34
Cuba,PWRPV03,427,2042,0.34
Cuba,PWRPV03,427,2043,0.34
Cuba,PWRPV03,427,2044,0.34
Cuba,PWRPV03,427,2045,0.34
Cuba,PWRPV03,427,2046,0.34
Cuba,PWRPV03,427,2047,0.34
Cuba,PWRPV03,427,2048,0.34
Cuba,PWRPV03,427,2049,0.34
Cuba,PWRPV03,427,2050,0.34
Cuba,PWRPV03,427,2051,0.34
Cuba,PWRPV03,427,2052,0.34
Cuba,PWRPV03,427,2053,0.34
Cuba,PWRPV03,427,2054,0.34
Cuba,PWRPV03,427,2055,0.34
Cuba,PWRPV03,428,2019,0.023
Cuba,PWRPV03,428,2020,0.023
Cuba,PWRPV03,428,2021,0.023
Cuba,PWRPV03,428,2022,0.023
Cuba,PWRPV03,428,2023,0.023
Cuba,PWRPV03,428,2024,0.023
Cuba,PWRPV03,428,2025,0.023
Cuba,PWRPV03,428,2026,0.023
Cuba,PWRPV03,428,2027,0.023
Cuba,PWRPV03,428,2028,0.023
Cuba,PWRPV03,428,2029,0.023
Cuba,PWRPV03,428,2030,0.023
Cuba,PWRPV03,428,2031,0.023
Cuba,PWRPV03,428,2032,0.023
Cuba,PWRPV03,428,2033,0.023
Cuba,PWRPV03,428,2034,0.023
Cuba,PWRPV03,428,2035,0.023
Cuba,PWRPV03,428,2036,0.023
Cuba,PWRPV03,428,2037,0.023
Cuba,PWRPV03,428,2038,0.023
Cuba,PWRPV03,428,2039,0.023
Cuba,PWRPV03,428,2040,0.023
Cuba,PWRPV03,428,2041,0.023
Cuba,PWRPV03,428,2042,0.023
Cuba,PWRPV03,428,2043,0.023
Cuba,PWRPV03,428,2044,0.023
Cuba,PWRPV03,428,2045,0.023
Cuba,PWRPV03,428,2046,0.023
Cuba,PWRPV03,428,2047,0.023
Cuba,PWRPV03,428,2048,0.023
Cuba,PWRPV03,428,2049,0.023
Cuba,PWRPV03,428,2050,0.023
Cuba,PWRPV03,428,2051,0.023
Cuba,PWRPV03,428,2052,0.023
Cuba,PWRPV03,428,2053,0.023
Cuba,PWRPV03,428,2054,0.023
Cuba,PWRPV03,428,2055,0.023
Cuba,PWRCSP,111,2019,0.0
Cuba,PWRCSP,111,2020,0.0
Cuba,PWRCSP,111,2021,0.0
Cuba,PWRCSP,111,2022,0.0
Cuba,PWRCSP,111,2023,0.0
Cuba,PWRCSP,111,2024,0.0
Cuba,PWRCSP,111,2025,0.0
Cuba,PWRCSP,111,2026,0.0
Cuba,PWRCSP,111,2027,0.0
Cuba,PWRCSP,111,2028,0.0
Cuba,PWRCSP,111,2029,0.0
Cuba,PWRCSP,111,2030,0.0
Cuba,PWRCSP,111,2031,0.0
Cuba,PWRCSP,111,2032,0.0
Cuba,PWRCSP,111,2033,0.0
Cuba,PWRCSP,111,2034,0.0
Cuba,PWRCSP,111,2035,0.0
Cuba,PWRCSP,111,2036,0.0
Cuba,PWRCSP,111,2037,0.0
Cuba,PWRCSP,111,2038,0.0
Cuba,PWRCSP,111,2039,0.0
Cuba,PWRCSP,111,2040,0.0
Cuba,PWRCSP,111,2041,0.0
Cuba,PWRCSP,111,2042,0.0
Cuba,PWRCSP,111,2043,0.0
Cuba,PWRCSP,111,2044,0.0
Cuba,PWRCSP,111,2045,0.0
Cuba,PWRCSP,111,2046,0.0
Cuba,PWRCSP,111,2047,0.0
Cuba,PWRCSP,111,2048,0.0
Cuba,PWRCSP,111,2049,0.0
Cuba,PWRCSP,111,2050,0.0
Cuba,PWRCSP,111,2051,0.0
Cuba,PWRCSP,111,2052,0.0
Cuba,PWRCSP,111,2053,0.0
Cuba,PWRCSP,111,2054,0.0
Cuba,PWRCSP,111,2055,0.0
Cuba,PWRCSP,112,2019,0.0
Cuba,PWRCSP,112,2020,0.0
Cuba,PWRCSP,112,2021,0.0
Cuba,PWRCSP,112,2022,0.0
Cuba,PWRCSP,112,2023,0.0
Cuba,PWRCSP,112,2024,0.0
Cuba,PWRCSP,112,2025,0.0
Cuba,PWRCSP,112,2026,0.0
Cuba,PWRCSP,112,2027,0.0
Cuba,PWRCSP,112,2028,0.0
Cuba,PWRCSP,112,2029,0.0
Cuba,PWRCSP,112,2030,0.0
Cuba,PWRCSP,112,2031,0.0
Cuba,PWRCSP,112,2032,0.0
Cuba,PWRCSP,112,2033,0.0
Cuba,PWRCSP,112,2034,0.0
Cuba,PWRCSP,112,2035,0.0
Cuba,PWRCSP,112,2036,0.0
Cuba,PWRCSP,112,2037,0.0
Cuba,PWRCSP,112,2038,0.0
Cuba,PWRCSP,112,2039,0.0
Cuba,PWRCSP,112,2040,0.0
Cuba,PWRCSP,112,2041,0.0
Cuba,PWRCSP,112,2042,0.0
Cuba,PWRCSP,112,2043,0.0
Cuba,PWRCSP,112,2044,0.0
Cuba,PWRCSP,112,2045,0.0
Cuba,PWRCSP,112,2046,0.0
Cuba,PWRCSP,112,2047,0.0
Cuba,PWRCSP,112,2048,0.0
Cuba,PWRCSP,112,2049,0.0
Cuba,PWRCSP,112,2050,0.0
Cuba,PWRCSP,112,2051,0.0
Cuba,PWRCSP,112,2052,0.0
Cuba,PWRCSP,112,2053,0.0
Cuba,PWRCSP,112,2054,0.0
Cuba,PWRCSP,112,2055,0.0
Cuba,PWRCSP,113,2019,0.0
Cuba,PWRCSP,113,2020,0.0
Cuba,PWRCSP,113,2021,0.0
Cuba,PWRCSP,113,2022,0.0
Cuba,PWRCSP,113,2023,0.0
Cuba,PWRCSP,113,2024,0.0
Cuba,PWRCSP,113,2025,0.0
Cuba,PWRCSP,113,2026,0.0
Cuba,PWRCSP,113,2027,0.0
Cuba,PWRCSP,113,2028,0.0
Cuba,PWRCSP,113,2029,0.0
Cuba,PWRCSP,113,2030,0.0
Cuba,PWRCSP,113,2031,0.0
Cuba,PWRCSP,113,2032,0.0
Cuba,PWRCSP,113,2033,0.0
Cuba,PWRCSP,113,2034,0.0
Cuba,PWRCSP,113,2035,0.0
Cuba,PWRCSP,113,2036,0.0
Cuba,PWRCSP,113,2037,0.0
Cuba,PWRCSP,113,2038,0.0
Cuba,PWRCSP,113,2039,0.0
Cuba,PWRCSP,113,2040,0.0
Cuba,PWRCSP,113,2041,0.0
Cuba,PWRCSP,113,2042,0.0
Cuba,PWRCSP,113,2043,0.0
Cuba,PWRCSP,113,2044,0.0
Cuba,PWRCSP,113,2045,0.0
Cuba,PWRCSP,113,2046,0.0
Cuba,PWRCSP,113,2047,0.0
Cuba,PWRCSP,113,2048,0.0
Cuba,PWRCSP,113,2049,0.0
Cuba,PWRCSP,113,2050,0.0
Cuba,PWRCSP,113,2051,0.0
Cuba,PWRCSP,113,2052,0.0
Cuba,PWRCSP,113,2053,0.0
Cuba,PWRCSP,113,2054,0.0
Cuba,PWRCSP,113,2055,0.0
Cuba,PWRCSP,114,2019,0.147
Cuba,PWRCSP,114,2020,0.147
Cuba,PWRCSP,114,2021,0.147
Cuba,PWRCSP,114,2022,0.147
Cuba,PWRCSP,114,2023,0.147
Cuba,PWRCSP,114,2024,0.147
Cuba,PWRCSP,114,2025,0.147
Cuba,PWRCSP,114,2026,0.147
Cuba,PWRCSP,114,2027,0.147
Cuba,PWRCSP,114,2028,0.147
Cuba,PWRCSP,114,2029,0.147
Cuba,PWRCSP,114,2030,0.147
Cuba,PWRCSP,114,2031,0.147
Cuba,PWRCSP,114,2032,0.147
Cuba,PWRCSP,114,2033,0.147
Cuba,PWRCSP,114,2034,0.147
Cuba,PWRCSP,114,2035,0.147
Cuba,PWRCSP,114,2036,0.147
Cuba,PWRCSP,114,2037,0.147
Cuba,PWRCSP,114,2038,0.147
Cuba,PWRCSP,114,2039,0.147
Cuba,PWRCSP,114,2040,0.147
Cuba,PWRCSP,114,2041,0.147
Cuba,PWRCSP,114,2042,0.147
Cuba,PWRCSP,114,2043,0.147
Cuba,PWRCSP,114,2044,0.147
Cuba,PWRCSP,114,2045,0.147
Cuba,PWRCSP,114,2046,0.147
Cuba,PWRCSP,114,2047,0.147
Cuba,PWRCSP,114,2048,0.147
Cuba,PWRCSP,114,2049,0.147
Cuba,PWRCSP,114,2050,0.147
Cuba,PWRCSP,114,2051,0.147
Cuba,PWRCSP,114,2052,0.147
Cuba,PWRCSP,114,2053,0.147
Cuba,PWRCSP,114,2054,0.147
Cuba,PWRCSP,114,2055,0.147
Cuba,PWRCSP,115,2019,0.481
Cuba,PWRCSP,115,2020,0.481
Cuba,PWRCSP,115,2021,0.481
Cuba,PWRCSP,115,2022,0.481
Cuba,PWRCSP,115,2023,0.481
Cuba,PWRCSP,115,2024,0.481
Cuba,PWRCSP,115,2025,0.481
Cuba,PWRCSP,115,2026,0.481
Cuba,PWRCSP,115,2027,0.481
Cuba,PWRCSP,115,2028,0.481
Cuba,PWRCSP,115,2029,0.481
Cuba,PWRCSP,115,2030,0.481
Cuba,PWRCSP,115,2031,0.481
Cuba,PWRCSP,115,2032,0.481
Cuba,PWRCSP,115,2033,0.481
Cuba,PWRCSP,115,2034,0.481
Cuba,PWRCSP,115,2035,0.481
Cuba,PWRCSP,115,2036,0.481
Cuba,PWRCSP,115,2037,0.481
Cuba,PWRCSP,115,2038,0.481
Cuba,PWRCSP,115,2039,0.481
Cuba,PWRCSP,115,2040,0.481
Cuba,PWRCSP,115,2041,0.481
Cuba,PWRCSP,115,2042,0.481
Cuba,PWRCSP,115,2043,0.481
Cuba,PWRCSP,115,2044,0.481
Cuba,PWRCSP,115,2045,0.481
Cuba,PWRCSP,115,2046,0.481
Cuba,PWRCSP,115,2047,0.481
Cuba,PWRCSP,115,2048,0.481
Cuba,PWRCSP,115,2049,0.481
Cuba,PWRCSP,115,2050,0.481
Cuba,PWRCSP,115,2051,0.481
Cuba,PWRCSP,115,2052,0.481
Cuba,PWRCSP,115,2053,0.481
Cuba,PWRCSP,115,2054,0.481
Cuba,PWRCSP,115,2055,0.481
Cuba,PWRCSP,116,2019,0.557
Cuba,PWRCSP,116,2020,0.557
Cuba,PWRCSP,116,2021,0.557
Cuba,PWRCSP,116,2022,0.557
Cuba,PWRCSP,116,2023,0.557
Cuba,PWRCSP,116,2024,0.557
Cuba,PWRCSP,116,2025,0.557
Cuba,PWRCSP,116,2026,0.557
Cuba,PWRCSP,116,2027,0.557
Cuba,PWRCSP,116,2028,0.557
Cuba,PWRCSP,116,2029,0.557
Cuba,PWRCSP,116,2030,0.557
Cuba,PWRCSP,116,2031,0.557
Cuba,PWRCSP,116,2032,0.557
Cuba,PWRCSP,116,2033,0.557
Cuba,PWRCSP,116,2034,0.557
Cuba,PWRCSP,116,2035,0.557
Cuba,PWRCSP,116,2036,0.557
Cuba,PWRCSP,116,2037,0.557
Cuba,PWRCSP,116,2038,0.557
Cuba,PWRCSP,116,2039,0.557
Cuba,PWRCSP,116,2040,0.557
Cuba,PWRCSP,116,2041,0.557
Cuba,PWRCSP,116,2042,0.557
Cuba,PWRCSP,116,2043,0.557
Cuba,PWRCSP,116,2044,0.557
Cuba,PWRCSP,116,2045,0.557
Cuba,PWRCSP,116,2046,0.557
Cuba,PWRCSP,116,2047,0.557
Cuba,PWRCSP,116,2048,0.557
Cuba,PWRCSP,116,2049,0.557
Cuba,PWRCSP,116,2050,0.557
Cuba,PWRCSP,116,2051,0.557
Cuba,PWRCSP,116,2052,0.557
Cuba,PWRCSP,116,2053,0.557
Cuba,PWRCSP,116,2054,0.557
Cuba,PWRCSP,116,2055,0.557
Cuba,PWRCSP,117,2019,0.4
Cuba,PWRCSP,117,2020,0.4
Cuba,PWRCSP,117,2021,0.4
Cuba,PWRCSP,117,2022,0.4
Cuba,PWRCSP,117,2023,0.4
Cuba,PWRCSP,117,2024,0.4
Cuba,PWRCSP,117,2025,0.4
Cuba,PWRCSP,117,2026,0.4
Cuba,PWRCSP,117,2027,0.4
Cuba,PWRCSP,117,2028,0.4
Cuba,PWRCSP,117,2029,0.4
Cuba,PWRCSP,117,2030,0.4
Cuba,PWRCSP,117,2031,0.4
Cuba,PWRCSP,117,2032,0.4
Cuba,PWRCSP,117,2033,0.4
Cuba,PWRCSP,117,2034,0.4
Cuba,PWRCSP,117,2035,0.4
Cuba,PWRCSP,117,2036,0.4
Cuba,PWRCSP,117,2037,0.4
Cuba,PWRCSP,117,2038,0.4
Cuba,PWRCSP,117,2039,0.4
Cuba,PWRCSP,117,2040,0.4
Cuba,PWRCSP,117,2041,0.4
Cuba,PWRCSP,117,2042,0.4
Cuba,PWRCSP,117,2043,0.4
Cuba,PWRCSP,117,2044,0.4
Cuba,PWRCSP,117,2045,0.4
Cuba,PWRCSP,117,2046,0.4
Cuba,PWRCSP,117,2047,0.4
Cuba,PWRCSP,117,2048,0.4
Cuba,PWRCSP,117,2049,0.4
Cuba,PWRCSP,117,2050,0.4
Cuba,PWRCSP,117,2051,0.4
Cuba,PWRCSP,117,2052,0.4
Cuba,PWRCSP,117,2053,0.4
Cuba,PWRCSP,117,2054,0.4
Cuba,PWRCSP,117,2055,0.4
Cuba,PWRCSP,118,2019,0.003
Cuba,PWRCSP,118,2020,0.003
Cuba,PWRCSP,118,2021,0.003
Cuba,PWRCSP,118,2022,0.003
Cuba,PWRCSP,118,2023,0.003
Cuba,PWRCSP,118,2024,0.003
Cuba,PWRCSP,118,2025,0.003
Cuba,PWRCSP,118,2026,0.003
Cuba,PWRCSP,118,2027,0.003
Cuba,PWRCSP,118,2028,0.003
Cuba,PWRCSP,118,2029,0.003
Cuba,PWRCSP,118,2030,0.003
Cuba,PWRCSP,118,2031,0.003
Cuba,PWRCSP,118,2032,0.003
Cuba,PWRCSP,118,2033,0.003
Cuba,PWRCSP,118,2034,0.003
Cuba,PWRCSP,118,2035,0.003
Cuba,PWRCSP,118,2036,0.003
Cuba,PWRCSP,118,2037,0.003
Cuba,PWRCSP,118,2038,0.003
Cuba,PWRCSP,118,2039,0.003
Cuba,PWRCSP,118,2040,0.003
Cuba,PWRCSP,118,2041,0.003
Cuba,PWRCSP,118,2042,0.003
Cuba,PWRCSP,118,2043,0.003
Cuba,PWRCSP,118,2044,0.003
Cuba,PWRCSP,118,2045,0.003
Cuba,PWRCSP,118,2046,0.003
Cuba,PWRCSP,118,2047,0.003
Cuba,PWRCSP,118,2048,0.003
Cuba,PWRCSP,118,2049,0.003
Cuba,PWRCSP,118,2050,0.003
Cuba,PWRCSP,118,2051,0.003
Cuba,PWRCSP,118,2052,0.003
Cuba,PWRCSP,118,2053,0.003
Cuba,PWRCSP,118,2054,0.003
Cuba,PWRCSP,118,2055,0.003
Cuba,PWRCSP,121,2019,0.0
Cuba,PWRCSP,121,2020,0.0
Cuba,PWRCSP,121,2021,0.0
Cuba,PWRCSP,121,2022,0.0
Cuba,PWRCSP,121,2023,0.0
Cuba,PWRCSP,121,2024,0.0
Cuba,PWRCSP,121,2025,0.0
Cuba,PWRCSP,121,2026,0.0
Cuba,PWRCSP,121,2027,0.0
Cuba,PWRCSP,121,2028,0.0
Cuba,PWRCSP,121,2029,0.0
Cuba,PWRCSP,121,2030,0.0
Cuba,PWRCSP,121,2031,0.0
Cuba,PWRCSP,121,2032,0.0
Cuba,PWRCSP,121,2033,0.0
Cuba,PWRCSP,121,2034,0.0
Cuba,PWRCSP,121,2035,0.0
Cuba,PWRCSP,121,2036,0.0
Cuba,PWRCSP,121,2037,0.0
Cuba,PWRCSP,121,2038,0.0
Cuba,PWRCSP,121,2039,0.0
Cuba,PWRCSP,121,2040,0.0
Cuba,PWRCSP,121,2041,0.0
Cuba,PWRCSP,121,2042,0.0
Cuba,PWRCSP,121,2043,0.0
Cuba,PWRCSP,121,2044,0.0
Cuba,PWRCSP,121,2045,0.0
Cuba,PWRCSP,121,2046,0.0
Cuba,PWRCSP,121,2047,0.0
Cuba,PWRCSP,121,2048,0.0
Cuba,PWRCSP,121,2049,0.0
Cuba,PWRCSP,121,2050,0.0
Cuba,PWRCSP,121,2051,0.0
Cuba,PWRCSP,121,2052,0.0
Cuba,PWRCSP,121,2053,0.0
Cuba,PWRCSP,121,2054,0.0
Cuba,PWRCSP,121,2055,0.0
Cuba,PWRCSP,122,2019,0.0
Cuba,PWRCSP,122,2020,0.0
Cuba,PWRCSP,122,2021,0.0
Cuba,PWRCSP,122,2022,0.0
Cuba,PWRCSP,122,2023,0.0
Cuba,PWRCSP,122,2024,0.0
Cuba,PWRCSP,122,2025,0.0
Cuba,PWRCSP,122,2026,0.0
Cuba,PWRCSP,122,2027,0.0
Cuba,PWRCSP,122,2028,0.0
Cuba,PWRCSP,122,2029,0.0
Cuba,PWRCSP,122,2030,0.0
Cuba,PWRCSP,122,2031,0.0
Cuba,PWRCSP,122,2032,0.0
Cuba,PWRCSP,122,2033,0.0
Cuba,PWRCSP,122,2034,0.0
Cuba,PWRCSP,122,2035,0.0
Cuba,PWRCSP,122,2036,0.0
Cuba,PWRCSP,122,2037,0.0
Cuba,PWRCSP,122,2038,0.0
Cuba,PWRCSP,122,2039,0.0
Cuba,PWRCSP,122,2040,0.0
Cuba,PWRCSP,122,2041,0.0
Cuba,PWRCSP,122,2042,0.0
Cuba,PWRCSP,122,2043,0.0
Cuba,PWRCSP,122,2044,0.0
Cuba,PWRCSP,122,2045,0.0
Cuba,PWRCSP,122,2046,0.0
Cuba,PWRCSP,122,2047,0.0
Cuba,PWRCSP,122,2048,0.0
Cuba,PWRCSP,122,2049,0.0
Cuba,PWRCSP,122,2050,0.0
Cuba,PWRCSP,122,2051,0.0
Cuba,PWRCSP,122,2052,0.0
Cuba,PWRCSP,122,2053,0.0
Cuba,PWRCSP,122,2054,0.0
Cuba,PWRCSP,122,2055,0.0
Cuba,PWRCSP,123,2019,0.0
Cuba,PWRCSP,123,2020,0.0
Cuba,PWRCSP,123,2021,0.0
Cuba,PWRCSP,123,2022,0.0
Cuba,PWRCSP,123,2023,0.0
Cuba,PWRCSP,123,2024,0.0
Cuba,PWRCSP,123,2025,0.0
Cuba,PWRCSP,123,2026,0.0
Cuba,PWRCSP,123,2027,0.0
Cuba,PWRCSP,123,2028,0.0
Cuba,PWRCSP,123,2029,0.0
Cuba,PWRCSP,123,2030,0.0
Cuba,PWRCSP,123,2031,0.0
Cuba,PWRCSP,123,2032,0.0
Cuba,PWRCSP,123,2033,0.0
Cuba,PWRCSP,123,2034,0.0
Cuba,PWRCSP,123,2035,0.0
Cuba,PWRCSP,123,2036,0.0
Cuba,PWRCSP,123,2037,0.0
Cuba,PWRCSP,123,2038,0.0
Cuba,PWRCSP,123,2039,0.0
Cuba,PWRCSP,123,2040,0.0
Cuba,PWRCSP,123,2041,0.0
Cuba,PWRCSP,123,2042,0.0
Cuba,PWRCSP,123,2043,0.0
Cuba,PWRCSP,123,2044,0.0
Cuba,PWRCSP,123,2045,0.0
Cuba,PWRCSP,123,2046,0.0
Cuba,PWRCSP,123,2047,0.0
Cuba,PWRCSP,123,2048,0.0
Cuba,PWRCSP,123,2049,0.0
Cuba,PWRCSP,123,2050,0.0
Cuba,PWRCSP,123,2051,0.0
Cuba,PWRCSP,123,2052,0.0
Cuba,PWRCSP,123,2053,0.0
Cuba,PWRCSP,123,2054,0.0
Cuba,PWRCSP,123,2055,0.0
Cuba,PWRCSP,124,2019,0.145
Cuba,PWRCSP,124,2020,0.145
Cuba,PWRCSP,124,2021,0.145
Cuba,PWRCSP,124,2022,0.145
Cuba,PWRCSP,124,2023,0.145
Cuba,PWRCSP,124,2024,0.145
Cuba,PWRCSP,124,2025,0.145
Cuba,PWRCSP,124,2026,0.145
Cuba,PWRCSP,124,2027,0.145
Cuba,PWRCSP,124,2028,0.145
Cuba,PWRCSP,124,2029,0.145
Cuba,PWRCSP,124,2030,0.145
Cuba,PWRCSP,124,2031,0.145
Cuba,PWRCSP,124,2032,0.145
Cuba,PWRCSP,124,2033,0.145
Cuba,PWRCSP,124,2034,0.145
Cuba,PWRCSP,124,2035,0.145
Cuba,PWRCSP,124,2036,0.145
Cuba,PWRCSP,124,2037,0.145
Cuba,PWRCSP,124,2038,0.145
Cuba,PWRCSP,124,2039,0.145
Cuba,PWRCSP,124,2040,0.145
Cuba,PWRCSP,124,2041,0.145
Cuba,PWRCSP,124,2042,0.145
Cuba,PWRCSP,124,2043,0.145
Cuba,PWRCSP,124,2044,0.145
Cuba,PWRCSP,124,2045,0.145
Cuba,PWRCSP,124,2046,0.145
Cuba,PWRCSP,124,2047,0.145
Cuba,PWRCSP,124,2048,0.145
Cuba,PWRCSP,124,2049,0.145
Cuba,PWRCSP,124,2050,0.145
Cuba,PWRCSP,124,2051,0.145
Cuba,PWRCSP,124,2052,0.145
Cuba,PWRCSP,124,2053,0.145
Cuba,PWRCSP,124,2054,0.145
Cuba,PWRCSP,124,2055,0.145
Cuba,PWRCSP,125,2019,0.484
Cuba,PWRCSP,125,2020,0.484
Cuba,PWRCSP,125,2021,0.484
Cuba,PWRCSP,125,2022,0.484
Cuba,PWRCSP,125,2023,0.484
Cuba,PWRCSP,125,2024,0.484
Cuba,PWRCSP,125,2025,0.484
Cuba,PWRCSP,125,2026,0.484
Cuba,PWRCSP,125,2027,0.484
Cuba,PWRCSP,125,2028,0.484
Cuba,PWRCSP,125,2029,0.484
Cuba,PWRCSP,125,2030,0.484
Cuba,PWRCSP,125,2031,0.484
Cuba,PWRCSP,125,2032,0.484
Cuba,PWRCSP,125,2033,0.484
Cuba,PWRCSP,125,2034,0.484
Cuba,PWRCSP,125,2035,0.484
Cuba,PWRCSP,125,2036,0.484
Cuba,PWRCSP,125,2037,0.484
Cuba,PWRCSP,125,2038,0.484
Cuba,PWRCSP,125,2039,0.484
Cuba,PWRCSP,125,2040,0.484
Cuba,PWRCSP,125,2041,0.484
Cuba,PWRCSP,125,2042,0.484
Cuba,PWRCSP,125,2043,0.484
Cuba,PWRCSP,125,2044,0.484
Cuba,PWRCSP,125,2045,0.484
Cuba,PWRCSP,125,2046,0.484
Cuba,PWRCSP,125,2047,0.484
Cuba,PWRCSP,125,2048,0.484
Cuba,PWRCSP,125,2049,0.484
Cuba,PWRCSP,125,2050,0.484
Cuba,PWRCSP,125,2051,0.484
Cuba,PWRCSP,125,2052,0.484
Cuba,PWRCSP,125,2053,0.484
Cuba,PWRCSP,125,2054,0.484
Cuba,PWRCSP,125,2055,0.484
Cuba,PWRCSP,126,2019,0.578
Cuba,PWRCSP,126,2020,0.578
Cuba,PWRCSP,126,2021,0.578
Cuba,PWRCSP,126,2022,0.578
Cuba,PWRCSP,126,2023,0.578
Cuba,PWRCSP,126,2024,0.578
Cuba,PWRCSP,126,2025,0.578
Cuba,PWRCSP,126,2026,0.578
Cuba,PWRCSP,126,2027,0.578
Cuba,PWRCSP,126,2028,0.578
Cuba,PWRCSP,126,2029,0.578
Cuba,PWRCSP,126,2030,0.578
Cuba,PWRCSP,126,2031,0.578
Cuba,PWRCSP,126,2032,0.578
Cuba,PWRCSP,126,2033,0.578
Cuba,PWRCSP,126,2034,0.578
Cuba,PWRCSP,126,2035,0.578
Cuba,PWRCSP,126,2036,0.578
Cuba,PWRCSP,126,2037,0.578
Cuba,PWRCSP,126,2038,0.578
Cuba,PWRCSP,126,2039,0.578
Cuba,PWRCSP,126,2040,0.578
Cuba,PWRCSP,126,2041,0.578
Cuba,PWRCSP,126,2042,0.578
Cuba,PWRCSP,126,2043,0.578
Cuba,PWRCSP,126,2044,0.578
Cuba,PWRCSP,126,2045,0.578
Cuba,PWRCSP,126,2046,0.578
Cuba,PWRCSP,126,2047,0.578
Cuba,PWRCSP,126,2048,0.578
Cuba,PWRCSP,126,2049,0.578
Cuba,PWRCSP,126,2050,0.578
Cuba,PWRCSP,126,2051,0.578
Cuba,PWRCSP,126,2052,0.578
Cuba,PWRCSP,126,2053,0.578
Cuba,PWRCSP,126,2054,0.578
Cuba,PWRCSP,126,2055,0.578
Cuba,PWRCSP,127,2019,0.409
Cuba,PWRCSP,127,2020,0.409
Cuba,PWRCSP,127,2021,0.409
Cuba,PWRCSP,127,2022,0.409
Cuba,PWRCSP,127,2023,0.409
Cuba,PWRCSP,127,2024,0.409
Cuba,PWRCSP,127,2025,0.409
Cuba,PWRCSP,127,2026,0.409
Cuba,PWRCSP,127,2027,0.409
Cuba,PWRCSP,127,2028,0.409
Cuba,PWRCSP,127,2029,0.409
Cuba,PWRCSP,127,2030,0.409
Cuba,PWRCSP,127,2031,0.409
Cuba,PWRCSP,127,2032,0.409
Cuba,PWRCSP,127,2033,0.409
Cuba,PWRCSP,127,2034,0.409
Cuba,PWRCSP,127,2035,0.409
Cuba,PWRCSP,127,2036,0.409
Cuba,PWRCSP,127,2037,0.409
Cuba,PWRCSP,127,2038,0.409
Cuba,PWRCSP,127,2039,0.409
Cuba,PWRCSP,127,2040,0.409
Cuba,PWRCSP,127,2041,0.409
Cuba,PWRCSP,127,2042,0.409
Cuba,PWRCSP,127,2043,0.409
Cuba,PWRCSP,127,2044,0.409
Cuba,PWRCSP,127,2045,0.409
Cuba,PWRCSP,127,2046,0.409
Cuba,PWRCSP,127,2047,0.409
Cuba,PWRCSP,127,2048,0.409
Cuba,PWRCSP,127,2049,0.409
Cuba,PWRCSP,127,2050,0.409
Cuba,PWRCSP,127,2051,0.409
Cuba,PWRCSP,127,2052,0.409
Cuba,PWRCSP,127,2053,0.409
Cuba,PWRCSP,127,2054,0.409
Cuba,PWRCSP,127,2055,0.409
Cuba,PWRCSP,128,2019,0.007
Cuba,PWRCSP,128,2020,0.007
Cuba,PWRCSP,128,2021,0.007
Cuba,PWRCSP,128,2022,0.007
Cuba,PWRCSP,128,2023,0.007
Cuba,PWRCSP,128,2024,0.007
Cuba,PWRCSP,128,2025,0.007
Cuba,PWRCSP,128,2026,0.007
Cuba,PWRCSP,128,2027,0.007
Cuba,PWRCSP,128,2028,0.007
Cuba,PWRCSP,128,2029,0.007
Cuba,PWRCSP,128,2030,0.007
Cuba,PWRCSP,128,2031,0.007
Cuba,PWRCSP,128,2032,0.007
Cuba,PWRCSP,128,2033,0.007
Cuba,PWRCSP,128,2034,0.007
Cuba,PWRCSP,128,2035,0.007
Cuba,PWRCSP,128,2036,0.007
Cuba,PWRCSP,128,2037,0.007
Cuba,PWRCSP,128,2038,0.007
Cuba,PWRCSP,128,2039,0.007
Cuba,PWRCSP,128,2040,0.007
Cuba,PWRCSP,128,2041,0.007
Cuba,PWRCSP,128,2042,0.007
Cuba,PWRCSP,128,2043,0.007
Cuba,PWRCSP,128,2044,0.007
Cuba,PWRCSP,128,2045,0.007
Cuba,PWRCSP,128,2046,0.007
Cuba,PWRCSP,128,2047,0.007
Cuba,PWRCSP,128,2048,0.007
Cuba,PWRCSP,128,2049,0.007
Cuba,PWRCSP,128,2050,0.007
Cuba,PWRCSP,128,2051,0.007
Cuba,PWRCSP,128,2052,0.007
Cuba,PWRCSP,128,2053,0.007
Cuba,PWRCSP,128,2054,0.007
Cuba,PWRCSP,128,2055,0.007
Cuba,PWRCSP,211,2019,0.0
Cuba,PWRCSP,211,2020,0.0
Cuba,PWRCSP,211,2021,0.0
Cuba,PWRCSP,211,2022,0.0
Cuba,PWRCSP,211,2023,0.0
Cuba,PWRCSP,211,2024,0.0
Cuba,PWRCSP,211,2025,0.0
Cuba,PWRCSP,211,2026,0.0
Cuba,PWRCSP,211,2027,0.0
Cuba,PWRCSP,211,2028,0.0
Cuba,PWRCSP,211,2029,0.0
Cuba,PWRCSP,211,2030,0.0
Cuba,PWRCSP,211,2031,0.0
Cuba,PWRCSP,211,2032,0.0
Cuba,PWRCSP,211,2033,0.0
Cuba,PWRCSP,211,2034,0.0
Cuba,PWRCSP,211,2035,0.0
Cuba,PWRCSP,211,2036,0.0
Cuba,PWRCSP,211,2037,0.0
Cuba,PWRCSP,211,2038,0.0
Cuba,PWRCSP,211,2039,0.0
Cuba,PWRCSP,211,2040,0.0
Cuba,PWRCSP,211,2041,0.0
Cuba,PWRCSP,211,2042,0.0
Cuba,PWRCSP,211,2043,0.0
Cuba,PWRCSP,211,2044,0.0
Cuba,PWRCSP,211,2045,0.0
Cuba,PWRCSP,211,2046,0.0
Cuba,PWRCSP,211,2047,0.0
Cuba,PWRCSP,211,2048,0.0
Cuba,PWRCSP,211,2049,0.0
Cuba,PWRCSP,211,2050,0.0
Cuba,PWRCSP,211,2051,0.0
Cuba,PWRCSP,211,2052,0.0
Cuba,PWRCSP,211,2053,0.0
Cuba,PWRCSP,211,2054,0.0
Cuba,PWRCSP,211,2055,0.0
Cuba,PWRCSP,212,2019,0.0
Cuba,PWRCSP,212,2020,0.0
Cuba,PWRCSP,212,2021,0.0
Cuba,PWRCSP,212,2022,0.0
Cuba,PWRCSP,212,2023,0.0
Cuba,PWRCSP,212,2024,0.0
Cuba,PWRCSP,212,2025,0.0
Cuba,PWRCSP,212,2026,0.0
Cuba,PWRCSP,212,2027,0.0
Cuba,PWRCSP,212,2028,0.0
Cuba,PWRCSP,212,2029,0.0
Cuba,PWRCSP,212,2030,0.0
Cuba,PWRCSP,212,2031,0.0
Cuba,PWRCSP,212,2032,0.0
Cuba,PWRCSP,212,2033,0.0
Cuba,PWRCSP,212,2034,0.0
Cuba,PWRCSP,212,2035,0.0
Cuba,PWRCSP,212,2036,0.0
Cuba,PWRCSP,212,2037,0.0
Cuba,PWRCSP,212,2038,0.0
Cuba,PWRCSP,212,2039,0.0
Cuba,PWRCSP,212,2040,0.0
Cuba,PWRCSP,212,2041,0.0
Cuba,PWRCSP,212,2042,0.0
Cuba,PWRCSP,212,2043,0.0
Cuba,PWRCSP,212,2044,0.0
Cuba,PWRCSP,212,2045,0.0
Cuba,PWRCSP,212,2046,0.0
Cuba,PWRCSP,212,2047,0.0
Cuba,PWRCSP,212,2048,0.0
Cuba,PWRCSP,212,2049,0.0
Cuba,PWRCSP,212,2050,0.0
Cuba,PWRCSP,212,2051,0.0
Cuba,PWRCSP,212,2052,0.0
Cuba,PWRCSP,212,2053,0.0
Cuba,PWRCSP,212,2054,0.0
Cuba,PWRCSP,212,2055,0.0
Cuba,PWRCSP,213,2019,0.011
Cuba,PWRCSP,213,2020,0.011
Cuba,PWRCSP,213,2021,0.011
Cuba,PWRCSP,213,2022,0.011
Cuba,PWRCSP,213,2023,0.011
Cuba,PWRCSP,213,2024,0.011
Cuba,PWRCSP,213,2025,0.011
Cuba,PWRCSP,213,2026,0.011
Cuba,PWRCSP,213,2027,0.011
Cuba,PWRCSP,213,2028,0.011
Cuba,PWRCSP,213,2029,0.011
Cuba,PWRCSP,213,2030,0.011
Cuba,PWRCSP,213,2031,0.011
Cuba,PWRCSP,213,2032,0.011
Cuba,PWRCSP,213,2033,0.011
Cuba,PWRCSP,213,2034,0.011
Cuba,PWRCSP,213,2035,0.011
Cuba,PWRCSP,213,2036,0.011
Cuba,PWRCSP,213,2037,0.011
Cuba,PWRCSP,213,2038,0.011
Cuba,PWRCSP,213,2039,0.011
Cuba,PWRCSP,213,2040,0.011
Cuba,PWRCSP,213,2041,0.011
Cuba,PWRCSP,213,2042,0.011
Cuba,PWRCSP,213,2043,0.011
Cuba,PWRCSP,213,2044,0.011
Cuba,PWRCSP,213,2045,0.011
Cuba,PWRCSP,213,2046,0.011
Cuba,PWRCSP,213,2047,0.011
Cuba,PWRCSP,213,2048,0.011
Cuba,PWRCSP,213,2049,0.011
Cuba,PWRCSP,213,2050,0.011
Cuba,PWRCSP,213,2051,0.011
Cuba,PWRCSP,213,2052,0.011
Cuba,PWRCSP,213,2053,0.011
Cuba,PWRCSP,213,2054,0.011
Cuba,PWRCSP,213,2055,0.011
Cuba,PWRCSP,214,2019,0.263
Cuba,PWRCSP,214,2020,0.263
Cuba,PWRCSP,214,2021,0.263
Cuba,PWRCSP,214,2022,0.263
Cuba,PWRCSP,214,2023,0.263
Cuba,PWRCSP,214,2024,0.263
Cuba,PWRCSP,214,2025,0.263
Cuba,PWRCSP,214,2026,0.263
Cuba,PWRCSP,214,2027,0.263
Cuba,PWRCSP,214,2028,0.263
Cuba,PWRCSP,214,2029,0.263
Cuba,PWRCSP,214,2030,0.263
Cuba,PWRCSP,214,2031,0.263
Cuba,PWRCSP,214,2032,0.263
Cuba,PWRCSP,214,2033,0.263
Cuba,PWRCSP,214,2034,0.263
Cuba,PWRCSP,214,2035,0.263
Cuba,PWRCSP,214,2036,0.263
Cuba,PWRCSP,214,2037,0.263
Cuba,PWRCSP,214,2038,0.263
Cuba,PWRCSP,214,2039,0.263
Cuba,PWRCSP,214,2040,0.263
Cuba,PWRCSP,214,2041,0.263
Cuba,PWRCSP,214,2042,0.263
Cuba,PWRCSP,214,2043,0.263
Cuba,PWRCSP,214,2044,0.263
Cuba,PWRCSP,214,2045,0.263
Cuba,PWRCSP,214,2046,0.263
Cuba,PWRCSP,214,2047,0.263
Cuba,PWRCSP,214,2048,0.263
Cuba,PWRCSP,214,2049,0.263
Cuba,PWRCSP,214,2050,0.263
Cuba,PWRCSP,214,2051,0.263
Cuba,PWRCSP,214,2052,0.263
Cuba,PWRCSP,214,2053,0.263
Cuba,PWRCSP,214,2054,0.263
Cuba,PWRCSP,214,2055,0.263
Cuba,PWRCSP,215,2019,0.549
Cuba,PWRCSP,215,2020,0.549
Cuba,PWRCSP,215,2021,0.549
Cuba,PWRCSP,215,2022,0.549
Cuba,PWRCSP,215,2023,0.549
Cuba,PWRCSP,215,2024,0.549
Cuba,PWRCSP,215,2025,0.549
Cuba,PWRCSP,215,2026,0.549
Cuba,PWRCSP,215,2027,0.549
Cuba,PWRCSP,215,2028,0.549
Cuba,PWRCSP,215,2029,0.549
Cuba,PWRCSP,215,2030,0.549
Cuba,PWRCSP,215,2031,0.549
Cuba,PWRCSP,215,2032,0.549
Cuba,PWRCSP,215,2033,0.549
Cuba,PWRCSP,215,2034,0.549
Cuba,PWRCSP,215,2035,0.549
Cuba,PWRCSP,215,2036,0.549
Cuba,PWRCSP,215,2037,0.549
Cuba,PWRCSP,215,2038,0.549
Cuba,PWRCSP,215,2039,0.549
Cuba,PWRCSP,215,2040,0.549
Cuba,PWRCSP,215,2041,0.549
Cuba,PWRCSP,215,2042,0.549
Cuba,PWRCSP,215,2043,0.549
Cuba,PWRCSP,215,2044,0.549
Cuba,PWRCSP,215,2045,0.549
Cuba,PWRCSP,215,2046,0.549
Cuba,PWRCSP,215,2047,0.549
Cuba,PWRCSP,215,2048,0.549
Cuba,PWRCSP,215,2049,0.549
Cuba,PWRCSP,215,2050,0.549
Cuba,PWRCSP,215,2051,0.549
Cuba,PWRCSP,215,2052,0.549
Cuba,PWRCSP,215,2053,0.549
Cuba,PWRCSP,215,2054,0.549
Cuba,PWRCSP,215,2055,0.549
Cuba,PWRCSP,216,2019,0.576
Cuba,PWRCSP,216,2020,0.576
Cuba,PWRCSP,216,2021,0.576
Cuba,PWRCSP,216,2022,0.576
Cuba,PWRCSP,216,2023,0.576
Cuba,PWRCSP,216,2024,0.576
Cuba,PWRCSP,216,2025,0.576
Cuba,PWRCSP,216,2026,0.576
Cuba,PWRCSP,216,2027,0.576
Cuba,PWRCSP,216,2028,0.576
Cuba,PWRCSP,216,2029,0.576
Cuba,PWRCSP,216,2030,0.576
Cuba,PWRCSP,216,2031,0.576
Cuba,PWRCSP,216,2032,0.576
Cuba,PWRCSP,216,2033,0.576
Cuba,PWRCSP,216,2034,0.576
Cuba,PWRCSP,216,2035,0.576
Cuba,PWRCSP,216,2036,0.576
Cuba,PWRCSP,216,2037,0.576
Cuba,PWRCSP,216,2038,0.576
Cuba,PWRCSP,216,2039,0.576
Cuba,PWRCSP,216,2040,0.576
Cuba,PWRCSP,216,2041,0.576
Cuba,PWRCSP,216,2042,0.576
Cuba,PWRCSP,216,2043,0.576
Cuba,PWRCSP,216,2044,0.576
Cuba,PWRCSP,216,2045,0.576
Cuba,PWRCSP,216,2046,0.576
Cuba,PWRCSP,216,2047,0.576
Cuba,PWRCSP,216,2048,0.576
Cuba,PWRCSP,216,2049,0.576
Cuba,PWRCSP,216,2050,0.576
Cuba,PWRCSP,216,2051,0.576
Cuba,PWRCSP,216,2052,0.576
Cuba,PWRCSP,216,2053,0.576
Cuba,PWRCSP,216,2054,0.576
Cuba,PWRCSP,216,2055,0.576
Cuba,PWRCSP,217,2019,0.356
Cuba,PWRCSP,217,2020,0.356
Cuba,PWRCSP,217,2021,0.356
Cuba,PWRCSP,217,2022,0.356
Cuba,PWRCSP,217,2023,0.356
Cuba,PWRCSP,217,2024,0.356
Cuba,PWRCSP,217,2025,0.356
Cuba,PWRCSP,217,2026,0.356
Cuba,PWRCSP,217,2027,0.356
Cuba,PWRCSP,217,2028,0.356
Cuba,PWRCSP,217,2029,0.356
Cuba,PWRCSP,217,2030,0.356
Cuba,PWRCSP,217,2031,0.356
Cuba,PWRCSP,217,2032,0.356
Cuba,PWRCSP,217,2033,0.356
Cuba,PWRCSP,217,2034,0.356
Cuba,PWRCSP,217,2035,0.356
Cuba,PWRCSP,217,2036,0.356
Cuba,PWRCSP,217,2037,0.356
Cuba,PWRCSP,217,2038,0.356
Cuba,PWRCSP,217,2039,0.356
Cuba,PWRCSP,217,2040,0.356
Cuba,PWRCSP,217,2041,0.356
Cuba,PWRCSP,217,2042,0.356
Cuba,PWRCSP,217,2043,0.356
Cuba,PWRCSP,217,2044,0.356
Cuba,PWRCSP,217,2045,0.356
Cuba,PWRCSP,217,2046,0.356
Cuba,PWRCSP,217,2047,0.356
Cuba,PWRCSP,217,2048,0.356
Cuba,PWRCSP,217,2049,0.356
Cuba,PWRCSP,217,2050,0.356
Cuba,PWRCSP,217,2051,0.356
Cuba,PWRCSP,217,2052,0.356
Cuba,PWRCSP,217,2053,0.356
Cuba,PWRCSP,217,2054,0.356
Cuba,PWRCSP,217,2055,0.356
Cuba,PWRCSP,218,2019,0.05
Cuba,PWRCSP,218,2020,0.05
Cuba,PWRCSP,218,2021,0.05
Cuba,PWRCSP,218,2022,0.05
Cuba,PWRCSP,218,2023,0.05
Cuba,PWRCSP,218,2024,0.05
Cuba,PWRCSP,218,2025,0.05
Cuba,PWRCSP,218,2026,0.05
Cuba,PWRCSP,218,2027,0.05
Cuba,PWRCSP,218,2028,0.05
Cuba,PWRCSP,218,2029,0.05
Cuba,PWRCSP,218,2030,0.05
Cuba,PWRCSP,218,2031,0.05
Cuba,PWRCSP,218,2032,0.05
Cuba,PWRCSP,218,2033,0.05
Cuba,PWRCSP,218,2034,0.05
Cuba,PWRCSP,218,2035,0.05
Cuba,PWRCSP,218,2036,0.05
Cuba,PWRCSP,218,2037,0.05
Cuba,PWRCSP,218,2038,0.05
Cuba,PWRCSP,218,2039,0.05
Cuba,PWRCSP,218,2040,0.05
Cuba,PWRCSP,218,2041,0.05
Cuba,PWRCSP,218,2042,0.05
Cuba,PWRCSP,218,2043,0.05
Cuba,PWRCSP,218,2044,0.05
Cuba,PWRCSP,218,2045,0.05
Cuba,PWRCSP,218,2046,0.05
Cuba,PWRCSP,218,2047,0.05
Cuba,PWRCSP,218,2048,0.05
Cuba,PWRCSP,218,2049,0.05
Cuba,PWRCSP,218,2050,0.05
Cuba,PWRCSP,218,2051,0.05
Cuba,PWRCSP,218,2052,0.05
Cuba,PWRCSP,218,2053,0.05
Cuba,PWRCSP,218,2054,0.05
Cuba,PWRCSP,218,2055,0.05
Cuba,PWRCSP,221,2019,0.0
Cuba,PWRCSP,221,2020,0.0
Cuba,PWRCSP,221,2021,0.0
Cuba,PWRCSP,221,2022,0.0
Cuba,PWRCSP,221,2023,0.0
Cuba,PWRCSP,221,2024,0.0
Cuba,PWRCSP,221,2025,0.0
Cuba,PWRCSP,221,2026,0.0
Cuba,PWRCSP,221,2027,0.0
Cuba,PWRCSP,221,2028,0.0
Cuba,PWRCSP,221,2029,0.0
Cuba,PWRCSP,221,2030,0.0
Cuba,PWRCSP,221,2031,0.0
Cuba,PWRCSP,221,2032,0.0
Cuba,PWRCSP,221,2033,0.0
Cuba,PWRCSP,221,2034,0.0
Cuba,PWRCSP,221,2035,0.0
Cuba,PWRCSP,221,2036,0.0
Cuba,PWRCSP,221,2037,0.0
Cuba,PWRCSP,221,2038,0.0
Cuba,PWRCSP,221,2039,0.0
Cuba,PWRCSP,221,2040,0.0
Cuba,PWRCSP,221,2041,0.0
Cuba,PWRCSP,221,2042,0.0
Cuba,PWRCSP,221,2043,0.0
Cuba,PWRCSP,221,2044,0.0
Cuba,PWRCSP,221,2045,0.0
Cuba,PWRCSP,221,2046,0.0
Cuba,PWRCSP,221,2047,0.0
Cuba,PWRCSP,221,2048,0.0
Cuba,PWRCSP,221,2049,0.0
Cuba,PWRCSP,221,2050,0.0
Cuba,PWRCSP,221,2051,0.0
Cuba,PWRCSP,221,2052,0.0
Cuba,PWRCSP,221,2053,0.0
Cuba,PWRCSP,221,2054,0.0
Cuba,PWRCSP,221,2055,0.0
Cuba,PWRCSP,222,2019,0.0
Cuba,PWRCSP,222,2020,0.0
Cuba,PWRCSP,222,2021,0.0
Cuba,PWRCSP,222,2022,0.0
Cuba,PWRCSP,222,2023,0.0
Cuba,PWRCSP,222,2024,0.0
Cuba,PWRCSP,222,2025,0.0
Cuba,PWRCSP,222,2026,0.0
Cuba,PWRCSP,222,2027,0.0
Cuba,PWRCSP,222,2028,0.0
Cuba,PWRCSP,222,2029,0.0
Cuba,PWRCSP,222,2030,0.0
Cuba,PWRCSP,222,2031,0.0
Cuba,PWRCSP,222,2032,0.0
Cuba,PWRCSP,222,2033,0.0
Cuba,PWRCSP,222,2034,0.0
Cuba,PWRCSP,222,2035,0.0
Cuba,PWRCSP,222,2036,0.0
Cuba,PWRCSP,222,2037,0.0
Cuba,PWRCSP,222,2038,0.0
Cuba,PWRCSP,222,2039,0.0
Cuba,PWRCSP,222,2040,0.0
Cuba,PWRCSP,222,2041,0.0
Cuba,PWRCSP,222,2042,0.0
Cuba,PWRCSP,222,2043,0.0
Cuba,PWRCSP,222,2044,0.0
Cuba,PWRCSP,222,2045,0.0
Cuba,PWRCSP,222,2046,0.0
Cuba,PWRCSP,222,2047,0.0
Cuba,PWRCSP,222,2048,0.0
Cuba,PWRCSP,222,2049,0.0
Cuba,PWRCSP,222,2050,0.0
Cuba,PWRCSP,222,2051,0.0
Cuba,PWRCSP,222,2052,0.0
Cuba,PWRCSP,222,2053,0.0
Cuba,PWRCSP,222,2054,0.0
Cuba,PWRCSP,222,2055,0.0
Cuba,PWRCSP,223,2019,0.011
Cuba,PWRCSP,223,2020,0.011
Cuba,PWRCSP,223,2021,0.011
Cuba,PWRCSP,223,2022,0.011
Cuba,PWRCSP,223,2023,0.011
Cuba,PWRCSP,223,2024,0.011
Cuba,PWRCSP,223,2025,0.011
Cuba,PWRCSP,223,2026,0.011
Cuba,PWRCSP,223,2027,0.011
Cuba,PWRCSP,223,2028,0.011
Cuba,PWRCSP,223,2029,0.011
Cuba,PWRCSP,223,2030,0.011
Cuba,PWRCSP,223,2031,0.011
Cuba,PWRCSP,223,2032,0.011
Cuba,PWRCSP,223,2033,0.011
Cuba,PWRCSP,223,2034,0.011
Cuba,PWRCSP,223,2035,0.011
Cuba,PWRCSP,223,2036,0.011
Cuba,PWRCSP,223,2037,0.011
Cuba,PWRCSP,223,2038,0.011
Cuba,PWRCSP,223,2039,0.011
Cuba,PWRCSP,223,2040,0.011
Cuba,PWRCSP,223,2041,0.011
Cuba,PWRCSP,223,2042,0.011
Cuba,PWRCSP,223,2043,0.011
Cuba,PWRCSP,223,2044,0.011
Cuba,PWRCSP,223,2045,0.011
Cuba,PWRCSP,223,2046,0.011
Cuba,PWRCSP,223,2047,0.011
Cuba,PWRCSP,223,2048,0.011
Cuba,PWRCSP,223,2049,0.011
Cuba,PWRCSP,223,2050,0.011
Cuba,PWRCSP,223,2051,0.011
Cuba,PWRCSP,223,2052,0.011
Cuba,PWRCSP,223,2053,0.011
Cuba,PWRCSP,223,2054,0.011
Cuba,PWRCSP,223,2055,0.011
Cuba,PWRCSP,224,2019,0.272
Cuba,PWRCSP,224,2020,0.272
Cuba,PWRCSP,224,2021,0.272
Cuba,PWRCSP,224,2022,0.272
Cuba,PWRCSP,224,2023,0.272
Cuba,PWRCSP,224,2024,0.272
Cuba,PWRCSP,224,2025,0.272
Cuba,PWRCSP,224,2026,0.272
Cuba,PWRCSP,224,2027,0.272
Cuba,PWRCSP,224,2028,0.272
Cuba,PWRCSP,224,2029,0.272
Cuba,PWRCSP,224,2030,0.272
Cuba,PWRCSP,224,2031,0.272
Cuba,PWRCSP,224,2032,0.272
Cuba,PWRCSP,224,2033,0.272
Cuba,PWRCSP,224,2034,0.272
Cuba,PWRCSP,224,2035,0.272
Cuba,PWRCSP,224,2036,0.272
Cuba,PWRCSP,224,2037,0.272
Cuba,PWRCSP,224,2038,0.272
Cuba,PWRCSP,224,2039,0.272
Cuba,PWRCSP,224,2040,0.272
Cuba,PWRCSP,224,2041,0.272
Cuba,PWRCSP,224,2042,0.272
Cuba,PWRCSP,224,2043,0.272
Cuba,PWRCSP,224,2044,0.272
Cuba,PWRCSP,224,2045,0.272
Cuba,PWRCSP,224,2046,0.272
Cuba,PWRCSP,224,2047,0.272
Cuba,PWRCSP,224,2048,0.272
Cuba,PWRCSP,224,2049,0.272
Cuba,PWRCSP,224,2050,0.272
Cuba,PWRCSP,224,2051,0.272
Cuba,PWRCSP,224,2052,0.272
Cuba,PWRCSP,224,2053,0.272
Cuba,PWRCSP,224,2054,0.272
Cuba,PWRCSP,224,2055,0.272
Cuba,PWRCSP,225,2019,0.57
Cuba,PWRCSP,225,2020,0.57
Cuba,PWRCSP,225,2021,0.57
Cuba,PWRCSP,225,2022,0.57
Cuba,PWRCSP,225,2023,0.57
Cuba,PWRCSP,225,2024,0.57
Cuba,PWRCSP,225,2025,0.57
Cuba,PWRCSP,225,2026,0.57
Cuba,PWRCSP,225,2027,0.57
Cuba,PWRCSP,225,2028,0.57
Cuba,PWRCSP,225,2029,0.57
Cuba,PWRCSP,225,2030,0.57
Cuba,PWRCSP,225,2031,0.57
Cuba,PWRCSP,225,2032,0.57
Cuba,PWRCSP,225,2033,0.57
Cuba,PWRCSP,225,2034,0.57
Cuba,PWRCSP,225,2035,0.57
Cuba,PWRCSP,225,2036,0.57
Cuba,PWRCSP,225,2037,0.57
Cuba,PWRCSP,225,2038,0.57
Cuba,PWRCSP,225,2039,0.57
Cuba,PWRCSP,225,2040,0.57
Cuba,PWRCSP,225,2041,0.57
Cuba,PWRCSP,225,2042,0.57
Cuba,PWRCSP,225,2043,0.57
Cuba,PWRCSP,225,2044,0.57
Cuba,PWRCSP,225,2045,0.57
Cuba,PWRCSP,225,2046,0.57
Cuba,PWRCSP,225,2047,0.57
Cuba,PWRCSP,225,2048,0.57
Cuba,PWRCSP,225,2049,0.57
Cuba,PWRCSP,225,2050,0.57
Cuba,PWRCSP,225,2051,0.57
Cuba,PWRCSP,225,2052,0.57
Cuba,PWRCSP,225,2053,0.57
Cuba,PWRCSP,225,2054,0.57
Cuba,PWRCSP,225,2055,0.57
Cuba,PWRCSP,226,2019,0.604
Cuba,PWRCSP,226,2020,0.604
Cuba,PWRCSP,226,2021,0.604
Cuba,PWRCSP,226,2022,0.604
Cuba,PWRCSP,226,2023,0.604
Cuba,PWRCSP,226,2024,0.604
Cuba,PWRCSP,226,2025,0.604
Cuba,PWRCSP,226,2026,0.604
Cuba,PWRCSP,226,2027,0.604
Cuba,PWRCSP,226,2028,0.604
Cuba,PWRCSP,226,2029,0.604
Cuba,PWRCSP,226,2030,0.604
Cuba,PWRCSP,226,2031,0.604
Cuba,PWRCSP,226,2032,0.604
Cuba,PWRCSP,226,2033,0.604
Cuba,PWRCSP,226,2034,0.604
Cuba,PWRCSP,226,2035,0.604
Cuba,PWRCSP,226,2036,0.604
Cuba,PWRCSP,226,2037,0.604
Cuba,PWRCSP,226,2038,0.604
Cuba,PWRCSP,226,2039,0.604
Cuba,PWRCSP,226,2040,0.604
Cuba,PWRCSP,226,2041,0.604
Cuba,PWRCSP,226,2042,0.604
Cuba,PWRCSP,226,2043,0.604
Cuba,PWRCSP,226,2044,0.604
Cuba,PWRCSP,226,2045,0.604
Cuba,PWRCSP,226,2046,0.604
Cuba,PWRCSP,226,2047,0.604
Cuba,PWRCSP,226,2048,0.604
Cuba,PWRCSP,226,2049,0.604
Cuba,PWRCSP,226,2050,0.604
Cuba,PWRCSP,226,2051,0.604
Cuba,PWRCSP,226,2052,0.604
Cuba,PWRCSP,226,2053,0.604
Cuba,PWRCSP,226,2054,0.604
Cuba,PWRCSP,226,2055,0.604
Cuba,PWRCSP,227,2019,0.382
Cuba,PWRCSP,227,2020,0.382
Cuba,PWRCSP,227,2021,0.382
Cuba,PWRCSP,227,2022,0.382
Cuba,PWRCSP,227,2023,0.382
Cuba,PWRCSP,227,2024,0.382
Cuba,PWRCSP,227,2025,0.382
Cuba,PWRCSP,227,2026,0.382
Cuba,PWRCSP,227,2027,0.382
Cuba,PWRCSP,227,2028,0.382
Cuba,PWRCSP,227,2029,0.382
Cuba,PWRCSP,227,2030,0.382
Cuba,PWRCSP,227,2031,0.382
Cuba,PWRCSP,227,2032,0.382
Cuba,PWRCSP,227,2033,0.382
Cuba,PWRCSP,227,2034,0.382
Cuba,PWRCSP,227,2035,0.382
Cuba,PWRCSP,227,2036,0.382
Cuba,PWRCSP,227,2037,0.382
Cuba,PWRCSP,227,2038,0.382
Cuba,PWRCSP,227,2039,0.382
Cuba,PWRCSP,227,2040,0.382
Cuba,PWRCSP,227,2041,0.382
Cuba,PWRCSP,227,2042,0.382
Cuba,PWRCSP,227,2043,0.382
Cuba,PWRCSP,227,2044,0.382
Cuba,PWRCSP,227,2045,0.382
Cuba,PWRCSP,227,2046,0.382
Cuba,PWRCSP,227,2047,0.382
Cuba,PWRCSP,227,2048,0.382
Cuba,PWRCSP,227,2049,0.382
Cuba,PWRCSP,227,2050,0.382
Cuba,PWRCSP,227,2051,0.382
Cuba,PWRCSP,227,2052,0.382
Cuba,PWRCSP,227,2053,0.382
Cuba,PWRCSP,227,2054,0.382
Cuba,PWRCSP,227,2055,0.382
Cuba,PWRCSP,228,2019,0.051
Cuba,PWRCSP,228,2020,0.051
Cuba,PWRCSP,228,2021,0.051
Cuba,PWRCSP,228,2022,0.051
Cuba,PWRCSP,228,2023,0.051
Cuba,PWRCSP,228,2024,0.051
Cuba,PWRCSP,228,2025,0.051
Cuba,PWRCSP,228,2026,0.051
Cuba,PWRCSP,228,2027,0.051
Cuba,PWRCSP,228,2028,0.051
Cuba,PWRCSP,228,2029,0.051
Cuba,PWRCSP,228,2030,0.051
Cuba,PWRCSP,228,2031,0.051
Cuba,PWRCSP,228,2032,0.051
Cuba,PWRCSP,228,2033,0.051
Cuba,PWRCSP,228,2034,0.051
Cuba,PWRCSP,228,2035,0.051
Cuba,PWRCSP,228,2036,0.051
Cuba,PWRCSP,228,2037,0.051
Cuba,PWRCSP,228,2038,0.051
Cuba,PWRCSP,228,2039,0.051
Cuba,PWRCSP,228,2040,0.051
Cuba,PWRCSP,228,2041,0.051
Cuba,PWRCSP,228,2042,0.051
Cuba,PWRCSP,228,2043,0.051
Cuba,PWRCSP,228,2044,0.051
Cuba,PWRCSP,228,2045,0.051
Cuba,PWRCSP,228,2046,0.051
Cuba,PWRCSP,228,2047,0.051
Cuba,PWRCSP,228,2048,0.051
Cuba,PWRCSP,228,2049,0.051
Cuba,PWRCSP,228,2050,0.051
Cuba,PWRCSP,228,2051,0.051
Cuba,PWRCSP,228,2052,0.051
Cuba,PWRCSP,228,2053,0.051
Cuba,PWRCSP,228,2054,0.051
Cuba,PWRCSP,228,2055,0.051
Cuba,PWRCSP,311,2019,0.0
Cuba,PWRCSP,311,2020,0.0
Cuba,PWRCSP,311,2021,0.0
Cuba,PWRCSP,311,2022,0.0
Cuba,PWRCSP,311,2023,0.0
Cuba,PWRCSP,311,2024,0.0
Cuba,PWRCSP,311,2025,0.0
Cuba,PWRCSP,311,2026,0.0
Cuba,PWRCSP,311,2027,0.0
Cuba,PWRCSP,311,2028,0.0
Cuba,PWRCSP,311,2029,0.0
Cuba,PWRCSP,311,2030,0.0
Cuba,PWRCSP,311,2031,0.0
Cuba,PWRCSP,311,2032,0.0
Cuba,PWRCSP,311,2033,0.0
Cuba,PWRCSP,311,2034,0.0
Cuba,PWRCSP,311,2035,0.0
Cuba,PWRCSP,311,2036,0.0
Cuba,PWRCSP,311,2037,0.0
Cuba,PWRCSP,311,2038,0.0
Cuba,PWRCSP,311,2039,0.0
Cuba,PWRCSP,311,2040,0.0
Cuba,PWRCSP,311,2041,0.0
Cuba,PWRCSP,311,2042,0.0
Cuba,PWRCSP,311,2043,0.0
Cuba,PWRCSP,311,2044,0.0
Cuba,PWRCSP,311,2045,0.0
Cuba,PWRCSP,311,2046,0.0
Cuba,PWRCSP,311,2047,0.0
Cuba,PWRCSP,311,2048,0.0
Cuba,PWRCSP,311,2049,0.0
Cuba,PWRCSP,311,2050,0.0
Cuba,PWRCSP,311,2051,0.0
Cuba,PWRCSP,311,2052,0.0
Cuba,PWRCSP,311,2053,0.0
Cuba,PWRCSP,311,2054,0.0
Cuba,PWRCSP,311,2055,0.0
Cuba,PWRCSP,312,2019,0.0
Cuba,PWRCSP,312,2020,0.0
Cuba,PWRCSP,312,2021,0.0
Cuba,PWRCSP,312,2022,0.0
Cuba,PWRCSP,312,2023,0.0
Cuba,PWRCSP,312,2024,0.0
Cuba,PWRCSP,312,2025,0.0
Cuba,PWRCSP,312,2026,0.0
Cuba,PWRCSP,312,2027,0.0
Cuba,PWRCSP,312,2028,0.0
Cuba,PWRCSP,312,2029,0.0
Cuba,PWRCSP,312,2030,0.0
Cuba,PWRCSP,312,2031,0.0
Cuba,PWRCSP,312,2032,0.0
Cuba,PWRCSP,312,2033,0.0
Cuba,PWRCSP,312,2034,0.0
Cuba,PWRCSP,312,2035,0.0
Cuba,PWRCSP,312,2036,0.0
Cuba,PWRCSP,312,2037,0.0
Cuba,PWRCSP,312,2038,0.0
Cuba,PWRCSP,312,2039,0.0
Cuba,PWRCSP,312,2040,0.0
Cuba,PWRCSP,312,2041,0.0
Cuba,PWRCSP,312,2042,0.0
Cuba,PWRCSP,312,2043,0.0
Cuba,PWRCSP,312,2044,0.0
Cuba,PWRCSP,312,2045,0.0
Cuba,PWRCSP,312,2046,0.0
Cuba,PWRCSP,312,2047,0.0
Cuba,PWRCSP,312,2048,0.0
Cuba,PWRCSP,312,2049,0.0
Cuba,PWRCSP,312,2050,0.0
Cuba,PWRCSP,312,2051,0.0
Cuba,PWRCSP,312,2052,0.0
Cuba,PWRCSP,312,2053,0.0
Cuba,PWRCSP,312,2054,0.0
Cuba,PWRCSP,312,2055,0.0
Cuba,PWRCSP,313,2019,0.017
Cuba,PWRCSP,313,2020,0.017
Cuba,PWRCSP,313,2021,0.017
Cuba,PWRCSP,313,2022,0.017
Cuba,PWRCSP,313,2023,0.017
Cuba,PWRCSP,313,2024,0.017
Cuba,PWRCSP,313,2025,0.017
Cuba,PWRCSP,313,2026,0.017
Cuba,PWRCSP,313,2027,0.017
Cuba,PWRCSP,313,2028,0.017
Cuba,PWRCSP,313,2029,0.017
Cuba,PWRCSP,313,2030,0.017
Cuba,PWRCSP,313,2031,0.017
Cuba,PWRCSP,313,2032,0.017
Cuba,PWRCSP,313,2033,0.017
Cuba,PWRCSP,313,2034,0.017
Cuba,PWRCSP,313,2035,0.017
Cuba,PWRCSP,313,2036,0.017
Cuba,PWRCSP,313,2037,0.017
Cuba,PWRCSP,313,2038,0.017
Cuba,PWRCSP,313,2039,0.017
Cuba,PWRCSP,313,2040,0.017
Cuba,PWRCSP,313,2041,0.017
Cuba,PWRCSP,313,2042,0.017
Cuba,PWRCSP,313,2043,0.017
Cuba,PWRCSP,313,2044,0.017
Cuba,PWRCSP,313,2045,0.017
Cuba,PWRCSP,313,2046,0.017
Cuba,PWRCSP,313,2047,0.017
Cuba,PWRCSP,313,2048,0.017
Cuba,PWRCSP,313,2049,0.017
Cuba,PWRCSP,313,2050,0.017
Cuba,PWRCSP,313,2051,0.017
Cuba,PWRCSP,313,2052,0.017
Cuba,PWRCSP,313,2053,0.017
Cuba,PWRCSP,313,2054,0.017
Cuba,PWRCSP,313,2055,0.017
Cuba,PWRCSP,314,2019,0.29
Cuba,PWRCSP,314,2020,0.29
Cuba,PWRCSP,314,2021,0.29
Cuba,PWRCSP,314,2022,0.29
Cuba,PWRCSP,314,2023,0.29
Cuba,PWRCSP,314,2024,0.29
Cuba,PWRCSP,314,2025,0.29
Cuba,PWRCSP,314,2026,0.29
Cuba,PWRCSP,314,2027,0.29
Cuba,PWRCSP,314,2028,0.29
Cuba,PWRCSP,314,2029,0.29
Cuba,PWRCSP,314,2030,0.29
Cuba,PWRCSP,314,2031,0.29
Cuba,PWRCSP,314,2032,0.29
Cuba,PWRCSP,314,2033,0.29
Cuba,PWRCSP,314,2034,0.29
Cuba,PWRCSP,314,2035,0.29
Cuba,PWRCSP,314,2036,0.29
Cuba,PWRCSP,314,2037,0.29
Cuba,PWRCSP,314,2038,0.29
Cuba,PWRCSP,314,2039,0.29
Cuba,PWRCSP,314,2040,0.29
Cuba,PWRCSP,314,2041,0.29
Cuba,PWRCSP,314,2042,0.29
Cuba,PWRCSP,314,2043,0.29
Cuba,PWRCSP,314,2044,0.29
Cuba,PWRCSP,314,2045,0.29
Cuba,PWRCSP,314,2046,0.29
Cuba,PWRCSP,314,2047,0.29
Cuba,PWRCSP,314,2048,0.29
Cuba,PWRCSP,314,2049,0.29
Cuba,PWRCSP,314,2050,0.29
Cuba,PWRCSP,314,2051,0.29
Cuba,PWRCSP,314,2052,0.29
Cuba,PWRCSP,314,2053,0.29
Cuba,PWRCSP,314,2054,0.29
Cuba,PWRCSP,314,2055,0.29
Cuba,PWRCSP,315,2019,0.565
Cuba,PWRCSP,315,2020,0.565
Cuba,PWRCSP,315,2021,0.565
Cuba,PWRCSP,315,2022,0.565
Cuba,PWRCSP,315,2023,0.565
Cuba,PWRCSP,315,2024,0.565
Cuba,PWRCSP,315,2025,0.565
Cuba,PWRCSP,315,2026,0.565
Cuba,PWRCSP,315,2027,0.565
Cuba,PWRCSP,315,2028,0.565
Cuba,PWRCSP,315,2029,0.565
Cuba,PWRCSP,315,2030,0.565
Cuba,PWRCSP,315,2031,0.565
Cuba,PWRCSP,315,2032,0.565
Cuba,PWRCSP,315,2033,0.565
Cuba,PWRCSP,315,2034,0.565
Cuba,PWRCSP,315,2035,0.565
Cuba,PWRCSP,315,2036,0.565
Cuba,PWRCSP,315,2037,0.565
Cuba,PWRCSP,315,2038,0.565
Cuba,PWRCSP,315,2039,0.565
Cuba,PWRCSP,315,2040,0.565
Cuba,PWRCSP,315,2041,0.565
Cuba,PWRCSP,315,2042,0.565
Cuba,PWRCSP,315,2043,0.565
Cuba,PWRCSP,315,2044,0.565
Cuba,PWRCSP,315,2045,0.565
Cuba,PWRCSP,315,2046,0.565
Cuba,PWRCSP,315,2047,0.565
Cuba,PWRCSP,315,2048,0.565
Cuba,PWRCSP,315,2049,0.565
Cuba,PWRCSP,315,2050,0.565
Cuba,PWRCSP,315,2051,0.565
Cuba,PWRCSP,315,2052,0.565
Cuba,PWRCSP,315,2053,0.565
Cuba,PWRCSP,315,2054,0.565
Cuba,PWRCSP,315,2055,0.565
Cuba,PWRCSP,316,2019,0.557
Cuba,PWRCSP,316,2020,0.557
Cuba,PWRCSP,316,2021,0.557
Cuba,PWRCSP,316,2022,0.557
Cuba,PWRCSP,316,2023,0.557
Cuba,PWRCSP,316,2024,0.557
Cuba,PWRCSP,316,2025,0.557
Cuba,PWRCSP,316,2026,0.557
Cuba,PWRCSP,316,2027,0.557
Cuba,PWRCSP,316,2028,0.557
Cuba,PWRCSP,316,2029,0.557
Cuba,PWRCSP,316,2030,0.557
Cuba,PWRCSP,316,2031,0.557
Cuba,PWRCSP,316,2032,0.557
Cuba,PWRCSP,316,2033,0.557
Cuba,PWRCSP,316,2034,0.557
Cuba,PWRCSP,316,2035,0.557
Cuba,PWRCSP,316,2036,0.557
Cuba,PWRCSP,316,2037,0.557
Cuba,PWRCSP,316,2038,0.557
Cuba,PWRCSP,316,2039,0.557
Cuba,PWRCSP,316,2040,0.557
Cuba,PWRCSP,316,2041,0.557
Cuba,PWRCSP,316,2042,0.557
Cuba,PWRCSP,316,2043,0.557
Cuba,PWRCSP,316,2044,0.557
Cuba,PWRCSP,316,2045,0.557
Cuba,PWRCSP,316,2046,0.557
Cuba,PWRCSP,316,2047,0.557
Cuba,PWRCSP,316,2048,0.557
Cuba,PWRCSP,316,2049,0.557
Cuba,PWRCSP,316,2050,0.557
Cuba,PWRCSP,316,2051,0.557
Cuba,PWRCSP,316,2052,0.557
Cuba,PWRCSP,316,2053,0.557
Cuba,PWRCSP,316,2054,0.557
Cuba,PWRCSP,316,2055,0.557
Cuba,PWRCSP,317,2019,0.312
Cuba,PWRCSP,317,2020,0.312
Cuba,PWRCSP,317,2021,0.312
Cuba,PWRCSP,317,2022,0.312
Cuba,PWRCSP,317,2023,0.312
Cuba,PWRCSP,317,2024,0.312
Cuba,PWRCSP,317,2025,0.312
Cuba,PWRCSP,317,2026,0.312
Cuba,PWRCSP,317,2027,0.312
Cuba,PWRCSP,317,2028,0.312
Cuba,PWRCSP,317,2029,0.312
Cuba,PWRCSP,317,2030,0.312
Cuba,PWRCSP,317,2031,0.312
Cuba,PWRCSP,317,2032,0.312
Cuba,PWRCSP,317,2033,0.312
Cuba,PWRCSP,317,2034,0.312
Cuba,PWRCSP,317,2035,0.312
Cuba,PWRCSP,317,2036,0.312
Cuba,PWRCSP,317,2037,0.312
Cuba,PWRCSP,317,2038,0.312
Cuba,PWRCSP,317,2039,0.312
Cuba,PWRCSP,317,2040,0.312
Cuba,PWRCSP,317,2041,0.312
Cuba,PWRCSP,317,2042,0.312
Cuba,PWRCSP,317,2043,0.312
Cuba,PWRCSP,317,2044,0.312
Cuba,PWRCSP,317,2045,0.312
Cuba,PWRCSP,317,2046,0.312
Cuba,PWRCSP,317,2047,0.312
Cuba,PWRCSP,317,2048,0.312
Cuba,PWRCSP,317,2049,0.312
Cuba,PWRCSP,317,2050,0.312
Cuba,PWRCSP,317,2051,0.312
Cuba,PWRCSP,317,2052,0.312
Cuba,PWRCSP,317,2053,0.312
Cuba,PWRCSP,317,2054,0.312
Cuba,PWRCSP,317,2055,0.312
Cuba,PWRCSP,318,2019,0.049
Cuba,PWRCSP,318,2020,0.049
Cuba,PWRCSP,318,2021,0.049
Cuba,PWRCSP,318,2022,0.049
Cuba,PWRCSP,318,2023,0.049
Cuba,PWRCSP,318,2024,0.049
Cuba,PWRCSP,318,2025,0.049
Cuba,PWRCSP,318,2026,0.049
Cuba,PWRCSP,318,2027,0.049
Cuba,PWRCSP,318,2028,0.049
Cuba,PWRCSP,318,2029,0.049
Cuba,PWRCSP,318,2030,0.049
Cuba,PWRCSP,318,2031,0.049
Cuba,PWRCSP,318,2032,0.049
Cuba,PWRCSP,318,2033,0.049
Cuba,PWRCSP,318,2034,0.049
Cuba,PWRCSP,318,2035,0.049
Cuba,PWRCSP,318,2036,0.049
Cuba,PWRCSP,318,2037,0.049
Cuba,PWRCSP,318,2038,0.049
Cuba,PWRCSP,318,2039,0.049
Cuba,PWRCSP,318,2040,0.049
Cuba,PWRCSP,318,2041,0.049
Cuba,PWRCSP,318,2042,0.049
Cuba,PWRCSP,318,2043,0.049
Cuba,PWRCSP,318,2044,0.049
Cuba,PWRCSP,318,2045,0.049
Cuba,PWRCSP,318,2046,0.049
Cuba,PWRCSP,318,2047,0.049
Cuba,PWRCSP,318,2048,0.049
Cuba,PWRCSP,318,2049,0.049
Cuba,PWRCSP,318,2050,0.049
Cuba,PWRCSP,318,2051,0.049
Cuba,PWRCSP,318,2052,0.049
Cuba,PWRCSP,318,2053,0.049
Cuba,PWRCSP,318,2054,0.049
Cuba,PWRCSP,318,2055,0.049
Cuba,PWRCSP,321,2019,0.0
Cuba,PWRCSP,321,2020,0.0
Cuba,PWRCSP,321,2021,0.0
Cuba,PWRCSP,321,2022,0.0
Cuba,PWRCSP,321,2023,0.0
Cuba,PWRCSP,321,2024,0.0
Cuba,PWRCSP,321,2025,0.0
Cuba,PWRCSP,321,2026,0.0
Cuba,PWRCSP,321,2027,0.0
Cuba,PWRCSP,321,2028,0.0
Cuba,PWRCSP,321,2029,0.0
Cuba,PWRCSP,321,2030,0.0
Cuba,PWRCSP,321,2031,0.0
Cuba,PWRCSP,321,2032,0.0
Cuba,PWRCSP,321,2033,0.0
Cuba,PWRCSP,321,2034,0.0
Cuba,PWRCSP,321,2035,0.0
Cuba,PWRCSP,321,2036,0.0
Cuba,PWRCSP,321,2037,0.0
Cuba,PWRCSP,321,2038,0.0
Cuba,PWRCSP,321,2039,0.0
Cuba,PWRCSP,321,2040,0.0
Cuba,PWRCSP,321,2041,0.0
Cuba,PWRCSP,321,2042,0.0
Cuba,PWRCSP,321,2043,0.0
Cuba,PWRCSP,321,2044,0.0
Cuba,PWRCSP,321,2045,0.0
Cuba,PWRCSP,321,2046,0.0
Cuba,PWRCSP,321,2047,0.0
Cuba,PWRCSP,321,2048,0.0
Cuba,PWRCSP,321,2049,0.0
Cuba,PWRCSP,321,2050,0.0
Cuba,PWRCSP,321,2051,0.0
Cuba,PWRCSP,321,2052,0.0
Cuba,PWRCSP,321,2053,0.0
Cuba,PWRCSP,321,2054,0.0
Cuba,PWRCSP,321,2055,0.0
Cuba,PWRCSP,322,2019,0.0
Cuba,PWRCSP,322,2020,0.0
Cuba,PWRCSP,322,2021,0.0
Cuba,PWRCSP,322,2022,0.0
Cuba,PWRCSP,322,2023,0.0
Cuba,PWRCSP,322,2024,0.0
Cuba,PWRCSP,322,2025,0.0
Cuba,PWRCSP,322,2026,0.0
Cuba,PWRCSP,322,2027,0.0
Cuba,PWRCSP,322,2028,0.0
Cuba,PWRCSP,322,2029,0.0
Cuba,PWRCSP,322,2030,0.0
Cuba,PWRCSP,322,2031,0.0
Cuba,PWRCSP,322,2032,0.0
Cuba,PWRCSP,322,2033,0.0
Cuba,PWRCSP,322,2034,0.0
Cuba,PWRCSP,322,2035,0.0
Cuba,PWRCSP,322,2036,0.0
Cuba,PWRCSP,322,2037,0.0
Cuba,PWRCSP,322,2038,0.0
Cuba,PWRCSP,322,2039,0.0
Cuba,PWRCSP,322,2040,0.0
Cuba,PWRCSP,322,2041,0.0
Cuba,PWRCSP,322,2042,0.0
Cuba,PWRCSP,322,2043,0.0
Cuba,PWRCSP,322,2044,0.0
Cuba,PWRCSP,322,2045,0.0
Cuba,PWRCSP,322,2046,0.0
Cuba,PWRCSP,322,2047,0.0
Cuba,PWRCSP,322,2048,0.0
Cuba,PWRCSP,322,2049,0.0
Cuba,PWRCSP,322,2050,0.0
Cuba,PWRCSP,322,2051,0.0
Cuba,PWRCSP,322,2052,0.0
Cuba,PWRCSP,322,2053,0.0
Cuba,PWRCSP,322,2054,0.0
Cuba,PWRCSP,322,2055,0.0
Cuba,PWRCSP,323,2019,0.018
Cuba,PWRCSP,323,2020,0.018
Cuba,PWRCSP,323,2021,0.018
Cuba,PWRCSP,323,2022,0.018
Cuba,PWRCSP,323,2023,0.018
Cuba,PWRCSP,323,2024,0.018
Cuba,PWRCSP,323,2025,0.018
Cuba,PWRCSP,323,2026,0.018
Cuba,PWRCSP,323,2027,0.018
Cuba,PWRCSP,323,2028,0.018
Cuba,PWRCSP,323,2029,0.018
Cuba,PWRCSP,323,2030,0.018
Cuba,PWRCSP,323,2031,0.018
Cuba,PWRCSP,323,2032,0.018
Cuba,PWRCSP,323,2033,0.018
Cuba,PWRCSP,323,2034,0.018
Cuba,PWRCSP,323,2035,0.018
Cuba,PWRCSP,323,2036,0.018
Cuba,PWRCSP,323,2037,0.018
Cuba,PWRCSP,323,2038,0.018
Cuba,PWRCSP,323,2039,0.018
Cuba,PWRCSP,323,2040,0.018
Cuba,PWRCSP,323,2041,0.018
Cuba,PWRCSP,323,2042,0.018
Cuba,PWRCSP,323,2043,0.018
Cuba,PWRCSP,323,2044,0.018
Cuba,PWRCSP,323,2045,0.018
Cuba,PWRCSP,323,2046,0.018
Cuba,PWRCSP,323,2047,0.018
Cuba,PWRCSP,323,2048,0.018
Cuba,PWRCSP,323,2049,0.018
Cuba,PWRCSP,323,2050,0.018
Cuba,PWRCSP,323,2051,0.018
Cuba,PWRCSP,323,2052,0.018
Cuba,PWRCSP,323,2053,0.018
Cuba,PWRCSP,323,2054,0.018
Cuba,PWRCSP,323,2055,0.018
Cuba,PWRCSP,324,2019,0.298
Cuba,PWRCSP,324,2020,0.298
Cuba,PWRCSP,324,2021,0.298
Cuba,PWRCSP,324,2022,0.298
Cuba,PWRCSP,324,2023,0.298
Cuba,PWRCSP,324,2024,0.298
Cuba,PWRCSP,324,2025,0.298
Cuba,PWRCSP,324,2026,0.298
Cuba,PWRCSP,324,2027,0.298
Cuba,PWRCSP,324,2028,0.298
Cuba,PWRCSP,324,2029,0.298
Cuba,PWRCSP,324,2030,0.298
Cuba,PWRCSP,324,2031,0.298
Cuba,PWRCSP,324,2032,0.298
Cuba,PWRCSP,324,2033,0.298
Cuba,PWRCSP,324,2034,0.298
Cuba,PWRCSP,324,2035,0.298
Cuba,PWRCSP,324,2036,0.298
Cuba,PWRCSP,324,2037,0.298
Cuba,PWRCSP,324,2038,0.298
Cuba,PWRCSP,324,2039,0.298
Cuba,PWRCSP,324,2040,0.298
Cuba,PWRCSP,324,2041,0.298
Cuba,PWRCSP,324,2042,0.298
Cuba,PWRCSP,324,2043,0.298
Cuba,PWRCSP,324,2044,0.298
Cuba,PWRCSP,324,2045,0.298
Cuba,PWRCSP,324,2046,0.298
Cuba,PWRCSP,324,2047,0.298
Cuba,PWRCSP,324,2048,0.298
Cuba,PWRCSP,324,2049,0.298
Cuba,PWRCSP,324,2050,0.298
Cuba,PWRCSP,324,2051,0.298
Cuba,PWRCSP,324,2052,0.298
Cuba,PWRCSP,324,2053,0.298
Cuba,PWRCSP,324,2054,0.298
Cuba,PWRCSP,324,2055,0.298
Cuba,PWRCSP,325,2019,0.579
Cuba,PWRCSP,325,2020,0.579
Cuba,PWRCSP,325,2021,0.579
Cuba,PWRCSP,325,2022,0.579
Cuba,PWRCSP,325,2023,0.579
Cuba,PWRCSP,325,2024,0.579
Cuba,PWRCSP,325,2025,0.579
Cuba,PWRCSP,325,2026,0.579
Cuba,PWRCSP,325,2027,0.579
Cuba,PWRCSP,325,2028,0.579
Cuba,PWRCSP,325,2029,0.579
Cuba,PWRCSP,325,2030,0.579
Cuba,PWRCSP,325,2031,0.579
Cuba,PWRCSP,325,2032,0.579
Cuba,PWRCSP,325,2033,0.579
Cuba,PWRCSP,325,2034,0.579
Cuba,PWRCSP,325,2035,0.579
Cuba,PWRCSP,325,2036,0.579
Cuba,PWRCSP,325,2037,0.579
Cuba,PWRCSP,325,2038,0.579
Cuba,PWRCSP,325,2039,0.579
Cuba,PWRCSP,325,2040,0.579
Cuba,PWRCSP,325,2041,0.579
Cuba,PWRCSP,325,2042,0.579
Cuba,PWRCSP,325,2043,0.579
Cuba,PWRCSP,325,2044,0.579
Cuba,PWRCSP,325,2045,0.579
Cuba,PWRCSP,325,2046,0.579
Cuba,PWRCSP,325,2047,0.579
Cuba,PWRCSP,325,2048,0.579
Cuba,PWRCSP,325,2049,0.579
Cuba,PWRCSP,325,2050,0.579
Cuba,PWRCSP,325,2051,0.579
Cuba,PWRCSP,325,2052,0.579
Cuba,PWRCSP,325,2053,0.579
Cuba,PWRCSP,325,2054,0.579
Cuba,PWRCSP,325,2055,0.579
Cuba,PWRCSP,326,2019,0.574
Cuba,PWRCSP,326,2020,0.574
Cuba,PWRCSP,326,2021,0.574
Cuba,PWRCSP,326,2022,0.574
Cuba,PWRCSP,326,2023,0.574
Cuba,PWRCSP,326,2024,0.574
Cuba,PWRCSP,326,2025,0.574
Cuba,PWRCSP,326,2026,0.574
Cuba,PWRCSP,326,2027,0.574
Cuba,PWRCSP,326,2028,0.574
Cuba,PWRCSP,326,2029,0.574
Cuba,PWRCSP,326,2030,0.574
Cuba,PWRCSP,326,2031,0.574
Cuba,PWRCSP,326,2032,0.574
Cuba,PWRCSP,326,2033,0.574
Cuba,PWRCSP,326,2034,0.574
Cuba,PWRCSP,326,2035,0.574
Cuba,PWRCSP,326,2036,0.574
Cuba,PWRCSP,326,2037,0.574
Cuba,PWRCSP,326,2038,0.574
Cuba,PWRCSP,326,2039,0.574
Cuba,PWRCSP,326,2040,0.574
Cuba,PWRCSP,326,2041,0.574
Cuba,PWRCSP,326,2042,0.574
Cuba,PWRCSP,326,2043,0.574
Cuba,PWRCSP,326,2044,0.574
Cuba,PWRCSP,326,2045,0.574
Cuba,PWRCSP,326,2046,0.574
Cuba,PWRCSP,326,2047,0.574
Cuba,PWRCSP,326,2048,0.574
Cuba,PWRCSP,326,2049,0.574
Cuba,PWRCSP,326,2050,0.574
Cuba,PWRCSP,326,2051,0.574
Cuba,PWRCSP,326,2052,0.574
Cuba,PWRCSP,326,2053,0.574
Cuba,PWRCSP,326,2054,0.574
Cuba,PWRCSP,326,2055,0.574
Cuba,PWRCSP,327,2019,0.314
Cuba,PWRCSP,327,2020,0.314
Cuba,PWRCSP,327,2021,0.314
Cuba,PWRCSP,327,2022,0.314
Cuba,PWRCSP,327,2023,0.314
Cuba,PWRCSP,327,2024,0.314
Cuba,PWRCSP,327,2025,0.314
Cuba,PWRCSP,327,2026,0.314
Cuba,PWRCSP,327,2027,0.314
Cuba,PWRCSP,327,2028,0.314
Cuba,PWRCSP,327,2029,0.314
Cuba,PWRCSP,327,2030,0.314
Cuba,PWRCSP,327,2031,0.314
Cuba,PWRCSP,327,2032,0.314
Cuba,PWRCSP,327,2033,0.314
Cuba,PWRCSP,327,2034,0.314
Cuba,PWRCSP,327,2035,0.314
Cuba,PWRCSP,327,2036,0.314
Cuba,PWRCSP,327,2037,0.314
Cuba,PWRCSP,327,2038,0.314
Cuba,PWRCSP,327,2039,0.314
Cuba,PWRCSP,327,2040,0.314
Cuba,PWRCSP,327,2041,0.314
Cuba,PWRCSP,327,2042,0.314
Cuba,PWRCSP,327,2043,0.314
Cuba,PWRCSP,327,2044,0.314
Cuba,PWRCSP,327,2045,0.314
Cuba,PWRCSP,327,2046,0.314
Cuba,PWRCSP,327,2047,0.314
Cuba,PWRCSP,327,2048,0.314
Cuba,PWRCSP,327,2049,0.314
Cuba,PWRCSP,327,2050,0.314
Cuba,PWRCSP,327,2051,0.314
Cuba,PWRCSP,327,2052,0.314
Cuba,PWRCSP,327,2053,0.314
Cuba,PWRCSP,327,2054,0.314
Cuba,PWRCSP,327,2055,0.314
Cuba,PWRCSP,328,2019,0.05
Cuba,PWRCSP,328,2020,0.05
Cuba,PWRCSP,328,2021,0.05
Cuba,PWRCSP,328,2022,0.05
Cuba,PWRCSP,328,2023,0.05
Cuba,PWRCSP,328,2024,0.05
Cuba,PWRCSP,328,2025,0.05
Cuba,PWRCSP,328,2026,0.05
Cuba,PWRCSP,328,2027,0.05
Cuba,PWRCSP,328,2028,0.05
Cuba,PWRCSP,328,2029,0.05
Cuba,PWRCSP,328,2030,0.05
Cuba,PWRCSP,328,2031,0.05
Cuba,PWRCSP,328,2032,0.05
Cuba,PWRCSP,328,2033,0.05
Cuba,PWRCSP,328,2034,0.05
Cuba,PWRCSP,328,2035,0.05
Cuba,PWRCSP,328,2036,0.05
Cuba,PWRCSP,328,2037,0.05
Cuba,PWRCSP,328,2038,0.05
Cuba,PWRCSP,328,2039,0.05
Cuba,PWRCSP,328,2040,0.05
Cuba,PWRCSP,328,2041,0.05
Cuba,PWRCSP,328,2042,0.05
Cuba,PWRCSP,328,2043,0.05
Cuba,PWRCSP,328,2044,0.05
Cuba,PWRCSP,328,2045,0.05
Cuba,PWRCSP,328,2046,0.05
Cuba,PWRCSP,328,2047,0.05
Cuba,PWRCSP,328,2048,0.05
Cuba,PWRCSP,328,2049,0.05
Cuba,PWRCSP,328,2050,0.05
Cuba,PWRCSP,328,2051,0.05
Cuba,PWRCSP,328,2052,0.05
Cuba,PWRCSP,328,2053,0.05
Cuba,PWRCSP,328,2054,0.05
Cuba,PWRCSP,328,2055,0.05
Cuba,PWRCSP,411,2019,0.0
Cuba,PWRCSP,411,2020,0.0
Cuba,PWRCSP,411,2021,0.0
Cuba,PWRCSP,411,2022,0.0
Cuba,PWRCSP,411,2023,0.0
Cuba,PWRCSP,411,2024,0.0
Cuba,PWRCSP,411,2025,0.0
Cuba,PWRCSP,411,2026,0.0
Cuba,PWRCSP,411,2027,0.0
Cuba,PWRCSP,411,2028,0.0
Cuba,PWRCSP,411,2029,0.0
Cuba,PWRCSP,411,2030,0.0
Cuba,PWRCSP,411,2031,0.0
Cuba,PWRCSP,411,2032,0.0
Cuba,PWRCSP,411,2033,0.0
Cuba,PWRCSP,411,2034,0.0
Cuba,PWRCSP,411,2035,0.0
Cuba,PWRCSP,411,2036,0.0
Cuba,PWRCSP,411,2037,0.0
Cuba,PWRCSP,411,2038,0.0
Cuba,PWRCSP,411,2039,0.0
Cuba,PWRCSP,411,2040,0.0
Cuba,PWRCSP,411,2041,0.0
Cuba,PWRCSP,411,2042,0.0
Cuba,PWRCSP,411,2043,0.0
Cuba,PWRCSP,411,2044,0.0
Cuba,PWRCSP,411,2045,0.0
Cuba,PWRCSP,411,2046,0.0
Cuba,PWRCSP,411,2047,0.0
Cuba,PWRCSP,411,2048,0.0
Cuba,PWRCSP,411,2049,0.0
Cuba,PWRCSP,411,2050,0.0
Cuba,PWRCSP,411,2051,0.0
Cuba,PWRCSP,411,2052,0.0
Cuba,PWRCSP,411,2053,0.0
Cuba,PWRCSP,411,2054,0.0
Cuba,PWRCSP,411,2055,0.0
Cuba,PWRCSP,412,2019,0.0
Cuba,PWRCSP,412,2020,0.0
Cuba,PWRCSP,412,2021,0.0
Cuba,PWRCSP,412,2022,0.0
Cuba,PWRCSP,412,2023,0.0
Cuba,PWRCSP,412,2024,0.0
Cuba,PWRCSP,412,2025,0.0
Cuba,PWRCSP,412,2026,0.0
Cuba,PWRCSP,412,2027,0.0
Cuba,PWRCSP,412,2028,0.0
Cuba,PWRCSP,412,2029,0.0
Cuba,PWRCSP,412,2030,0.0
Cuba,PWRCSP,412,2031,0.0
Cuba,PWRCSP,412,2032,0.0
Cuba,PWRCSP,412,2033,0.0
Cuba,PWRCSP,412,2034,0.0
Cuba,PWRCSP,412,2035,0.0
Cuba,PWRCSP,412,2036,0.0
Cuba,PWRCSP,412,2037,0.0
Cuba,PWRCSP,412,2038,0.0
Cuba,PWRCSP,412,2039,0.0
Cuba,PWRCSP,412,2040,0.0
Cuba,PWRCSP,412,2041,0.0
Cuba,PWRCSP,412,2042,0.0
Cuba,PWRCSP,412,2043,0.0
Cuba,PWRCSP,412,2044,0.0
Cuba,PWRCSP,412,2045,0.0
Cuba,PWRCSP,412,2046,0.0
Cuba,PWRCSP,412,2047,0.0
Cuba,PWRCSP,412,2048,0.0
Cuba,PWRCSP,412,2049,0.0
Cuba,PWRCSP,412,2050,0.0
Cuba,PWRCSP,412,2051,0.0
Cuba,PWRCSP,412,2052,0.0
Cuba,PWRCSP,412,2053,0.0
Cuba,PWRCSP,412,2054,0.0
Cuba,PWRCSP,412,2055,0.0
Cuba,PWRCSP,413,2019,0.004
Cuba,PWRCSP,413,2020,0.004
Cuba,PWRCSP,413,2021,0.004
Cuba,PWRCSP,413,2022,0.004
Cuba,PWRCSP,413,2023,0.004
Cuba,PWRCSP,413,2024,0.004
Cuba,PWRCSP,413,2025,0.004
Cuba,PWRCSP,413,2026,0.004
Cuba,PWRCSP,413,2027,0.004
Cuba,PWRCSP,413,2028,0.004
Cuba,PWRCSP,413,2029,0.004
Cuba,PWRCSP,413,2030,0.004
Cuba,PWRCSP,413,2031,0.004
Cuba,PWRCSP,413,2032,0.004
Cuba,PWRCSP,413,2033,0.004
Cuba,PWRCSP,413,2034,0.004
Cuba,PWRCSP,413,2035,0.004
Cuba,PWRCSP,413,2036,0.004
Cuba,PWRCSP,413,2037,0.004
Cuba,PWRCSP,413,2038,0.004
Cuba,PWRCSP,413,2039,0.004
Cuba,PWRCSP,413,2040,0.004
Cuba,PWRCSP,413,2041,0.004
Cuba,PWRCSP,413,2042,0.004
Cuba,PWRCSP,413,2043,0.004
Cuba,PWRCSP,413,2044,0.004
Cuba,PWRCSP,413,2045,0.004
Cuba,PWRCSP,413,2046,0.004
Cuba,PWRCSP,413,2047,0.004
Cuba,PWRCSP,413,2048,0.004
Cuba,PWRCSP,413,2049,0.004
Cuba,PWRCSP,413,2050,0.004
Cuba,PWRCSP,413,2051,0.004
Cuba,PWRCSP,413,2052,0.004
Cuba,PWRCSP,413,2053,0.004
Cuba,PWRCSP,413,2054,0.004
Cuba,PWRCSP,413,2055,0.004
Cuba,PWRCSP,414,2019,0.234
Cuba,PWRCSP,414,2020,0.234
Cuba,PWRCSP,414,2021,0.234
Cuba,PWRCSP,414,2022,0.234
Cuba,PWRCSP,414,2023,0.234
Cuba,PWRCSP,414,2024,0.234
Cuba,PWRCSP,414,2025,0.234
Cuba,PWRCSP,414,2026,0.234
Cuba,PWRCSP,414,2027,0.234
Cuba,PWRCSP,414,2028,0.234
Cuba,PWRCSP,414,2029,0.234
Cuba,PWRCSP,414,2030,0.234
Cuba,PWRCSP,414,2031,0.234
Cuba,PWRCSP,414,2032,0.234
Cuba,PWRCSP,414,2033,0.234
Cuba,PWRCSP,414,2034,0.234
Cuba,PWRCSP,414,2035,0.234
Cuba,PWRCSP,414,2036,0.234
Cuba,PWRCSP,414,2037,0.234
Cuba,PWRCSP,414,2038,0.234
Cuba,PWRCSP,414,2039,0.234
Cuba,PWRCSP,414,2040,0.234
Cuba,PWRCSP,414,2041,0.234
Cuba,PWRCSP,414,2042,0.234
Cuba,PWRCSP,414,2043,0.234
Cuba,PWRCSP,414,2044,0.234
Cuba,PWRCSP,414,2045,0.234
Cuba,PWRCSP,414,2046,0.234
Cuba,PWRCSP,414,2047,0.234
Cuba,PWRCSP,414,2048,0.234
Cuba,PWRCSP,414,2049,0.234
Cuba,PWRCSP,414,2050,0.234
Cuba,PWRCSP,414,2051,0.234
Cuba,PWRCSP,414,2052,0.234
Cuba,PWRCSP,414,2053,0.234
Cuba,PWRCSP,414,2054,0.234
Cuba,PWRCSP,414,2055,0.234
Cuba,PWRCSP,415,2019,0.54
Cuba,PWRCSP,415,2020,0.54
Cuba,PWRCSP,415,2021,0.54
Cuba,PWRCSP,415,2022,0.54
Cuba,PWRCSP,415,2023,0.54
Cuba,PWRCSP,415,2024,0.54
Cuba,PWRCSP,415,2025,0.54
Cuba,PWRCSP,415,2026,0.54
Cuba,PWRCSP,415,2027,0.54
Cuba,PWRCSP,415,2028,0.54
Cuba,PWRCSP,415,2029,0.54
Cuba,PWRCSP,415,2030,0.54
Cuba,PWRCSP,415,2031,0.54
Cuba,PWRCSP,415,2032,0.54
Cuba,PWRCSP,415,2033,0.54
Cuba,PWRCSP,415,2034,0.54
Cuba,PWRCSP,415,2035,0.54
Cuba,PWRCSP,415,2036,0.54
Cuba,PWRCSP,415,2037,0.54
Cuba,PWRCSP,415,2038,0.54
Cuba,PWRCSP,415,2039,0.54
Cuba,PWRCSP,415,2040,0.54
Cuba,PWRCSP,415,2041,0.54
Cuba,PWRCSP,415,2042,0.54
Cuba,PWRCSP,415,2043,0.54
Cuba,PWRCSP,415,2044,0.54
Cuba,PWRCSP,415,2045,0.54
Cuba,PWRCSP,415,2046,0.54
Cuba,PWRCSP,415,2047,0.54
Cuba,PWRCSP,415,2048,0.54
Cuba,PWRCSP,415,2049,0.54
Cuba,PWRCSP,415,2050,0.54
Cuba,PWRCSP,415,2051,0.54
Cuba,PWRCSP,415,2052,0.54
Cuba,PWRCSP,415,2053,0.54
Cuba,PWRCSP,415,2054,0.54
Cuba,PWRCSP,415,2055,0.54
Cuba,PWRCSP,416,2019,0.563
Cuba,PWRCSP,416,2020,0.563
Cuba,PWRCSP,416,2021,0.563
Cuba,PWRCSP,416,2022,0.563
Cuba,PWRCSP,416,2023,0.563
Cuba,PWRCSP,416,2024,0.563
Cuba,PWRCSP,416,2025,0.563
Cuba,PWRCSP,416,2026,0.563
Cuba,PWRCSP,416,2027,0.563
Cuba,PWRCSP,416,2028,0.563
Cuba,PWRCSP,416,2029,0.563
Cuba,PWRCSP,416,2030,0.563
Cuba,PWRCSP,416,2031,0.563
Cuba,PWRCSP,416,2032,0.563
Cuba,PWRCSP,416,2033,0.563
Cuba,PWRCSP,416,2034,0.563
Cuba,PWRCSP,416,2035,0.563
Cuba,PWRCSP,416,2036,0.563
Cuba,PWRCSP,416,2037,0.563
Cuba,PWRCSP,416,2038,0.563
Cuba,PWRCSP,416,2039,0.563
Cuba,PWRCSP,416,2040,0.563
Cuba,PWRCSP,416,2041,0.563
Cuba,PWRCSP,416,2042,0.563
Cuba,PWRCSP,416,2043,0.563
Cuba,PWRCSP,416,2044,0.563
Cuba,PWRCSP,416,2045,0.563
Cuba,PWRCSP,416,2046,0.563
Cuba,PWRCSP,416,2047,0.563
Cuba,PWRCSP,416,2048,0.563
Cuba,PWRCSP,416,2049,0.563
Cuba,PWRCSP,416,2050,0.563
Cuba,PWRCSP,416,2051,0.563
Cuba,PWRCSP,416,2052,0.563
Cuba,PWRCSP,416,2053,0.563
Cuba,PWRCSP,416,2054,0.563
Cuba,PWRCSP,416,2055,0.563
Cuba,PWRCSP,417,2019,0.342
Cuba,PWRCSP,417,2020,0.342
Cuba,PWRCSP,417,2021,0.342
Cuba,PWRCSP,417,2022,0.342
Cuba,PWRCSP,417,2023,0.342
Cuba,PWRCSP,417,2024,0.342
Cuba,PWRCSP,417,2025,0.342
Cuba,PWRCSP,417,2026,0.342
Cuba,PWRCSP,417,2027,0.342
Cuba,PWRCSP,417,2028,0.342
Cuba,PWRCSP,417,2029,0.342
Cuba,PWRCSP,417,2030,0.342
Cuba,PWRCSP,417,2031,0.342
Cuba,PWRCSP,417,2032,0.342
Cuba,PWRCSP,417,2033,0.342
Cuba,PWRCSP,417,2034,0.342
Cuba,PWRCSP,417,2035,0.342
Cuba,PWRCSP,417,2036,0.342
Cuba,PWRCSP,417,2037,0.342
Cuba,PWRCSP,417,2038,0.342
Cuba,PWRCSP,417,2039,0.342
Cuba,PWRCSP,417,2040,0.342
Cuba,PWRCSP,417,2041,0.342
Cuba,PWRCSP,417,2042,0.342
Cuba,PWRCSP,417,2043,0.342
Cuba,PWRCSP,417,2044,0.342
Cuba,PWRCSP,417,2045,0.342
Cuba,PWRCSP,417,2046,0.342
Cuba,PWRCSP,417,2047,0.342
Cuba,PWRCSP,417,2048,0.342
Cuba,PWRCSP,417,2049,0.342
Cuba,PWRCSP,417,2050,0.342
Cuba,PWRCSP,417,2051,0.342
Cuba,PWRCSP,417,2052,0.342
Cuba,PWRCSP,417,2053,0.342
Cuba,PWRCSP,417,2054,0.342
Cuba,PWRCSP,417,2055,0.342
Cuba,PWRCSP,418,2019,0.021
Cuba,PWRCSP,418,2020,0.021
Cuba,PWRCSP,418,2021,0.021
Cuba,PWRCSP,418,2022,0.021
Cuba,PWRCSP,418,2023,0.021
Cuba,PWRCSP,418,2024,0.021
Cuba,PWRCSP,418,2025,0.021
Cuba,PWRCSP,418,2026,0.021
Cuba,PWRCSP,418,2027,0.021
Cuba,PWRCSP,418,2028,0.021
Cuba,PWRCSP,418,2029,0.021
Cuba,PWRCSP,418,2030,0.021
Cuba,PWRCSP,418,2031,0.021
Cuba,PWRCSP,418,2032,0.021
Cuba,PWRCSP,418,2033,0.021
Cuba,PWRCSP,418,2034,0.021
Cuba,PWRCSP,418,2035,0.021
Cuba,PWRCSP,418,2036,0.021
Cuba,PWRCSP,418,2037,0.021
Cuba,PWRCSP,418,2038,0.021
Cuba,PWRCSP,418,2039,0.021
Cuba,PWRCSP,418,2040,0.021
Cuba,PWRCSP,418,2041,0.021
Cuba,PWRCSP,418,2042,0.021
Cuba,PWRCSP,418,2043,0.021
Cuba,PWRCSP,418,2044,0.021
Cuba,PWRCSP,418,2045,0.021
Cuba,PWRCSP,418,2046,0.021
Cuba,PWRCSP,418,2047,0.021
Cuba,PWRCSP,418,2048,0.021
Cuba,PWRCSP,418,2049,0.021
Cuba,PWRCSP,418,2050,0.021
Cuba,PWRCSP,418,2051,0.021
Cuba,PWRCSP,418,2052,0.021
Cuba,PWRCSP,418,2053,0.021
Cuba,PWRCSP,418,2054,0.021
Cuba,PWRCSP,418,2055,0.021
Cuba,PWRCSP,421,2019,0.0
Cuba,PWRCSP,421,2020,0.0
Cuba,PWRCSP,421,2021,0.0
Cuba,PWRCSP,421,2022,0.0
Cuba,PWRCSP,421,2023,0.0
Cuba,PWRCSP,421,2024,0.0
Cuba,PWRCSP,421,2025,0.0
Cuba,PWRCSP,421,2026,0.0
Cuba,PWRCSP,421,2027,0.0
Cuba,PWRCSP,421,2028,0.0
Cuba,PWRCSP,421,2029,0.0
Cuba,PWRCSP,421,2030,0.0
Cuba,PWRCSP,421,2031,0.0
Cuba,PWRCSP,421,2032,0.0
Cuba,PWRCSP,421,2033,0.0
Cuba,PWRCSP,421,2034,0.0
Cuba,PWRCSP,421,2035,0.0
Cuba,PWRCSP,421,2036,0.0
Cuba,PWRCSP,421,2037,0.0
Cuba,PWRCSP,421,2038,0.0
Cuba,PWRCSP,421,2039,0.0
Cuba,PWRCSP,421,2040,0.0
Cuba,PWRCSP,421,2041,0.0
Cuba,PWRCSP,421,2042,0.0
Cuba,PWRCSP,421,2043,0.0
Cuba,PWRCSP,421,2044,0.0
Cuba,PWRCSP,421,2045,0.0
Cuba,PWRCSP,421,2046,0.0
Cuba,PWRCSP,421,2047,0.0
Cuba,PWRCSP,421,2048,0.0
Cuba,PWRCSP,421,2049,0.0
Cuba,PWRCSP,421,2050,0.0
Cuba,PWRCSP,421,2051,0.0
Cuba,PWRCSP,421,2052,0.0
Cuba,PWRCSP,421,2053,0.0
Cuba,PWRCSP,421,2054,0.0
Cuba,PWRCSP,421,2055,0.0
Cuba,PWRCSP,422,2019,0.0
Cuba,PWRCSP,422,2020,0.0
Cuba,PWRCSP,422,2021,0.0
Cuba,PWRCSP,422,2022,0.0
Cuba,PWRCSP,422,2023,0.0
Cuba,PWRCSP,422,2024,0.0
Cuba,PWRCSP,422,2025,0.0
Cuba,PWRCSP,422,2026,0.0
Cuba,PWRCSP,422,2027,0.0
Cuba,PWRCSP,422,2028,0.0
Cuba,PWRCSP,422,2029,0.0
Cuba,PWRCSP,422,2030,0.0
Cuba,PWRCSP,422,2031,0.0
Cuba,PWRCSP,422,2032,0.0
Cuba,PWRCSP,422,2033,0.0
Cuba,PWRCSP,422,2034,0.0
Cuba,PWRCSP,422,2035,0.0
Cuba,PWRCSP,422,2036,0.0
Cuba,PWRCSP,422,2037,0.0
Cuba,PWRCSP,422,2038,0.0
Cuba,PWRCSP,422,2039,0.0
Cuba,PWRCSP,422,2040,0.0
Cuba,PWRCSP,422,2041,0.0
Cuba,PWRCSP,422,2042,0.0
Cuba,PWRCSP,422,2043,0.0
Cuba,PWRCSP,422,2044,0.0
Cuba,PWRCSP,422,2045,0.0
Cuba,PWRCSP,422,2046,0.0
Cuba,PWRCSP,422,2047,0.0
Cuba,PWRCSP,422,2048,0.0
Cuba,PWRCSP,422,2049,0.0
Cuba,PWRCSP,422,2050,0.0
Cuba,PWRCSP,422,2051,0.0
Cuba,PWRCSP,422,2052,0.0
Cuba,PWRCSP,422,2053,0.0
Cuba,PWRCSP,422,2054,0.0
Cuba,PWRCSP,422,2055,0.0
Cuba,PWRCSP,423,2019,0.004
Cuba,PWRCSP,423,2020,0.004
Cuba,PWRCSP,423,2021,0.004
Cuba,PWRCSP,423,2022,0.004
Cuba,PWRCSP,423,2023,0.004
Cuba,PWRCSP,423,2024,0.004
Cuba,PWRCSP,423,2025,0.004
Cuba,PWRCSP,423,2026,0.004
Cuba,PWRCSP,423,2027,0.004
Cuba,PWRCSP,423,2028,0.004
Cuba,PWRCSP,423,2029,0.004
Cuba,PWRCSP,423,2030,0.004
Cuba,PWRCSP,423,2031,0.004
Cuba,PWRCSP,423,2032,0.004
Cuba,PWRCSP,423,2033,0.004
Cuba,PWRCSP,423,2034,0.004
Cuba,PWRCSP,423,2035,0.004
Cuba,PWRCSP,423,2036,0.004
Cuba,PWRCSP,423,2037,0.004
Cuba,PWRCSP,423,2038,0.004
Cuba,PWRCSP,423,2039,0.004
Cuba,PWRCSP,423,2040,0.004
Cuba,PWRCSP,423,2041,0.004
Cuba,PWRCSP,423,2042,0.004
Cuba,PWRCSP,423,2043,0.004
Cuba,PWRCSP,423,2044,0.004
Cuba,PWRCSP,423,2045,0.004
Cuba,PWRCSP,423,2046,0.004
Cuba,PWRCSP,423,2047,0.004
Cuba,PWRCSP,423,2048,0.004
Cuba,PWRCSP,423,2049,0.004
Cuba,PWRCSP,423,2050,0.004
Cuba,PWRCSP,423,2051,0.004
Cuba,PWRCSP,423,2052,0.004
Cuba,PWRCSP,423,2053,0.004
Cuba,PWRCSP,423,2054,0.004
Cuba,PWRCSP,423,2055,0.004
Cuba,PWRCSP,424,2019,0.233
Cuba,PWRCSP,424,2020,0.233
Cuba,PWRCSP,424,2021,0.233
Cuba,PWRCSP,424,2022,0.233
Cuba,PWRCSP,424,2023,0.233
Cuba,PWRCSP,424,2024,0.233
Cuba,PWRCSP,424,2025,0.233
Cuba,PWRCSP,424,2026,0.233
Cuba,PWRCSP,424,2027,0.233
Cuba,PWRCSP,424,2028,0.233
Cuba,PWRCSP,424,2029,0.233
Cuba,PWRCSP,424,2030,0.233
Cuba,PWRCSP,424,2031,0.233
Cuba,PWRCSP,424,2032,0.233
Cuba,PWRCSP,424,2033,0.233
Cuba,PWRCSP,424,2034,0.233
Cuba,PWRCSP,424,2035,0.233
Cuba,PWRCSP,424,2036,0.233
Cuba,PWRCSP,424,2037,0.233
Cuba,PWRCSP,424,2038,0.233
Cuba,PWRCSP,424,2039,0.233
Cuba,PWRCSP,424,2040,0.233
Cuba,PWRCSP,424,2041,0.233
Cuba,PWRCSP,424,2042,0.233
Cuba,PWRCSP,424,2043,0.233
Cuba,PWRCSP,424,2044,0.233
Cuba,PWRCSP,424,2045,0.233
Cuba,PWRCSP,424,2046,0.233
Cuba,PWRCSP,424,2047,0.233
Cuba,PWRCSP,424,2048,0.233
Cuba,PWRCSP,424,2049,0.233
Cuba,PWRCSP,424,2050,0.233
Cuba,PWRCSP,424,2051,0.233
Cuba,PWRCSP,424,2052,0.233
Cuba,PWRCSP,424,2053,0.233
Cuba,PWRCSP,424,2054,0.233
Cuba,PWRCSP,424,2055,0.233
Cuba,PWRCSP,425,2019,0.537
Cuba,PWRCSP,425,2020,0.537
Cuba,PWRCSP,425,2021,0.537
Cuba,PWRCSP,425,2022,0.537
Cuba,PWRCSP,425,2023,0.537
Cuba,PWRCSP,425,2024,0.537
Cuba,PWRCSP,425,2025,0.537
Cuba,PWRCSP,425,2026,0.537
Cuba,PWRCSP,425,2027,0.537
Cuba,PWRCSP,425,2028,0.537
Cuba,PWRCSP,425,2029,0.537
Cuba,PWRCSP,425,2030,0.537
Cuba,PWRCSP,425,2031,0.537
Cuba,PWRCSP,425,2032,0.537
Cuba,PWRCSP,425,2033,0.537
Cuba,PWRCSP,425,2034,0.537
Cuba,PWRCSP,425,2035,0.537
Cuba,PWRCSP,425,2036,0.537
Cuba,PWRCSP,425,2037,0.537
Cuba,PWRCSP,425,2038,0.537
Cuba,PWRCSP,425,2039,0.537
Cuba,PWRCSP,425,2040,0.537
Cuba,PWRCSP,425,2041,0.537
Cuba,PWRCSP,425,2042,0.537
Cuba,PWRCSP,425,2043,0.537
Cuba,PWRCSP,425,2044,0.537
Cuba,PWRCSP,425,2045,0.537
Cuba,PWRCSP,425,2046,0.537
Cuba,PWRCSP,425,2047,0.537
Cuba,PWRCSP,425,2048,0.537
Cuba,PWRCSP,425,2049,0.537
Cuba,PWRCSP,425,2050,0.537
Cuba,PWRCSP,425,2051,0.537
Cuba,PWRCSP,425,2052,0.537
Cuba,PWRCSP,425,2053,0.537
Cuba,PWRCSP,425,2054,0.537
Cuba,PWRCSP,425,2055,0.537
Cuba,PWRCSP,426,2019,0.573
Cuba,PWRCSP,426,2020,0.573
Cuba,PWRCSP,426,2021,0.573
Cuba,PWRCSP,426,2022,0.573
Cuba,PWRCSP,426,2023,0.573
Cuba,PWRCSP,426,2024,0.573
Cuba,PWRCSP,426,2025,0.573
Cuba,PWRCSP,426,2026,0.573
Cuba,PWRCSP,426,2027,0.573
Cuba,PWRCSP,426,2028,0.573
Cuba,PWRCSP,426,2029,0.573
Cuba,PWRCSP,426,2030,0.573
Cuba,PWRCSP,426,2031,0.573
Cuba,PWRCSP,426,2032,0.573
Cuba,PWRCSP,426,2033,0.573
Cuba,PWRCSP,426,2034,0.573
Cuba,PWRCSP,426,2035,0.573
Cuba,PWRCSP,426,2036,0.573
Cuba,PWRCSP,426,2037,0.573
Cuba,PWRCSP,426,2038,0.573
Cuba,PWRCSP,426,2039,0.573
Cuba,PWRCSP,426,2040,0.573
Cuba,PWRCSP,426,2041,0.573
Cuba,PWRCSP,426,2042,0.573
Cuba,PWRCSP,426,2043,0.573
Cuba,PWRCSP,426,2044,0.573
Cuba,PWRCSP,426,2045,0.573
Cuba,PWRCSP,426,2046,0.573
Cuba,PWRCSP,426,2047,0.573
Cuba,PWRCSP,426,2048,0.573
Cuba,PWRCSP,426,2049,0.573
Cuba,PWRCSP,426,2050,0.573
Cuba,PWRCSP,426,2051,0.573
Cuba,PWRCSP,426,2052,0.573
Cuba,PWRCSP,426,2053,0.573
Cuba,PWRCSP,426,2054,0.573
Cuba,PWRCSP,426,2055,0.573
Cuba,PWRCSP,427,2019,0.34
Cuba,PWRCSP,427,2020,0.34
Cuba,PWRCSP,427,2021,0.34
Cuba,PWRCSP,427,2022,0.34
Cuba,PWRCSP,427,2023,0.34
Cuba,PWRCSP,427,2024,0.34
Cuba,PWRCSP,427,2025,0.34
Cuba,PWRCSP,427,2026,0.34
Cuba,PWRCSP,427,2027,0.34
Cuba,PWRCSP,427,2028,0.34
Cuba,PWRCSP,427,2029,0.34
Cuba,PWRCSP,427,2030,0.34
Cuba,PWRCSP,427,2031,0.34
Cuba,PWRCSP,427,2032,0.34
Cuba,PWRCSP,427,2033,0.34
Cuba,PWRCSP,427,2034,0.34
Cuba,PWRCSP,427,2035,0.34
Cuba,PWRCSP,427,2036,0.34
Cuba,PWRCSP,427,2037,0.34
Cuba,PWRCSP,427,2038,0.34
Cuba,PWRCSP,427,2039,0.34
Cuba,PWRCSP,427,2040,0.34
Cuba,PWRCSP,427,2041,0.34
Cuba,PWRCSP,427,2042,0.34
Cuba,PWRCSP,427,2043,0.34
Cuba,PWRCSP,427,2044,0.34
Cuba,PWRCSP,427,2045,0.34
Cuba,PWRCSP,427,2046,0.34
Cuba,PWRCSP,427,2047,0.34
Cuba,PWRCSP,427,2048,0.34
Cuba,PWRCSP,427,2049,0.34
Cuba,PWRCSP,427,2050,0.34
Cuba,PWRCSP,427,2051,0.34
Cuba,PWRCSP,427,2052,0.34
Cuba,PWRCSP,427,2053,0.34
Cuba,PWRCSP,427,2054,0.34
Cuba,PWRCSP,427,2055,0.34
Cuba,PWRCSP,428,2019,0.023
Cuba,PWRCSP,428,2020,0.023
Cuba,PWRCSP,428,2021,0.023
Cuba,PWRCSP,428,2022,0.023
Cuba,PWRCSP,428,2023,0.023
Cuba,PWRCSP,428,2024,0.023
Cuba,PWRCSP,428,2025,0.023
Cuba,PWRCSP,428,2026,0.023
Cuba,PWRCSP,428,2027,0.023
Cuba,PWRCSP,428,2028,0.023
Cuba,PWRCSP,428,2029,0.023
Cuba,PWRCSP,428,2030,0.023
Cuba,PWRCSP,428,2031,0.023
Cuba,PWRCSP,428,2032,0.023
Cuba,PWRCSP,428,2033,0.023
Cuba,PWRCSP,428,2034,0.023
Cuba,PWRCSP,428,2035,0.023
Cuba,PWRCSP,428,2036,0.023
Cuba,PWRCSP,428,2037,0.023
Cuba,PWRCSP,428,2038,0.023
Cuba,PWRCSP,428,2039,0.023
Cuba,PWRCSP,428,2040,0.023
Cuba,PWRCSP,428,2041,0.023
Cuba,PWRCSP,428,2042,0.023
Cuba,PWRCSP,428,2043,0.023
Cuba,PWRCSP,428,2044,0.023
Cuba,PWRCSP,428,2045,0.023
Cuba,PWRCSP,428,2046,0.023
Cuba,PWRCSP,428,2047,0.023
Cuba,PWRCSP,428,2048,0.023
Cuba,PWRCSP,428,2049,0.023
Cuba,PWRCSP,428,2050,0.023
Cuba,PWRCSP,428,2051,0.023
Cuba,PWRCSP,428,2052,0.023
Cuba,PWRCSP,428,2053,0.023
Cuba,PWRCSP,428,2054,0.023
Cuba,PWRCSP,428,2055,0.023
