REGION,FUEL,TIMESLICE,YEAR,value
Cuba,RESELC,111,2019,0.032
Cuba,RESELC,111,2020,0.032
Cuba,RESELC,111,2021,0.032
Cuba,RESELC,111,2022,0.032
Cuba,RESELC,111,2023,0.032
Cuba,RESELC,111,2024,0.032
Cuba,RESELC,111,2025,0.032
Cuba,RESELC,111,2026,0.032
Cuba,RESELC,111,2027,0.032
Cuba,RESELC,111,2028,0.032
Cuba,RESELC,111,2029,0.032
Cuba,RESELC,111,2030,0.032
Cuba,RESELC,111,2031,0.032
Cuba,RESELC,111,2032,0.032
Cuba,RESELC,111,2033,0.032
Cuba,RESELC,111,2034,0.032
Cuba,RESELC,111,2035,0.032
Cuba,RESELC,111,2036,0.032
Cuba,RESELC,111,2037,0.032
Cuba,RESELC,111,2038,0.032
Cuba,RESELC,111,2039,0.032
Cuba,RESELC,111,2040,0.032
Cuba,RESELC,111,2041,0.032
Cuba,RESELC,111,2042,0.032
Cuba,RESELC,111,2043,0.032
Cuba,RESELC,111,2044,0.032
Cuba,RESELC,111,2045,0.032
Cuba,RESELC,111,2046,0.032
Cuba,RESELC,111,2047,0.032
Cuba,RESELC,111,2048,0.032
Cuba,RESELC,111,2049,0.032
Cuba,RESELC,111,2050,0.032
Cuba,RESELC,111,2051,0.032
Cuba,RESELC,111,2052,0.032
Cuba,RESELC,111,2053,0.032
Cuba,RESELC,111,2054,0.032
Cuba,RESELC,111,2055,0.032
Cuba,RESELC,112,2019,0.025
Cuba,RESELC,112,2020,0.025
Cuba,RESELC,112,2021,0.025
Cuba,RESELC,112,2022,0.025
Cuba,RESELC,112,2023,0.025
Cuba,RESELC,112,2024,0.025
Cuba,RESELC,112,2025,0.025
Cuba,RESELC,112,2026,0.025
Cuba,RESELC,112,2027,0.025
Cuba,RESELC,112,2028,0.025
Cuba,RESELC,112,2029,0.025
Cuba,RESELC,112,2030,0.025
Cuba,RESELC,112,2031,0.025
Cuba,RESELC,112,2032,0.025
Cuba,RESELC,112,2033,0.025
Cuba,RESELC,112,2034,0.025
Cuba,RESELC,112,2035,0.025
Cuba,RESELC,112,2036,0.025
Cuba,RESELC,112,2037,0.025
Cuba,RESELC,112,2038,0.025
Cuba,RESELC,112,2039,0.025
Cuba,RESELC,112,2040,0.025
Cuba,RESELC,112,2041,0.025
Cuba,RESELC,112,2042,0.025
Cuba,RESELC,112,2043,0.025
Cuba,RESELC,112,2044,0.025
Cuba,RESELC,112,2045,0.025
Cuba,RESELC,112,2046,0.025
Cuba,RESELC,112,2047,0.025
Cuba,RESELC,112,2048,0.025
Cuba,RESELC,112,2049,0.025
Cuba,RESELC,112,2050,0.025
Cuba,RESELC,112,2051,0.025
Cuba,RESELC,112,2052,0.025
Cuba,RESELC,112,2053,0.025
Cuba,RESELC,112,2054,0.025
Cuba,RESELC,112,2055,0.025
Cuba,RESELC,113,2019,0.012
Cuba,RESELC,113,2020,0.012
Cuba,RESELC,113,2021,0.012
Cuba,RESELC,113,2022,0.012
Cuba,RESELC,113,2023,0.012
Cuba,RESELC,113,2024,0.012
Cuba,RESELC,113,2025,0.012
Cuba,RESELC,113,2026,0.012
Cuba,RESELC,113,2027,0.012
Cuba,RESELC,113,2028,0.012
Cuba,RESELC,113,2029,0.012
Cuba,RESELC,113,2030,0.012
Cuba,RESELC,113,2031,0.012
Cuba,RESELC,113,2032,0.012
Cuba,RESELC,113,2033,0.012
Cuba,RESELC,113,2034,0.012
Cuba,RESELC,113,2035,0.012
Cuba,RESELC,113,2036,0.012
Cuba,RESELC,113,2037,0.012
Cuba,RESELC,113,2038,0.012
Cuba,RESELC,113,2039,0.012
Cuba,RESELC,113,2040,0.012
Cuba,RESELC,113,2041,0.012
Cuba,RESELC,113,2042,0.012
Cuba,RESELC,113,2043,0.012
Cuba,RESELC,113,2044,0.012
Cuba,RESELC,113,2045,0.012
Cuba,RESELC,113,2046,0.012
Cuba,RESELC,113,2047,0.012
Cuba,RESELC,113,2048,0.012
Cuba,RESELC,113,2049,0.012
Cuba,RESELC,113,2050,0.012
Cuba,RESELC,113,2051,0.012
Cuba,RESELC,113,2052,0.012
Cuba,RESELC,113,2053,0.012
Cuba,RESELC,113,2054,0.012
Cuba,RESELC,113,2055,0.012
Cuba,RESELC,114,2019,0.02
Cuba,RESELC,114,2020,0.02
Cuba,RESELC,114,2021,0.02
Cuba,RESELC,114,2022,0.02
Cuba,RESELC,114,2023,0.02
Cuba,RESELC,114,2024,0.02
Cuba,RESELC,114,2025,0.02
Cuba,RESELC,114,2026,0.02
Cuba,RESELC,114,2027,0.02
Cuba,RESELC,114,2028,0.02
Cuba,RESELC,114,2029,0.02
Cuba,RESELC,114,2030,0.02
Cuba,RESELC,114,2031,0.02
Cuba,RESELC,114,2032,0.02
Cuba,RESELC,114,2033,0.02
Cuba,RESELC,114,2034,0.02
Cuba,RESELC,114,2035,0.02
Cuba,RESELC,114,2036,0.02
Cuba,RESELC,114,2037,0.02
Cuba,RESELC,114,2038,0.02
Cuba,RESELC,114,2039,0.02
Cuba,RESELC,114,2040,0.02
Cuba,RESELC,114,2041,0.02
Cuba,RESELC,114,2042,0.02
Cuba,RESELC,114,2043,0.02
Cuba,RESELC,114,2044,0.02
Cuba,RESELC,114,2045,0.02
Cuba,RESELC,114,2046,0.02
Cuba,RESELC,114,2047,0.02
Cuba,RESELC,114,2048,0.02
Cuba,RESELC,114,2049,0.02
Cuba,RESELC,114,2050,0.02
Cuba,RESELC,114,2051,0.02
Cuba,RESELC,114,2052,0.02
Cuba,RESELC,114,2053,0.02
Cuba,RESELC,114,2054,0.02
Cuba,RESELC,114,2055,0.02
Cuba,RESELC,115,2019,0.016
Cuba,RESELC,115,2020,0.016
Cuba,RESELC,115,2021,0.016
Cuba,RESELC,115,2022,0.016
Cuba,RESELC,115,2023,0.016
Cuba,RESELC,115,2024,0.016
Cuba,RESELC,115,2025,0.016
Cuba,RESELC,115,2026,0.016
Cuba,RESELC,115,2027,0.016
Cuba,RESELC,115,2028,0.016
Cuba,RESELC,115,2029,0.016
Cuba,RESELC,115,2030,0.016
Cuba,RESELC,115,2031,0.016
Cuba,RESELC,115,2032,0.016
Cuba,RESELC,115,2033,0.016
Cuba,RESELC,115,2034,0.016
Cuba,RESELC,115,2035,0.016
Cuba,RESELC,115,2036,0.016
Cuba,RESELC,115,2037,0.016
Cuba,RESELC,115,2038,0.016
Cuba,RESELC,115,2039,0.016
Cuba,RESELC,115,2040,0.016
Cuba,RESELC,115,2041,0.016
Cuba,RESELC,115,2042,0.016
Cuba,RESELC,115,2043,0.016
Cuba,RESELC,115,2044,0.016
Cuba,RESELC,115,2045,0.016
Cuba,RESELC,115,2046,0.016
Cuba,RESELC,115,2047,0.016
Cuba,RESELC,115,2048,0.016
Cuba,RESELC,115,2049,0.016
Cuba,RESELC,115,2050,0.016
Cuba,RESELC,115,2051,0.016
Cuba,RESELC,115,2052,0.016
Cuba,RESELC,115,2053,0.016
Cuba,RESELC,115,2054,0.016
Cuba,RESELC,115,2055,0.016
Cuba,RESELC,116,2019,0.021
Cuba,RESELC,116,2020,0.021
Cuba,RESELC,116,2021,0.021
Cuba,RESELC,116,2022,0.021
Cuba,RESELC,116,2023,0.021
Cuba,RESELC,116,2024,0.021
Cuba,RESELC,116,2025,0.021
Cuba,RESELC,116,2026,0.021
Cuba,RESELC,116,2027,0.021
Cuba,RESELC,116,2028,0.021
Cuba,RESELC,116,2029,0.021
Cuba,RESELC,116,2030,0.021
Cuba,RESELC,116,2031,0.021
Cuba,RESELC,116,2032,0.021
Cuba,RESELC,116,2033,0.021
Cuba,RESELC,116,2034,0.021
Cuba,RESELC,116,2035,0.021
Cuba,RESELC,116,2036,0.021
Cuba,RESELC,116,2037,0.021
Cuba,RESELC,116,2038,0.021
Cuba,RESELC,116,2039,0.021
Cuba,RESELC,116,2040,0.021
Cuba,RESELC,116,2041,0.021
Cuba,RESELC,116,2042,0.021
Cuba,RESELC,116,2043,0.021
Cuba,RESELC,116,2044,0.021
Cuba,RESELC,116,2045,0.021
Cuba,RESELC,116,2046,0.021
Cuba,RESELC,116,2047,0.021
Cuba,RESELC,116,2048,0.021
Cuba,RESELC,116,2049,0.021
Cuba,RESELC,116,2050,0.021
Cuba,RESELC,116,2051,0.021
Cuba,RESELC,116,2052,0.021
Cuba,RESELC,116,2053,0.021
Cuba,RESELC,116,2054,0.021
Cuba,RESELC,116,2055,0.021
Cuba,RESELC,117,2019,0.015
Cuba,RESELC,117,2020,0.015
Cuba,RESELC,117,2021,0.015
Cuba,RESELC,117,2022,0.015
Cuba,RESELC,117,2023,0.015
Cuba,RESELC,117,2024,0.015
Cuba,RESELC,117,2025,0.015
Cuba,RESELC,117,2026,0.015
Cuba,RESELC,117,2027,0.015
Cuba,RESELC,117,2028,0.015
Cuba,RESELC,117,2029,0.015
Cuba,RESELC,117,2030,0.015
Cuba,RESELC,117,2031,0.015
Cuba,RESELC,117,2032,0.015
Cuba,RESELC,117,2033,0.015
Cuba,RESELC,117,2034,0.015
Cuba,RESELC,117,2035,0.015
Cuba,RESELC,117,2036,0.015
Cuba,RESELC,117,2037,0.015
Cuba,RESELC,117,2038,0.015
Cuba,RESELC,117,2039,0.015
Cuba,RESELC,117,2040,0.015
Cuba,RESELC,117,2041,0.015
Cuba,RESELC,117,2042,0.015
Cuba,RESELC,117,2043,0.015
Cuba,RESELC,117,2044,0.015
Cuba,RESELC,117,2045,0.015
Cuba,RESELC,117,2046,0.015
Cuba,RESELC,117,2047,0.015
Cuba,RESELC,117,2048,0.015
Cuba,RESELC,117,2049,0.015
Cuba,RESELC,117,2050,0.015
Cuba,RESELC,117,2051,0.015
Cuba,RESELC,117,2052,0.015
Cuba,RESELC,117,2053,0.015
Cuba,RESELC,117,2054,0.015
Cuba,RESELC,117,2055,0.015
Cuba,RESELC,118,2019,0.017
Cuba,RESELC,118,2020,0.017
Cuba,RESELC,118,2021,0.017
Cuba,RESELC,118,2022,0.017
Cuba,RESELC,118,2023,0.017
Cuba,RESELC,118,2024,0.017
Cuba,RESELC,118,2025,0.017
Cuba,RESELC,118,2026,0.017
Cuba,RESELC,118,2027,0.017
Cuba,RESELC,118,2028,0.017
Cuba,RESELC,118,2029,0.017
Cuba,RESELC,118,2030,0.017
Cuba,RESELC,118,2031,0.017
Cuba,RESELC,118,2032,0.017
Cuba,RESELC,118,2033,0.017
Cuba,RESELC,118,2034,0.017
Cuba,RESELC,118,2035,0.017
Cuba,RESELC,118,2036,0.017
Cuba,RESELC,118,2037,0.017
Cuba,RESELC,118,2038,0.017
Cuba,RESELC,118,2039,0.017
Cuba,RESELC,118,2040,0.017
Cuba,RESELC,118,2041,0.017
Cuba,RESELC,118,2042,0.017
Cuba,RESELC,118,2043,0.017
Cuba,RESELC,118,2044,0.017
Cuba,RESELC,118,2045,0.017
Cuba,RESELC,118,2046,0.017
Cuba,RESELC,118,2047,0.017
Cuba,RESELC,118,2048,0.017
Cuba,RESELC,118,2049,0.017
Cuba,RESELC,118,2050,0.017
Cuba,RESELC,118,2051,0.017
Cuba,RESELC,118,2052,0.017
Cuba,RESELC,118,2053,0.017
Cuba,RESELC,118,2054,0.017
Cuba,RESELC,118,2055,0.017
Cuba,RESELC,121,2019,0.014
Cuba,RESELC,121,2020,0.014
Cuba,RESELC,121,2021,0.014
Cuba,RESELC,121,2022,0.014
Cuba,RESELC,121,2023,0.014
Cuba,RESELC,121,2024,0.014
Cuba,RESELC,121,2025,0.014
Cuba,RESELC,121,2026,0.014
Cuba,RESELC,121,2027,0.014
Cuba,RESELC,121,2028,0.014
Cuba,RESELC,121,2029,0.014
Cuba,RESELC,121,2030,0.014
Cuba,RESELC,121,2031,0.014
Cuba,RESELC,121,2032,0.014
Cuba,RESELC,121,2033,0.014
Cuba,RESELC,121,2034,0.014
Cuba,RESELC,121,2035,0.014
Cuba,RESELC,121,2036,0.014
Cuba,RESELC,121,2037,0.014
Cuba,RESELC,121,2038,0.014
Cuba,RESELC,121,2039,0.014
Cuba,RESELC,121,2040,0.014
Cuba,RESELC,121,2041,0.014
Cuba,RESELC,121,2042,0.014
Cuba,RESELC,121,2043,0.014
Cuba,RESELC,121,2044,0.014
Cuba,RESELC,121,2045,0.014
Cuba,RESELC,121,2046,0.014
Cuba,RESELC,121,2047,0.014
Cuba,RESELC,121,2048,0.014
Cuba,RESELC,121,2049,0.014
Cuba,RESELC,121,2050,0.014
Cuba,RESELC,121,2051,0.014
Cuba,RESELC,121,2052,0.014
Cuba,RESELC,121,2053,0.014
Cuba,RESELC,121,2054,0.014
Cuba,RESELC,121,2055,0.014
Cuba,RESELC,122,2019,0.011
Cuba,RESELC,122,2020,0.011
Cuba,RESELC,122,2021,0.011
Cuba,RESELC,122,2022,0.011
Cuba,RESELC,122,2023,0.011
Cuba,RESELC,122,2024,0.011
Cuba,RESELC,122,2025,0.011
Cuba,RESELC,122,2026,0.011
Cuba,RESELC,122,2027,0.011
Cuba,RESELC,122,2028,0.011
Cuba,RESELC,122,2029,0.011
Cuba,RESELC,122,2030,0.011
Cuba,RESELC,122,2031,0.011
Cuba,RESELC,122,2032,0.011
Cuba,RESELC,122,2033,0.011
Cuba,RESELC,122,2034,0.011
Cuba,RESELC,122,2035,0.011
Cuba,RESELC,122,2036,0.011
Cuba,RESELC,122,2037,0.011
Cuba,RESELC,122,2038,0.011
Cuba,RESELC,122,2039,0.011
Cuba,RESELC,122,2040,0.011
Cuba,RESELC,122,2041,0.011
Cuba,RESELC,122,2042,0.011
Cuba,RESELC,122,2043,0.011
Cuba,RESELC,122,2044,0.011
Cuba,RESELC,122,2045,0.011
Cuba,RESELC,122,2046,0.011
Cuba,RESELC,122,2047,0.011
Cuba,RESELC,122,2048,0.011
Cuba,RESELC,122,2049,0.011
Cuba,RESELC,122,2050,0.011
Cuba,RESELC,122,2051,0.011
Cuba,RESELC,122,2052,0.011
Cuba,RESELC,122,2053,0.011
Cuba,RESELC,122,2054,0.011
Cuba,RESELC,122,2055,0.011
Cuba,RESELC,123,2019,0.005
Cuba,RESELC,123,2020,0.005
Cuba,RESELC,123,2021,0.005
Cuba,RESELC,123,2022,0.005
Cuba,RESELC,123,2023,0.005
Cuba,RESELC,123,2024,0.005
Cuba,RESELC,123,2025,0.005
Cuba,RESELC,123,2026,0.005
Cuba,RESELC,123,2027,0.005
Cuba,RESELC,123,2028,0.005
Cuba,RESELC,123,2029,0.005
Cuba,RESELC,123,2030,0.005
Cuba,RESELC,123,2031,0.005
Cuba,RESELC,123,2032,0.005
Cuba,RESELC,123,2033,0.005
Cuba,RESELC,123,2034,0.005
Cuba,RESELC,123,2035,0.005
Cuba,RESELC,123,2036,0.005
Cuba,RESELC,123,2037,0.005
Cuba,RESELC,123,2038,0.005
Cuba,RESELC,123,2039,0.005
Cuba,RESELC,123,2040,0.005
Cuba,RESELC,123,2041,0.005
Cuba,RESELC,123,2042,0.005
Cuba,RESELC,123,2043,0.005
Cuba,RESELC,123,2044,0.005
Cuba,RESELC,123,2045,0.005
Cuba,RESELC,123,2046,0.005
Cuba,RESELC,123,2047,0.005
Cuba,RESELC,123,2048,0.005
Cuba,RESELC,123,2049,0.005
Cuba,RESELC,123,2050,0.005
Cuba,RESELC,123,2051,0.005
Cuba,RESELC,123,2052,0.005
Cuba,RESELC,123,2053,0.005
Cuba,RESELC,123,2054,0.005
Cuba,RESELC,123,2055,0.005
Cuba,RESELC,124,2019,0.009
Cuba,RESELC,124,2020,0.009
Cuba,RESELC,124,2021,0.009
Cuba,RESELC,124,2022,0.009
Cuba,RESELC,124,2023,0.009
Cuba,RESELC,124,2024,0.009
Cuba,RESELC,124,2025,0.009
Cuba,RESELC,124,2026,0.009
Cuba,RESELC,124,2027,0.009
Cuba,RESELC,124,2028,0.009
Cuba,RESELC,124,2029,0.009
Cuba,RESELC,124,2030,0.009
Cuba,RESELC,124,2031,0.009
Cuba,RESELC,124,2032,0.009
Cuba,RESELC,124,2033,0.009
Cuba,RESELC,124,2034,0.009
Cuba,RESELC,124,2035,0.009
Cuba,RESELC,124,2036,0.009
Cuba,RESELC,124,2037,0.009
Cuba,RESELC,124,2038,0.009
Cuba,RESELC,124,2039,0.009
Cuba,RESELC,124,2040,0.009
Cuba,RESELC,124,2041,0.009
Cuba,RESELC,124,2042,0.009
Cuba,RESELC,124,2043,0.009
Cuba,RESELC,124,2044,0.009
Cuba,RESELC,124,2045,0.009
Cuba,RESELC,124,2046,0.009
Cuba,RESELC,124,2047,0.009
Cuba,RESELC,124,2048,0.009
Cuba,RESELC,124,2049,0.009
Cuba,RESELC,124,2050,0.009
Cuba,RESELC,124,2051,0.009
Cuba,RESELC,124,2052,0.009
Cuba,RESELC,124,2053,0.009
Cuba,RESELC,124,2054,0.009
Cuba,RESELC,124,2055,0.009
Cuba,RESELC,125,2019,0.007
Cuba,RESELC,125,2020,0.007
Cuba,RESELC,125,2021,0.007
Cuba,RESELC,125,2022,0.007
Cuba,RESELC,125,2023,0.007
Cuba,RESELC,125,2024,0.007
Cuba,RESELC,125,2025,0.007
Cuba,RESELC,125,2026,0.007
Cuba,RESELC,125,2027,0.007
Cuba,RESELC,125,2028,0.007
Cuba,RESELC,125,2029,0.007
Cuba,RESELC,125,2030,0.007
Cuba,RESELC,125,2031,0.007
Cuba,RESELC,125,2032,0.007
Cuba,RESELC,125,2033,0.007
Cuba,RESELC,125,2034,0.007
Cuba,RESELC,125,2035,0.007
Cuba,RESELC,125,2036,0.007
Cuba,RESELC,125,2037,0.007
Cuba,RESELC,125,2038,0.007
Cuba,RESELC,125,2039,0.007
Cuba,RESELC,125,2040,0.007
Cuba,RESELC,125,2041,0.007
Cuba,RESELC,125,2042,0.007
Cuba,RESELC,125,2043,0.007
Cuba,RESELC,125,2044,0.007
Cuba,RESELC,125,2045,0.007
Cuba,RESELC,125,2046,0.007
Cuba,RESELC,125,2047,0.007
Cuba,RESELC,125,2048,0.007
Cuba,RESELC,125,2049,0.007
Cuba,RESELC,125,2050,0.007
Cuba,RESELC,125,2051,0.007
Cuba,RESELC,125,2052,0.007
Cuba,RESELC,125,2053,0.007
Cuba,RESELC,125,2054,0.007
Cuba,RESELC,125,2055,0.007
Cuba,RESELC,126,2019,0.009
Cuba,RESELC,126,2020,0.009
Cuba,RESELC,126,2021,0.009
Cuba,RESELC,126,2022,0.009
Cuba,RESELC,126,2023,0.009
Cuba,RESELC,126,2024,0.009
Cuba,RESELC,126,2025,0.009
Cuba,RESELC,126,2026,0.009
Cuba,RESELC,126,2027,0.009
Cuba,RESELC,126,2028,0.009
Cuba,RESELC,126,2029,0.009
Cuba,RESELC,126,2030,0.009
Cuba,RESELC,126,2031,0.009
Cuba,RESELC,126,2032,0.009
Cuba,RESELC,126,2033,0.009
Cuba,RESELC,126,2034,0.009
Cuba,RESELC,126,2035,0.009
Cuba,RESELC,126,2036,0.009
Cuba,RESELC,126,2037,0.009
Cuba,RESELC,126,2038,0.009
Cuba,RESELC,126,2039,0.009
Cuba,RESELC,126,2040,0.009
Cuba,RESELC,126,2041,0.009
Cuba,RESELC,126,2042,0.009
Cuba,RESELC,126,2043,0.009
Cuba,RESELC,126,2044,0.009
Cuba,RESELC,126,2045,0.009
Cuba,RESELC,126,2046,0.009
Cuba,RESELC,126,2047,0.009
Cuba,RESELC,126,2048,0.009
Cuba,RESELC,126,2049,0.009
Cuba,RESELC,126,2050,0.009
Cuba,RESELC,126,2051,0.009
Cuba,RESELC,126,2052,0.009
Cuba,RESELC,126,2053,0.009
Cuba,RESELC,126,2054,0.009
Cuba,RESELC,126,2055,0.009
Cuba,RESELC,127,2019,0.006
Cuba,RESELC,127,2020,0.006
Cuba,RESELC,127,2021,0.006
Cuba,RESELC,127,2022,0.006
Cuba,RESELC,127,2023,0.006
Cuba,RESELC,127,2024,0.006
Cuba,RESELC,127,2025,0.006
Cuba,RESELC,127,2026,0.006
Cuba,RESELC,127,2027,0.006
Cuba,RESELC,127,2028,0.006
Cuba,RESELC,127,2029,0.006
Cuba,RESELC,127,2030,0.006
Cuba,RESELC,127,2031,0.006
Cuba,RESELC,127,2032,0.006
Cuba,RESELC,127,2033,0.006
Cuba,RESELC,127,2034,0.006
Cuba,RESELC,127,2035,0.006
Cuba,RESELC,127,2036,0.006
Cuba,RESELC,127,2037,0.006
Cuba,RESELC,127,2038,0.006
Cuba,RESELC,127,2039,0.006
Cuba,RESELC,127,2040,0.006
Cuba,RESELC,127,2041,0.006
Cuba,RESELC,127,2042,0.006
Cuba,RESELC,127,2043,0.006
Cuba,RESELC,127,2044,0.006
Cuba,RESELC,127,2045,0.006
Cuba,RESELC,127,2046,0.006
Cuba,RESELC,127,2047,0.006
Cuba,RESELC,127,2048,0.006
Cuba,RESELC,127,2049,0.006
Cuba,RESELC,127,2050,0.006
Cuba,RESELC,127,2051,0.006
Cuba,RESELC,127,2052,0.006
Cuba,RESELC,127,2053,0.006
Cuba,RESELC,127,2054,0.006
Cuba,RESELC,127,2055,0.006
Cuba,RESELC,128,2019,0.007
Cuba,RESELC,128,2020,0.007
Cuba,RESELC,128,2021,0.007
Cuba,RESELC,128,2022,0.007
Cuba,RESELC,128,2023,0.007
Cuba,RESELC,128,2024,0.007
Cuba,RESELC,128,2025,0.007
Cuba,RESELC,128,2026,0.007
Cuba,RESELC,128,2027,0.007
Cuba,RESELC,128,2028,0.007
Cuba,RESELC,128,2029,0.007
Cuba,RESELC,128,2030,0.007
Cuba,RESELC,128,2031,0.007
Cuba,RESELC,128,2032,0.007
Cuba,RESELC,128,2033,0.007
Cuba,RESELC,128,2034,0.007
Cuba,RESELC,128,2035,0.007
Cuba,RESELC,128,2036,0.007
Cuba,RESELC,128,2037,0.007
Cuba,RESELC,128,2038,0.007
Cuba,RESELC,128,2039,0.007
Cuba,RESELC,128,2040,0.007
Cuba,RESELC,128,2041,0.007
Cuba,RESELC,128,2042,0.007
Cuba,RESELC,128,2043,0.007
Cuba,RESELC,128,2044,0.007
Cuba,RESELC,128,2045,0.007
Cuba,RESELC,128,2046,0.007
Cuba,RESELC,128,2047,0.007
Cuba,RESELC,128,2048,0.007
Cuba,RESELC,128,2049,0.007
Cuba,RESELC,128,2050,0.007
Cuba,RESELC,128,2051,0.007
Cuba,RESELC,128,2052,0.007
Cuba,RESELC,128,2053,0.007
Cuba,RESELC,128,2054,0.007
Cuba,RESELC,128,2055,0.007
Cuba,RESELC,211,2019,0.04
Cuba,RESELC,211,2020,0.04
Cuba,RESELC,211,2021,0.04
Cuba,RESELC,211,2022,0.04
Cuba,RESELC,211,2023,0.04
Cuba,RESELC,211,2024,0.04
Cuba,RESELC,211,2025,0.04
Cuba,RESELC,211,2026,0.04
Cuba,RESELC,211,2027,0.04
Cuba,RESELC,211,2028,0.04
Cuba,RESELC,211,2029,0.04
Cuba,RESELC,211,2030,0.04
Cuba,RESELC,211,2031,0.04
Cuba,RESELC,211,2032,0.04
Cuba,RESELC,211,2033,0.04
Cuba,RESELC,211,2034,0.04
Cuba,RESELC,211,2035,0.04
Cuba,RESELC,211,2036,0.04
Cuba,RESELC,211,2037,0.04
Cuba,RESELC,211,2038,0.04
Cuba,RESELC,211,2039,0.04
Cuba,RESELC,211,2040,0.04
Cuba,RESELC,211,2041,0.04
Cuba,RESELC,211,2042,0.04
Cuba,RESELC,211,2043,0.04
Cuba,RESELC,211,2044,0.04
Cuba,RESELC,211,2045,0.04
Cuba,RESELC,211,2046,0.04
Cuba,RESELC,211,2047,0.04
Cuba,RESELC,211,2048,0.04
Cuba,RESELC,211,2049,0.04
Cuba,RESELC,211,2050,0.04
Cuba,RESELC,211,2051,0.04
Cuba,RESELC,211,2052,0.04
Cuba,RESELC,211,2053,0.04
Cuba,RESELC,211,2054,0.04
Cuba,RESELC,211,2055,0.04
Cuba,RESELC,212,2019,0.032
Cuba,RESELC,212,2020,0.032
Cuba,RESELC,212,2021,0.032
Cuba,RESELC,212,2022,0.032
Cuba,RESELC,212,2023,0.032
Cuba,RESELC,212,2024,0.032
Cuba,RESELC,212,2025,0.032
Cuba,RESELC,212,2026,0.032
Cuba,RESELC,212,2027,0.032
Cuba,RESELC,212,2028,0.032
Cuba,RESELC,212,2029,0.032
Cuba,RESELC,212,2030,0.032
Cuba,RESELC,212,2031,0.032
Cuba,RESELC,212,2032,0.032
Cuba,RESELC,212,2033,0.032
Cuba,RESELC,212,2034,0.032
Cuba,RESELC,212,2035,0.032
Cuba,RESELC,212,2036,0.032
Cuba,RESELC,212,2037,0.032
Cuba,RESELC,212,2038,0.032
Cuba,RESELC,212,2039,0.032
Cuba,RESELC,212,2040,0.032
Cuba,RESELC,212,2041,0.032
Cuba,RESELC,212,2042,0.032
Cuba,RESELC,212,2043,0.032
Cuba,RESELC,212,2044,0.032
Cuba,RESELC,212,2045,0.032
Cuba,RESELC,212,2046,0.032
Cuba,RESELC,212,2047,0.032
Cuba,RESELC,212,2048,0.032
Cuba,RESELC,212,2049,0.032
Cuba,RESELC,212,2050,0.032
Cuba,RESELC,212,2051,0.032
Cuba,RESELC,212,2052,0.032
Cuba,RESELC,212,2053,0.032
Cuba,RESELC,212,2054,0.032
Cuba,RESELC,212,2055,0.032
Cuba,RESELC,213,2019,0.014
Cuba,RESELC,213,2020,0.014
Cuba,RESELC,213,2021,0.014
Cuba,RESELC,213,2022,0.014
Cuba,RESELC,213,2023,0.014
Cuba,RESELC,213,2024,0.014
Cuba,RESELC,213,2025,0.014
Cuba,RESELC,213,2026,0.014
Cuba,RESELC,213,2027,0.014
Cuba,RESELC,213,2028,0.014
Cuba,RESELC,213,2029,0.014
Cuba,RESELC,213,2030,0.014
Cuba,RESELC,213,2031,0.014
Cuba,RESELC,213,2032,0.014
Cuba,RESELC,213,2033,0.014
Cuba,RESELC,213,2034,0.014
Cuba,RESELC,213,2035,0.014
Cuba,RESELC,213,2036,0.014
Cuba,RESELC,213,2037,0.014
Cuba,RESELC,213,2038,0.014
Cuba,RESELC,213,2039,0.014
Cuba,RESELC,213,2040,0.014
Cuba,RESELC,213,2041,0.014
Cuba,RESELC,213,2042,0.014
Cuba,RESELC,213,2043,0.014
Cuba,RESELC,213,2044,0.014
Cuba,RESELC,213,2045,0.014
Cuba,RESELC,213,2046,0.014
Cuba,RESELC,213,2047,0.014
Cuba,RESELC,213,2048,0.014
Cuba,RESELC,213,2049,0.014
Cuba,RESELC,213,2050,0.014
Cuba,RESELC,213,2051,0.014
Cuba,RESELC,213,2052,0.014
Cuba,RESELC,213,2053,0.014
Cuba,RESELC,213,2054,0.014
Cuba,RESELC,213,2055,0.014
Cuba,RESELC,214,2019,0.023
Cuba,RESELC,214,2020,0.023
Cuba,RESELC,214,2021,0.023
Cuba,RESELC,214,2022,0.023
Cuba,RESELC,214,2023,0.023
Cuba,RESELC,214,2024,0.023
Cuba,RESELC,214,2025,0.023
Cuba,RESELC,214,2026,0.023
Cuba,RESELC,214,2027,0.023
Cuba,RESELC,214,2028,0.023
Cuba,RESELC,214,2029,0.023
Cuba,RESELC,214,2030,0.023
Cuba,RESELC,214,2031,0.023
Cuba,RESELC,214,2032,0.023
Cuba,RESELC,214,2033,0.023
Cuba,RESELC,214,2034,0.023
Cuba,RESELC,214,2035,0.023
Cuba,RESELC,214,2036,0.023
Cuba,RESELC,214,2037,0.023
Cuba,RESELC,214,2038,0.023
Cuba,RESELC,214,2039,0.023
Cuba,RESELC,214,2040,0.023
Cuba,RESELC,214,2041,0.023
Cuba,RESELC,214,2042,0.023
Cuba,RESELC,214,2043,0.023
Cuba,RESELC,214,2044,0.023
Cuba,RESELC,214,2045,0.023
Cuba,RESELC,214,2046,0.023
Cuba,RESELC,214,2047,0.023
Cuba,RESELC,214,2048,0.023
Cuba,RESELC,214,2049,0.023
Cuba,RESELC,214,2050,0.023
Cuba,RESELC,214,2051,0.023
Cuba,RESELC,214,2052,0.023
Cuba,RESELC,214,2053,0.023
Cuba,RESELC,214,2054,0.023
Cuba,RESELC,214,2055,0.023
Cuba,RESELC,215,2019,0.017
Cuba,RESELC,215,2020,0.017
Cuba,RESELC,215,2021,0.017
Cuba,RESELC,215,2022,0.017
Cuba,RESELC,215,2023,0.017
Cuba,RESELC,215,2024,0.017
Cuba,RESELC,215,2025,0.017
Cuba,RESELC,215,2026,0.017
Cuba,RESELC,215,2027,0.017
Cuba,RESELC,215,2028,0.017
Cuba,RESELC,215,2029,0.017
Cuba,RESELC,215,2030,0.017
Cuba,RESELC,215,2031,0.017
Cuba,RESELC,215,2032,0.017
Cuba,RESELC,215,2033,0.017
Cuba,RESELC,215,2034,0.017
Cuba,RESELC,215,2035,0.017
Cuba,RESELC,215,2036,0.017
Cuba,RESELC,215,2037,0.017
Cuba,RESELC,215,2038,0.017
Cuba,RESELC,215,2039,0.017
Cuba,RESELC,215,2040,0.017
Cuba,RESELC,215,2041,0.017
Cuba,RESELC,215,2042,0.017
Cuba,RESELC,215,2043,0.017
Cuba,RESELC,215,2044,0.017
Cuba,RESELC,215,2045,0.017
Cuba,RESELC,215,2046,0.017
Cuba,RESELC,215,2047,0.017
Cuba,RESELC,215,2048,0.017
Cuba,RESELC,215,2049,0.017
Cuba,RESELC,215,2050,0.017
Cuba,RESELC,215,2051,0.017
Cuba,RESELC,215,2052,0.017
Cuba,RESELC,215,2053,0.017
Cuba,RESELC,215,2054,0.017
Cuba,RESELC,215,2055,0.017
Cuba,RESELC,216,2019,0.023
Cuba,RESELC,216,2020,0.023
Cuba,RESELC,216,2021,0.023
Cuba,RESELC,216,2022,0.023
Cuba,RESELC,216,2023,0.023
Cuba,RESELC,216,2024,0.023
Cuba,RESELC,216,2025,0.023
Cuba,RESELC,216,2026,0.023
Cuba,RESELC,216,2027,0.023
Cuba,RESELC,216,2028,0.023
Cuba,RESELC,216,2029,0.023
Cuba,RESELC,216,2030,0.023
Cuba,RESELC,216,2031,0.023
Cuba,RESELC,216,2032,0.023
Cuba,RESELC,216,2033,0.023
Cuba,RESELC,216,2034,0.023
Cuba,RESELC,216,2035,0.023
Cuba,RESELC,216,2036,0.023
Cuba,RESELC,216,2037,0.023
Cuba,RESELC,216,2038,0.023
Cuba,RESELC,216,2039,0.023
Cuba,RESELC,216,2040,0.023
Cuba,RESELC,216,2041,0.023
Cuba,RESELC,216,2042,0.023
Cuba,RESELC,216,2043,0.023
Cuba,RESELC,216,2044,0.023
Cuba,RESELC,216,2045,0.023
Cuba,RESELC,216,2046,0.023
Cuba,RESELC,216,2047,0.023
Cuba,RESELC,216,2048,0.023
Cuba,RESELC,216,2049,0.023
Cuba,RESELC,216,2050,0.023
Cuba,RESELC,216,2051,0.023
Cuba,RESELC,216,2052,0.023
Cuba,RESELC,216,2053,0.023
Cuba,RESELC,216,2054,0.023
Cuba,RESELC,216,2055,0.023
Cuba,RESELC,217,2019,0.016
Cuba,RESELC,217,2020,0.016
Cuba,RESELC,217,2021,0.016
Cuba,RESELC,217,2022,0.016
Cuba,RESELC,217,2023,0.016
Cuba,RESELC,217,2024,0.016
Cuba,RESELC,217,2025,0.016
Cuba,RESELC,217,2026,0.016
Cuba,RESELC,217,2027,0.016
Cuba,RESELC,217,2028,0.016
Cuba,RESELC,217,2029,0.016
Cuba,RESELC,217,2030,0.016
Cuba,RESELC,217,2031,0.016
Cuba,RESELC,217,2032,0.016
Cuba,RESELC,217,2033,0.016
Cuba,RESELC,217,2034,0.016
Cuba,RESELC,217,2035,0.016
Cuba,RESELC,217,2036,0.016
Cuba,RESELC,217,2037,0.016
Cuba,RESELC,217,2038,0.016
Cuba,RESELC,217,2039,0.016
Cuba,RESELC,217,2040,0.016
Cuba,RESELC,217,2041,0.016
Cuba,RESELC,217,2042,0.016
Cuba,RESELC,217,2043,0.016
Cuba,RESELC,217,2044,0.016
Cuba,RESELC,217,2045,0.016
Cuba,RESELC,217,2046,0.016
Cuba,RESELC,217,2047,0.016
Cuba,RESELC,217,2048,0.016
Cuba,RESELC,217,2049,0.016
Cuba,RESELC,217,2050,0.016
Cuba,RESELC,217,2051,0.016
Cuba,RESELC,217,2052,0.016
Cuba,RESELC,217,2053,0.016
Cuba,RESELC,217,2054,0.016
Cuba,RESELC,217,2055,0.016
Cuba,RESELC,218,2019,0.017
Cuba,RESELC,218,2020,0.017
Cuba,RESELC,218,2021,0.017
Cuba,RESELC,218,2022,0.017
Cuba,RESELC,218,2023,0.017
Cuba,RESELC,218,2024,0.017
Cuba,RESELC,218,2025,0.017
Cuba,RESELC,218,2026,0.017
Cuba,RESELC,218,2027,0.017
Cuba,RESELC,218,2028,0.017
Cuba,RESELC,218,2029,0.017
Cuba,RESELC,218,2030,0.017
Cuba,RESELC,218,2031,0.017
Cuba,RESELC,218,2032,0.017
Cuba,RESELC,218,2033,0.017
Cuba,RESELC,218,2034,0.017
Cuba,RESELC,218,2035,0.017
Cuba,RESELC,218,2036,0.017
Cuba,RESELC,218,2037,0.017
Cuba,RESELC,218,2038,0.017
Cuba,RESELC,218,2039,0.017
Cuba,RESELC,218,2040,0.017
Cuba,RESELC,218,2041,0.017
Cuba,RESELC,218,2042,0.017
Cuba,RESELC,218,2043,0.017
Cuba,RESELC,218,2044,0.017
Cuba,RESELC,218,2045,0.017
Cuba,RESELC,218,2046,0.017
Cuba,RESELC,218,2047,0.017
Cuba,RESELC,218,2048,0.017
Cuba,RESELC,218,2049,0.017
Cuba,RESELC,218,2050,0.017
Cuba,RESELC,218,2051,0.017
Cuba,RESELC,218,2052,0.017
Cuba,RESELC,218,2053,0.017
Cuba,RESELC,218,2054,0.017
Cuba,RESELC,218,2055,0.017
Cuba,RESELC,221,2019,0.016
Cuba,RESELC,221,2020,0.016
Cuba,RESELC,221,2021,0.016
Cuba,RESELC,221,2022,0.016
Cuba,RESELC,221,2023,0.016
Cuba,RESELC,221,2024,0.016
Cuba,RESELC,221,2025,0.016
Cuba,RESELC,221,2026,0.016
Cuba,RESELC,221,2027,0.016
Cuba,RESELC,221,2028,0.016
Cuba,RESELC,221,2029,0.016
Cuba,RESELC,221,2030,0.016
Cuba,RESELC,221,2031,0.016
Cuba,RESELC,221,2032,0.016
Cuba,RESELC,221,2033,0.016
Cuba,RESELC,221,2034,0.016
Cuba,RESELC,221,2035,0.016
Cuba,RESELC,221,2036,0.016
Cuba,RESELC,221,2037,0.016
Cuba,RESELC,221,2038,0.016
Cuba,RESELC,221,2039,0.016
Cuba,RESELC,221,2040,0.016
Cuba,RESELC,221,2041,0.016
Cuba,RESELC,221,2042,0.016
Cuba,RESELC,221,2043,0.016
Cuba,RESELC,221,2044,0.016
Cuba,RESELC,221,2045,0.016
Cuba,RESELC,221,2046,0.016
Cuba,RESELC,221,2047,0.016
Cuba,RESELC,221,2048,0.016
Cuba,RESELC,221,2049,0.016
Cuba,RESELC,221,2050,0.016
Cuba,RESELC,221,2051,0.016
Cuba,RESELC,221,2052,0.016
Cuba,RESELC,221,2053,0.016
Cuba,RESELC,221,2054,0.016
Cuba,RESELC,221,2055,0.016
Cuba,RESELC,222,2019,0.013
Cuba,RESELC,222,2020,0.013
Cuba,RESELC,222,2021,0.013
Cuba,RESELC,222,2022,0.013
Cuba,RESELC,222,2023,0.013
Cuba,RESELC,222,2024,0.013
Cuba,RESELC,222,2025,0.013
Cuba,RESELC,222,2026,0.013
Cuba,RESELC,222,2027,0.013
Cuba,RESELC,222,2028,0.013
Cuba,RESELC,222,2029,0.013
Cuba,RESELC,222,2030,0.013
Cuba,RESELC,222,2031,0.013
Cuba,RESELC,222,2032,0.013
Cuba,RESELC,222,2033,0.013
Cuba,RESELC,222,2034,0.013
Cuba,RESELC,222,2035,0.013
Cuba,RESELC,222,2036,0.013
Cuba,RESELC,222,2037,0.013
Cuba,RESELC,222,2038,0.013
Cuba,RESELC,222,2039,0.013
Cuba,RESELC,222,2040,0.013
Cuba,RESELC,222,2041,0.013
Cuba,RESELC,222,2042,0.013
Cuba,RESELC,222,2043,0.013
Cuba,RESELC,222,2044,0.013
Cuba,RESELC,222,2045,0.013
Cuba,RESELC,222,2046,0.013
Cuba,RESELC,222,2047,0.013
Cuba,RESELC,222,2048,0.013
Cuba,RESELC,222,2049,0.013
Cuba,RESELC,222,2050,0.013
Cuba,RESELC,222,2051,0.013
Cuba,RESELC,222,2052,0.013
Cuba,RESELC,222,2053,0.013
Cuba,RESELC,222,2054,0.013
Cuba,RESELC,222,2055,0.013
Cuba,RESELC,223,2019,0.006
Cuba,RESELC,223,2020,0.006
Cuba,RESELC,223,2021,0.006
Cuba,RESELC,223,2022,0.006
Cuba,RESELC,223,2023,0.006
Cuba,RESELC,223,2024,0.006
Cuba,RESELC,223,2025,0.006
Cuba,RESELC,223,2026,0.006
Cuba,RESELC,223,2027,0.006
Cuba,RESELC,223,2028,0.006
Cuba,RESELC,223,2029,0.006
Cuba,RESELC,223,2030,0.006
Cuba,RESELC,223,2031,0.006
Cuba,RESELC,223,2032,0.006
Cuba,RESELC,223,2033,0.006
Cuba,RESELC,223,2034,0.006
Cuba,RESELC,223,2035,0.006
Cuba,RESELC,223,2036,0.006
Cuba,RESELC,223,2037,0.006
Cuba,RESELC,223,2038,0.006
Cuba,RESELC,223,2039,0.006
Cuba,RESELC,223,2040,0.006
Cuba,RESELC,223,2041,0.006
Cuba,RESELC,223,2042,0.006
Cuba,RESELC,223,2043,0.006
Cuba,RESELC,223,2044,0.006
Cuba,RESELC,223,2045,0.006
Cuba,RESELC,223,2046,0.006
Cuba,RESELC,223,2047,0.006
Cuba,RESELC,223,2048,0.006
Cuba,RESELC,223,2049,0.006
Cuba,RESELC,223,2050,0.006
Cuba,RESELC,223,2051,0.006
Cuba,RESELC,223,2052,0.006
Cuba,RESELC,223,2053,0.006
Cuba,RESELC,223,2054,0.006
Cuba,RESELC,223,2055,0.006
Cuba,RESELC,224,2019,0.009
Cuba,RESELC,224,2020,0.009
Cuba,RESELC,224,2021,0.009
Cuba,RESELC,224,2022,0.009
Cuba,RESELC,224,2023,0.009
Cuba,RESELC,224,2024,0.009
Cuba,RESELC,224,2025,0.009
Cuba,RESELC,224,2026,0.009
Cuba,RESELC,224,2027,0.009
Cuba,RESELC,224,2028,0.009
Cuba,RESELC,224,2029,0.009
Cuba,RESELC,224,2030,0.009
Cuba,RESELC,224,2031,0.009
Cuba,RESELC,224,2032,0.009
Cuba,RESELC,224,2033,0.009
Cuba,RESELC,224,2034,0.009
Cuba,RESELC,224,2035,0.009
Cuba,RESELC,224,2036,0.009
Cuba,RESELC,224,2037,0.009
Cuba,RESELC,224,2038,0.009
Cuba,RESELC,224,2039,0.009
Cuba,RESELC,224,2040,0.009
Cuba,RESELC,224,2041,0.009
Cuba,RESELC,224,2042,0.009
Cuba,RESELC,224,2043,0.009
Cuba,RESELC,224,2044,0.009
Cuba,RESELC,224,2045,0.009
Cuba,RESELC,224,2046,0.009
Cuba,RESELC,224,2047,0.009
Cuba,RESELC,224,2048,0.009
Cuba,RESELC,224,2049,0.009
Cuba,RESELC,224,2050,0.009
Cuba,RESELC,224,2051,0.009
Cuba,RESELC,224,2052,0.009
Cuba,RESELC,224,2053,0.009
Cuba,RESELC,224,2054,0.009
Cuba,RESELC,224,2055,0.009
Cuba,RESELC,225,2019,0.007
Cuba,RESELC,225,2020,0.007
Cuba,RESELC,225,2021,0.007
Cuba,RESELC,225,2022,0.007
Cuba,RESELC,225,2023,0.007
Cuba,RESELC,225,2024,0.007
Cuba,RESELC,225,2025,0.007
Cuba,RESELC,225,2026,0.007
Cuba,RESELC,225,2027,0.007
Cuba,RESELC,225,2028,0.007
Cuba,RESELC,225,2029,0.007
Cuba,RESELC,225,2030,0.007
Cuba,RESELC,225,2031,0.007
Cuba,RESELC,225,2032,0.007
Cuba,RESELC,225,2033,0.007
Cuba,RESELC,225,2034,0.007
Cuba,RESELC,225,2035,0.007
Cuba,RESELC,225,2036,0.007
Cuba,RESELC,225,2037,0.007
Cuba,RESELC,225,2038,0.007
Cuba,RESELC,225,2039,0.007
Cuba,RESELC,225,2040,0.007
Cuba,RESELC,225,2041,0.007
Cuba,RESELC,225,2042,0.007
Cuba,RESELC,225,2043,0.007
Cuba,RESELC,225,2044,0.007
Cuba,RESELC,225,2045,0.007
Cuba,RESELC,225,2046,0.007
Cuba,RESELC,225,2047,0.007
Cuba,RESELC,225,2048,0.007
Cuba,RESELC,225,2049,0.007
Cuba,RESELC,225,2050,0.007
Cuba,RESELC,225,2051,0.007
Cuba,RESELC,225,2052,0.007
Cuba,RESELC,225,2053,0.007
Cuba,RESELC,225,2054,0.007
Cuba,RESELC,225,2055,0.007
Cuba,RESELC,226,2019,0.009
Cuba,RESELC,226,2020,0.009
Cuba,RESELC,226,2021,0.009
Cuba,RESELC,226,2022,0.009
Cuba,RESELC,226,2023,0.009
Cuba,RESELC,226,2024,0.009
Cuba,RESELC,226,2025,0.009
Cuba,RESELC,226,2026,0.009
Cuba,RESELC,226,2027,0.009
Cuba,RESELC,226,2028,0.009
Cuba,RESELC,226,2029,0.009
Cuba,RESELC,226,2030,0.009
Cuba,RESELC,226,2031,0.009
Cuba,RESELC,226,2032,0.009
Cuba,RESELC,226,2033,0.009
Cuba,RESELC,226,2034,0.009
Cuba,RESELC,226,2035,0.009
Cuba,RESELC,226,2036,0.009
Cuba,RESELC,226,2037,0.009
Cuba,RESELC,226,2038,0.009
Cuba,RESELC,226,2039,0.009
Cuba,RESELC,226,2040,0.009
Cuba,RESELC,226,2041,0.009
Cuba,RESELC,226,2042,0.009
Cuba,RESELC,226,2043,0.009
Cuba,RESELC,226,2044,0.009
Cuba,RESELC,226,2045,0.009
Cuba,RESELC,226,2046,0.009
Cuba,RESELC,226,2047,0.009
Cuba,RESELC,226,2048,0.009
Cuba,RESELC,226,2049,0.009
Cuba,RESELC,226,2050,0.009
Cuba,RESELC,226,2051,0.009
Cuba,RESELC,226,2052,0.009
Cuba,RESELC,226,2053,0.009
Cuba,RESELC,226,2054,0.009
Cuba,RESELC,226,2055,0.009
Cuba,RESELC,227,2019,0.006
Cuba,RESELC,227,2020,0.006
Cuba,RESELC,227,2021,0.006
Cuba,RESELC,227,2022,0.006
Cuba,RESELC,227,2023,0.006
Cuba,RESELC,227,2024,0.006
Cuba,RESELC,227,2025,0.006
Cuba,RESELC,227,2026,0.006
Cuba,RESELC,227,2027,0.006
Cuba,RESELC,227,2028,0.006
Cuba,RESELC,227,2029,0.006
Cuba,RESELC,227,2030,0.006
Cuba,RESELC,227,2031,0.006
Cuba,RESELC,227,2032,0.006
Cuba,RESELC,227,2033,0.006
Cuba,RESELC,227,2034,0.006
Cuba,RESELC,227,2035,0.006
Cuba,RESELC,227,2036,0.006
Cuba,RESELC,227,2037,0.006
Cuba,RESELC,227,2038,0.006
Cuba,RESELC,227,2039,0.006
Cuba,RESELC,227,2040,0.006
Cuba,RESELC,227,2041,0.006
Cuba,RESELC,227,2042,0.006
Cuba,RESELC,227,2043,0.006
Cuba,RESELC,227,2044,0.006
Cuba,RESELC,227,2045,0.006
Cuba,RESELC,227,2046,0.006
Cuba,RESELC,227,2047,0.006
Cuba,RESELC,227,2048,0.006
Cuba,RESELC,227,2049,0.006
Cuba,RESELC,227,2050,0.006
Cuba,RESELC,227,2051,0.006
Cuba,RESELC,227,2052,0.006
Cuba,RESELC,227,2053,0.006
Cuba,RESELC,227,2054,0.006
Cuba,RESELC,227,2055,0.006
Cuba,RESELC,228,2019,0.007
Cuba,RESELC,228,2020,0.007
Cuba,RESELC,228,2021,0.007
Cuba,RESELC,228,2022,0.007
Cuba,RESELC,228,2023,0.007
Cuba,RESELC,228,2024,0.007
Cuba,RESELC,228,2025,0.007
Cuba,RESELC,228,2026,0.007
Cuba,RESELC,228,2027,0.007
Cuba,RESELC,228,2028,0.007
Cuba,RESELC,228,2029,0.007
Cuba,RESELC,228,2030,0.007
Cuba,RESELC,228,2031,0.007
Cuba,RESELC,228,2032,0.007
Cuba,RESELC,228,2033,0.007
Cuba,RESELC,228,2034,0.007
Cuba,RESELC,228,2035,0.007
Cuba,RESELC,228,2036,0.007
Cuba,RESELC,228,2037,0.007
Cuba,RESELC,228,2038,0.007
Cuba,RESELC,228,2039,0.007
Cuba,RESELC,228,2040,0.007
Cuba,RESELC,228,2041,0.007
Cuba,RESELC,228,2042,0.007
Cuba,RESELC,228,2043,0.007
Cuba,RESELC,228,2044,0.007
Cuba,RESELC,228,2045,0.007
Cuba,RESELC,228,2046,0.007
Cuba,RESELC,228,2047,0.007
Cuba,RESELC,228,2048,0.007
Cuba,RESELC,228,2049,0.007
Cuba,RESELC,228,2050,0.007
Cuba,RESELC,228,2051,0.007
Cuba,RESELC,228,2052,0.007
Cuba,RESELC,228,2053,0.007
Cuba,RESELC,228,2054,0.007
Cuba,RESELC,228,2055,0.007
Cuba,RESELC,311,2019,0.043
Cuba,RESELC,311,2020,0.043
Cuba,RESELC,311,2021,0.043
Cuba,RESELC,311,2022,0.043
Cuba,RESELC,311,2023,0.043
Cuba,RESELC,311,2024,0.043
Cuba,RESELC,311,2025,0.043
Cuba,RESELC,311,2026,0.043
Cuba,RESELC,311,2027,0.043
Cuba,RESELC,311,2028,0.043
Cuba,RESELC,311,2029,0.043
Cuba,RESELC,311,2030,0.043
Cuba,RESELC,311,2031,0.043
Cuba,RESELC,311,2032,0.043
Cuba,RESELC,311,2033,0.043
Cuba,RESELC,311,2034,0.043
Cuba,RESELC,311,2035,0.043
Cuba,RESELC,311,2036,0.043
Cuba,RESELC,311,2037,0.043
Cuba,RESELC,311,2038,0.043
Cuba,RESELC,311,2039,0.043
Cuba,RESELC,311,2040,0.043
Cuba,RESELC,311,2041,0.043
Cuba,RESELC,311,2042,0.043
Cuba,RESELC,311,2043,0.043
Cuba,RESELC,311,2044,0.043
Cuba,RESELC,311,2045,0.043
Cuba,RESELC,311,2046,0.043
Cuba,RESELC,311,2047,0.043
Cuba,RESELC,311,2048,0.043
Cuba,RESELC,311,2049,0.043
Cuba,RESELC,311,2050,0.043
Cuba,RESELC,311,2051,0.043
Cuba,RESELC,311,2052,0.043
Cuba,RESELC,311,2053,0.043
Cuba,RESELC,311,2054,0.043
Cuba,RESELC,311,2055,0.043
Cuba,RESELC,312,2019,0.037
Cuba,RESELC,312,2020,0.037
Cuba,RESELC,312,2021,0.037
Cuba,RESELC,312,2022,0.037
Cuba,RESELC,312,2023,0.037
Cuba,RESELC,312,2024,0.037
Cuba,RESELC,312,2025,0.037
Cuba,RESELC,312,2026,0.037
Cuba,RESELC,312,2027,0.037
Cuba,RESELC,312,2028,0.037
Cuba,RESELC,312,2029,0.037
Cuba,RESELC,312,2030,0.037
Cuba,RESELC,312,2031,0.037
Cuba,RESELC,312,2032,0.037
Cuba,RESELC,312,2033,0.037
Cuba,RESELC,312,2034,0.037
Cuba,RESELC,312,2035,0.037
Cuba,RESELC,312,2036,0.037
Cuba,RESELC,312,2037,0.037
Cuba,RESELC,312,2038,0.037
Cuba,RESELC,312,2039,0.037
Cuba,RESELC,312,2040,0.037
Cuba,RESELC,312,2041,0.037
Cuba,RESELC,312,2042,0.037
Cuba,RESELC,312,2043,0.037
Cuba,RESELC,312,2044,0.037
Cuba,RESELC,312,2045,0.037
Cuba,RESELC,312,2046,0.037
Cuba,RESELC,312,2047,0.037
Cuba,RESELC,312,2048,0.037
Cuba,RESELC,312,2049,0.037
Cuba,RESELC,312,2050,0.037
Cuba,RESELC,312,2051,0.037
Cuba,RESELC,312,2052,0.037
Cuba,RESELC,312,2053,0.037
Cuba,RESELC,312,2054,0.037
Cuba,RESELC,312,2055,0.037
Cuba,RESELC,313,2019,0.015
Cuba,RESELC,313,2020,0.015
Cuba,RESELC,313,2021,0.015
Cuba,RESELC,313,2022,0.015
Cuba,RESELC,313,2023,0.015
Cuba,RESELC,313,2024,0.015
Cuba,RESELC,313,2025,0.015
Cuba,RESELC,313,2026,0.015
Cuba,RESELC,313,2027,0.015
Cuba,RESELC,313,2028,0.015
Cuba,RESELC,313,2029,0.015
Cuba,RESELC,313,2030,0.015
Cuba,RESELC,313,2031,0.015
Cuba,RESELC,313,2032,0.015
Cuba,RESELC,313,2033,0.015
Cuba,RESELC,313,2034,0.015
Cuba,RESELC,313,2035,0.015
Cuba,RESELC,313,2036,0.015
Cuba,RESELC,313,2037,0.015
Cuba,RESELC,313,2038,0.015
Cuba,RESELC,313,2039,0.015
Cuba,RESELC,313,2040,0.015
Cuba,RESELC,313,2041,0.015
Cuba,RESELC,313,2042,0.015
Cuba,RESELC,313,2043,0.015
Cuba,RESELC,313,2044,0.015
Cuba,RESELC,313,2045,0.015
Cuba,RESELC,313,2046,0.015
Cuba,RESELC,313,2047,0.015
Cuba,RESELC,313,2048,0.015
Cuba,RESELC,313,2049,0.015
Cuba,RESELC,313,2050,0.015
Cuba,RESELC,313,2051,0.015
Cuba,RESELC,313,2052,0.015
Cuba,RESELC,313,2053,0.015
Cuba,RESELC,313,2054,0.015
Cuba,RESELC,313,2055,0.015
Cuba,RESELC,314,2019,0.024
Cuba,RESELC,314,2020,0.024
Cuba,RESELC,314,2021,0.024
Cuba,RESELC,314,2022,0.024
Cuba,RESELC,314,2023,0.024
Cuba,RESELC,314,2024,0.024
Cuba,RESELC,314,2025,0.024
Cuba,RESELC,314,2026,0.024
Cuba,RESELC,314,2027,0.024
Cuba,RESELC,314,2028,0.024
Cuba,RESELC,314,2029,0.024
Cuba,RESELC,314,2030,0.024
Cuba,RESELC,314,2031,0.024
Cuba,RESELC,314,2032,0.024
Cuba,RESELC,314,2033,0.024
Cuba,RESELC,314,2034,0.024
Cuba,RESELC,314,2035,0.024
Cuba,RESELC,314,2036,0.024
Cuba,RESELC,314,2037,0.024
Cuba,RESELC,314,2038,0.024
Cuba,RESELC,314,2039,0.024
Cuba,RESELC,314,2040,0.024
Cuba,RESELC,314,2041,0.024
Cuba,RESELC,314,2042,0.024
Cuba,RESELC,314,2043,0.024
Cuba,RESELC,314,2044,0.024
Cuba,RESELC,314,2045,0.024
Cuba,RESELC,314,2046,0.024
Cuba,RESELC,314,2047,0.024
Cuba,RESELC,314,2048,0.024
Cuba,RESELC,314,2049,0.024
Cuba,RESELC,314,2050,0.024
Cuba,RESELC,314,2051,0.024
Cuba,RESELC,314,2052,0.024
Cuba,RESELC,314,2053,0.024
Cuba,RESELC,314,2054,0.024
Cuba,RESELC,314,2055,0.024
Cuba,RESELC,315,2019,0.018
Cuba,RESELC,315,2020,0.018
Cuba,RESELC,315,2021,0.018
Cuba,RESELC,315,2022,0.018
Cuba,RESELC,315,2023,0.018
Cuba,RESELC,315,2024,0.018
Cuba,RESELC,315,2025,0.018
Cuba,RESELC,315,2026,0.018
Cuba,RESELC,315,2027,0.018
Cuba,RESELC,315,2028,0.018
Cuba,RESELC,315,2029,0.018
Cuba,RESELC,315,2030,0.018
Cuba,RESELC,315,2031,0.018
Cuba,RESELC,315,2032,0.018
Cuba,RESELC,315,2033,0.018
Cuba,RESELC,315,2034,0.018
Cuba,RESELC,315,2035,0.018
Cuba,RESELC,315,2036,0.018
Cuba,RESELC,315,2037,0.018
Cuba,RESELC,315,2038,0.018
Cuba,RESELC,315,2039,0.018
Cuba,RESELC,315,2040,0.018
Cuba,RESELC,315,2041,0.018
Cuba,RESELC,315,2042,0.018
Cuba,RESELC,315,2043,0.018
Cuba,RESELC,315,2044,0.018
Cuba,RESELC,315,2045,0.018
Cuba,RESELC,315,2046,0.018
Cuba,RESELC,315,2047,0.018
Cuba,RESELC,315,2048,0.018
Cuba,RESELC,315,2049,0.018
Cuba,RESELC,315,2050,0.018
Cuba,RESELC,315,2051,0.018
Cuba,RESELC,315,2052,0.018
Cuba,RESELC,315,2053,0.018
Cuba,RESELC,315,2054,0.018
Cuba,RESELC,315,2055,0.018
Cuba,RESELC,316,2019,0.025
Cuba,RESELC,316,2020,0.025
Cuba,RESELC,316,2021,0.025
Cuba,RESELC,316,2022,0.025
Cuba,RESELC,316,2023,0.025
Cuba,RESELC,316,2024,0.025
Cuba,RESELC,316,2025,0.025
Cuba,RESELC,316,2026,0.025
Cuba,RESELC,316,2027,0.025
Cuba,RESELC,316,2028,0.025
Cuba,RESELC,316,2029,0.025
Cuba,RESELC,316,2030,0.025
Cuba,RESELC,316,2031,0.025
Cuba,RESELC,316,2032,0.025
Cuba,RESELC,316,2033,0.025
Cuba,RESELC,316,2034,0.025
Cuba,RESELC,316,2035,0.025
Cuba,RESELC,316,2036,0.025
Cuba,RESELC,316,2037,0.025
Cuba,RESELC,316,2038,0.025
Cuba,RESELC,316,2039,0.025
Cuba,RESELC,316,2040,0.025
Cuba,RESELC,316,2041,0.025
Cuba,RESELC,316,2042,0.025
Cuba,RESELC,316,2043,0.025
Cuba,RESELC,316,2044,0.025
Cuba,RESELC,316,2045,0.025
Cuba,RESELC,316,2046,0.025
Cuba,RESELC,316,2047,0.025
Cuba,RESELC,316,2048,0.025
Cuba,RESELC,316,2049,0.025
Cuba,RESELC,316,2050,0.025
Cuba,RESELC,316,2051,0.025
Cuba,RESELC,316,2052,0.025
Cuba,RESELC,316,2053,0.025
Cuba,RESELC,316,2054,0.025
Cuba,RESELC,316,2055,0.025
Cuba,RESELC,317,2019,0.016
Cuba,RESELC,317,2020,0.016
Cuba,RESELC,317,2021,0.016
Cuba,RESELC,317,2022,0.016
Cuba,RESELC,317,2023,0.016
Cuba,RESELC,317,2024,0.016
Cuba,RESELC,317,2025,0.016
Cuba,RESELC,317,2026,0.016
Cuba,RESELC,317,2027,0.016
Cuba,RESELC,317,2028,0.016
Cuba,RESELC,317,2029,0.016
Cuba,RESELC,317,2030,0.016
Cuba,RESELC,317,2031,0.016
Cuba,RESELC,317,2032,0.016
Cuba,RESELC,317,2033,0.016
Cuba,RESELC,317,2034,0.016
Cuba,RESELC,317,2035,0.016
Cuba,RESELC,317,2036,0.016
Cuba,RESELC,317,2037,0.016
Cuba,RESELC,317,2038,0.016
Cuba,RESELC,317,2039,0.016
Cuba,RESELC,317,2040,0.016
Cuba,RESELC,317,2041,0.016
Cuba,RESELC,317,2042,0.016
Cuba,RESELC,317,2043,0.016
Cuba,RESELC,317,2044,0.016
Cuba,RESELC,317,2045,0.016
Cuba,RESELC,317,2046,0.016
Cuba,RESELC,317,2047,0.016
Cuba,RESELC,317,2048,0.016
Cuba,RESELC,317,2049,0.016
Cuba,RESELC,317,2050,0.016
Cuba,RESELC,317,2051,0.016
Cuba,RESELC,317,2052,0.016
Cuba,RESELC,317,2053,0.016
Cuba,RESELC,317,2054,0.016
Cuba,RESELC,317,2055,0.016
Cuba,RESELC,318,2019,0.017
Cuba,RESELC,318,2020,0.017
Cuba,RESELC,318,2021,0.017
Cuba,RESELC,318,2022,0.017
Cuba,RESELC,318,2023,0.017
Cuba,RESELC,318,2024,0.017
Cuba,RESELC,318,2025,0.017
Cuba,RESELC,318,2026,0.017
Cuba,RESELC,318,2027,0.017
Cuba,RESELC,318,2028,0.017
Cuba,RESELC,318,2029,0.017
Cuba,RESELC,318,2030,0.017
Cuba,RESELC,318,2031,0.017
Cuba,RESELC,318,2032,0.017
Cuba,RESELC,318,2033,0.017
Cuba,RESELC,318,2034,0.017
Cuba,RESELC,318,2035,0.017
Cuba,RESELC,318,2036,0.017
Cuba,RESELC,318,2037,0.017
Cuba,RESELC,318,2038,0.017
Cuba,RESELC,318,2039,0.017
Cuba,RESELC,318,2040,0.017
Cuba,RESELC,318,2041,0.017
Cuba,RESELC,318,2042,0.017
Cuba,RESELC,318,2043,0.017
Cuba,RESELC,318,2044,0.017
Cuba,RESELC,318,2045,0.017
Cuba,RESELC,318,2046,0.017
Cuba,RESELC,318,2047,0.017
Cuba,RESELC,318,2048,0.017
Cuba,RESELC,318,2049,0.017
Cuba,RESELC,318,2050,0.017
Cuba,RESELC,318,2051,0.017
Cuba,RESELC,318,2052,0.017
Cuba,RESELC,318,2053,0.017
Cuba,RESELC,318,2054,0.017
Cuba,RESELC,318,2055,0.017
Cuba,RESELC,321,2019,0.017
Cuba,RESELC,321,2020,0.017
Cuba,RESELC,321,2021,0.017
Cuba,RESELC,321,2022,0.017
Cuba,RESELC,321,2023,0.017
Cuba,RESELC,321,2024,0.017
Cuba,RESELC,321,2025,0.017
Cuba,RESELC,321,2026,0.017
Cuba,RESELC,321,2027,0.017
Cuba,RESELC,321,2028,0.017
Cuba,RESELC,321,2029,0.017
Cuba,RESELC,321,2030,0.017
Cuba,RESELC,321,2031,0.017
Cuba,RESELC,321,2032,0.017
Cuba,RESELC,321,2033,0.017
Cuba,RESELC,321,2034,0.017
Cuba,RESELC,321,2035,0.017
Cuba,RESELC,321,2036,0.017
Cuba,RESELC,321,2037,0.017
Cuba,RESELC,321,2038,0.017
Cuba,RESELC,321,2039,0.017
Cuba,RESELC,321,2040,0.017
Cuba,RESELC,321,2041,0.017
Cuba,RESELC,321,2042,0.017
Cuba,RESELC,321,2043,0.017
Cuba,RESELC,321,2044,0.017
Cuba,RESELC,321,2045,0.017
Cuba,RESELC,321,2046,0.017
Cuba,RESELC,321,2047,0.017
Cuba,RESELC,321,2048,0.017
Cuba,RESELC,321,2049,0.017
Cuba,RESELC,321,2050,0.017
Cuba,RESELC,321,2051,0.017
Cuba,RESELC,321,2052,0.017
Cuba,RESELC,321,2053,0.017
Cuba,RESELC,321,2054,0.017
Cuba,RESELC,321,2055,0.017
Cuba,RESELC,322,2019,0.015
Cuba,RESELC,322,2020,0.015
Cuba,RESELC,322,2021,0.015
Cuba,RESELC,322,2022,0.015
Cuba,RESELC,322,2023,0.015
Cuba,RESELC,322,2024,0.015
Cuba,RESELC,322,2025,0.015
Cuba,RESELC,322,2026,0.015
Cuba,RESELC,322,2027,0.015
Cuba,RESELC,322,2028,0.015
Cuba,RESELC,322,2029,0.015
Cuba,RESELC,322,2030,0.015
Cuba,RESELC,322,2031,0.015
Cuba,RESELC,322,2032,0.015
Cuba,RESELC,322,2033,0.015
Cuba,RESELC,322,2034,0.015
Cuba,RESELC,322,2035,0.015
Cuba,RESELC,322,2036,0.015
Cuba,RESELC,322,2037,0.015
Cuba,RESELC,322,2038,0.015
Cuba,RESELC,322,2039,0.015
Cuba,RESELC,322,2040,0.015
Cuba,RESELC,322,2041,0.015
Cuba,RESELC,322,2042,0.015
Cuba,RESELC,322,2043,0.015
Cuba,RESELC,322,2044,0.015
Cuba,RESELC,322,2045,0.015
Cuba,RESELC,322,2046,0.015
Cuba,RESELC,322,2047,0.015
Cuba,RESELC,322,2048,0.015
Cuba,RESELC,322,2049,0.015
Cuba,RESELC,322,2050,0.015
Cuba,RESELC,322,2051,0.015
Cuba,RESELC,322,2052,0.015
Cuba,RESELC,322,2053,0.015
Cuba,RESELC,322,2054,0.015
Cuba,RESELC,322,2055,0.015
Cuba,RESELC,323,2019,0.006
Cuba,RESELC,323,2020,0.006
Cuba,RESELC,323,2021,0.006
Cuba,RESELC,323,2022,0.006
Cuba,RESELC,323,2023,0.006
Cuba,RESELC,323,2024,0.006
Cuba,RESELC,323,2025,0.006
Cuba,RESELC,323,2026,0.006
Cuba,RESELC,323,2027,0.006
Cuba,RESELC,323,2028,0.006
Cuba,RESELC,323,2029,0.006
Cuba,RESELC,323,2030,0.006
Cuba,RESELC,323,2031,0.006
Cuba,RESELC,323,2032,0.006
Cuba,RESELC,323,2033,0.006
Cuba,RESELC,323,2034,0.006
Cuba,RESELC,323,2035,0.006
Cuba,RESELC,323,2036,0.006
Cuba,RESELC,323,2037,0.006
Cuba,RESELC,323,2038,0.006
Cuba,RESELC,323,2039,0.006
Cuba,RESELC,323,2040,0.006
Cuba,RESELC,323,2041,0.006
Cuba,RESELC,323,2042,0.006
Cuba,RESELC,323,2043,0.006
Cuba,RESELC,323,2044,0.006
Cuba,RESELC,323,2045,0.006
Cuba,RESELC,323,2046,0.006
Cuba,RESELC,323,2047,0.006
Cuba,RESELC,323,2048,0.006
Cuba,RESELC,323,2049,0.006
Cuba,RESELC,323,2050,0.006
Cuba,RESELC,323,2051,0.006
Cuba,RESELC,323,2052,0.006
Cuba,RESELC,323,2053,0.006
Cuba,RESELC,323,2054,0.006
Cuba,RESELC,323,2055,0.006
Cuba,RESELC,324,2019,0.009
Cuba,RESELC,324,2020,0.009
Cuba,RESELC,324,2021,0.009
Cuba,RESELC,324,2022,0.009
Cuba,RESELC,324,2023,0.009
Cuba,RESELC,324,2024,0.009
Cuba,RESELC,324,2025,0.009
Cuba,RESELC,324,2026,0.009
Cuba,RESELC,324,2027,0.009
Cuba,RESELC,324,2028,0.009
Cuba,RESELC,324,2029,0.009
Cuba,RESELC,324,2030,0.009
Cuba,RESELC,324,2031,0.009
Cuba,RESELC,324,2032,0.009
Cuba,RESELC,324,2033,0.009
Cuba,RESELC,324,2034,0.009
Cuba,RESELC,324,2035,0.009
Cuba,RESELC,324,2036,0.009
Cuba,RESELC,324,2037,0.009
Cuba,RESELC,324,2038,0.009
Cuba,RESELC,324,2039,0.009
Cuba,RESELC,324,2040,0.009
Cuba,RESELC,324,2041,0.009
Cuba,RESELC,324,2042,0.009
Cuba,RESELC,324,2043,0.009
Cuba,RESELC,324,2044,0.009
Cuba,RESELC,324,2045,0.009
Cuba,RESELC,324,2046,0.009
Cuba,RESELC,324,2047,0.009
Cuba,RESELC,324,2048,0.009
Cuba,RESELC,324,2049,0.009
Cuba,RESELC,324,2050,0.009
Cuba,RESELC,324,2051,0.009
Cuba,RESELC,324,2052,0.009
Cuba,RESELC,324,2053,0.009
Cuba,RESELC,324,2054,0.009
Cuba,RESELC,324,2055,0.009
Cuba,RESELC,325,2019,0.007
Cuba,RESELC,325,2020,0.007
Cuba,RESELC,325,2021,0.007
Cuba,RESELC,325,2022,0.007
Cuba,RESELC,325,2023,0.007
Cuba,RESELC,325,2024,0.007
Cuba,RESELC,325,2025,0.007
Cuba,RESELC,325,2026,0.007
Cuba,RESELC,325,2027,0.007
Cuba,RESELC,325,2028,0.007
Cuba,RESELC,325,2029,0.007
Cuba,RESELC,325,2030,0.007
Cuba,RESELC,325,2031,0.007
Cuba,RESELC,325,2032,0.007
Cuba,RESELC,325,2033,0.007
Cuba,RESELC,325,2034,0.007
Cuba,RESELC,325,2035,0.007
Cuba,RESELC,325,2036,0.007
Cuba,RESELC,325,2037,0.007
Cuba,RESELC,325,2038,0.007
Cuba,RESELC,325,2039,0.007
Cuba,RESELC,325,2040,0.007
Cuba,RESELC,325,2041,0.007
Cuba,RESELC,325,2042,0.007
Cuba,RESELC,325,2043,0.007
Cuba,RESELC,325,2044,0.007
Cuba,RESELC,325,2045,0.007
Cuba,RESELC,325,2046,0.007
Cuba,RESELC,325,2047,0.007
Cuba,RESELC,325,2048,0.007
Cuba,RESELC,325,2049,0.007
Cuba,RESELC,325,2050,0.007
Cuba,RESELC,325,2051,0.007
Cuba,RESELC,325,2052,0.007
Cuba,RESELC,325,2053,0.007
Cuba,RESELC,325,2054,0.007
Cuba,RESELC,325,2055,0.007
Cuba,RESELC,326,2019,0.01
Cuba,RESELC,326,2020,0.01
Cuba,RESELC,326,2021,0.01
Cuba,RESELC,326,2022,0.01
Cuba,RESELC,326,2023,0.01
Cuba,RESELC,326,2024,0.01
Cuba,RESELC,326,2025,0.01
Cuba,RESELC,326,2026,0.01
Cuba,RESELC,326,2027,0.01
Cuba,RESELC,326,2028,0.01
Cuba,RESELC,326,2029,0.01
Cuba,RESELC,326,2030,0.01
Cuba,RESELC,326,2031,0.01
Cuba,RESELC,326,2032,0.01
Cuba,RESELC,326,2033,0.01
Cuba,RESELC,326,2034,0.01
Cuba,RESELC,326,2035,0.01
Cuba,RESELC,326,2036,0.01
Cuba,RESELC,326,2037,0.01
Cuba,RESELC,326,2038,0.01
Cuba,RESELC,326,2039,0.01
Cuba,RESELC,326,2040,0.01
Cuba,RESELC,326,2041,0.01
Cuba,RESELC,326,2042,0.01
Cuba,RESELC,326,2043,0.01
Cuba,RESELC,326,2044,0.01
Cuba,RESELC,326,2045,0.01
Cuba,RESELC,326,2046,0.01
Cuba,RESELC,326,2047,0.01
Cuba,RESELC,326,2048,0.01
Cuba,RESELC,326,2049,0.01
Cuba,RESELC,326,2050,0.01
Cuba,RESELC,326,2051,0.01
Cuba,RESELC,326,2052,0.01
Cuba,RESELC,326,2053,0.01
Cuba,RESELC,326,2054,0.01
Cuba,RESELC,326,2055,0.01
Cuba,RESELC,327,2019,0.006
Cuba,RESELC,327,2020,0.006
Cuba,RESELC,327,2021,0.006
Cuba,RESELC,327,2022,0.006
Cuba,RESELC,327,2023,0.006
Cuba,RESELC,327,2024,0.006
Cuba,RESELC,327,2025,0.006
Cuba,RESELC,327,2026,0.006
Cuba,RESELC,327,2027,0.006
Cuba,RESELC,327,2028,0.006
Cuba,RESELC,327,2029,0.006
Cuba,RESELC,327,2030,0.006
Cuba,RESELC,327,2031,0.006
Cuba,RESELC,327,2032,0.006
Cuba,RESELC,327,2033,0.006
Cuba,RESELC,327,2034,0.006
Cuba,RESELC,327,2035,0.006
Cuba,RESELC,327,2036,0.006
Cuba,RESELC,327,2037,0.006
Cuba,RESELC,327,2038,0.006
Cuba,RESELC,327,2039,0.006
Cuba,RESELC,327,2040,0.006
Cuba,RESELC,327,2041,0.006
Cuba,RESELC,327,2042,0.006
Cuba,RESELC,327,2043,0.006
Cuba,RESELC,327,2044,0.006
Cuba,RESELC,327,2045,0.006
Cuba,RESELC,327,2046,0.006
Cuba,RESELC,327,2047,0.006
Cuba,RESELC,327,2048,0.006
Cuba,RESELC,327,2049,0.006
Cuba,RESELC,327,2050,0.006
Cuba,RESELC,327,2051,0.006
Cuba,RESELC,327,2052,0.006
Cuba,RESELC,327,2053,0.006
Cuba,RESELC,327,2054,0.006
Cuba,RESELC,327,2055,0.006
Cuba,RESELC,328,2019,0.007
Cuba,RESELC,328,2020,0.007
Cuba,RESELC,328,2021,0.007
Cuba,RESELC,328,2022,0.007
Cuba,RESELC,328,2023,0.007
Cuba,RESELC,328,2024,0.007
Cuba,RESELC,328,2025,0.007
Cuba,RESELC,328,2026,0.007
Cuba,RESELC,328,2027,0.007
Cuba,RESELC,328,2028,0.007
Cuba,RESELC,328,2029,0.007
Cuba,RESELC,328,2030,0.007
Cuba,RESELC,328,2031,0.007
Cuba,RESELC,328,2032,0.007
Cuba,RESELC,328,2033,0.007
Cuba,RESELC,328,2034,0.007
Cuba,RESELC,328,2035,0.007
Cuba,RESELC,328,2036,0.007
Cuba,RESELC,328,2037,0.007
Cuba,RESELC,328,2038,0.007
Cuba,RESELC,328,2039,0.007
Cuba,RESELC,328,2040,0.007
Cuba,RESELC,328,2041,0.007
Cuba,RESELC,328,2042,0.007
Cuba,RESELC,328,2043,0.007
Cuba,RESELC,328,2044,0.007
Cuba,RESELC,328,2045,0.007
Cuba,RESELC,328,2046,0.007
Cuba,RESELC,328,2047,0.007
Cuba,RESELC,328,2048,0.007
Cuba,RESELC,328,2049,0.007
Cuba,RESELC,328,2050,0.007
Cuba,RESELC,328,2051,0.007
Cuba,RESELC,328,2052,0.007
Cuba,RESELC,328,2053,0.007
Cuba,RESELC,328,2054,0.007
Cuba,RESELC,328,2055,0.007
Cuba,RESELC,411,2019,0.038
Cuba,RESELC,411,2020,0.038
Cuba,RESELC,411,2021,0.038
Cuba,RESELC,411,2022,0.038
Cuba,RESELC,411,2023,0.038
Cuba,RESELC,411,2024,0.038
Cuba,RESELC,411,2025,0.038
Cuba,RESELC,411,2026,0.038
Cuba,RESELC,411,2027,0.038
Cuba,RESELC,411,2028,0.038
Cuba,RESELC,411,2029,0.038
Cuba,RESELC,411,2030,0.038
Cuba,RESELC,411,2031,0.038
Cuba,RESELC,411,2032,0.038
Cuba,RESELC,411,2033,0.038
Cuba,RESELC,411,2034,0.038
Cuba,RESELC,411,2035,0.038
Cuba,RESELC,411,2036,0.038
Cuba,RESELC,411,2037,0.038
Cuba,RESELC,411,2038,0.038
Cuba,RESELC,411,2039,0.038
Cuba,RESELC,411,2040,0.038
Cuba,RESELC,411,2041,0.038
Cuba,RESELC,411,2042,0.038
Cuba,RESELC,411,2043,0.038
Cuba,RESELC,411,2044,0.038
Cuba,RESELC,411,2045,0.038
Cuba,RESELC,411,2046,0.038
Cuba,RESELC,411,2047,0.038
Cuba,RESELC,411,2048,0.038
Cuba,RESELC,411,2049,0.038
Cuba,RESELC,411,2050,0.038
Cuba,RESELC,411,2051,0.038
Cuba,RESELC,411,2052,0.038
Cuba,RESELC,411,2053,0.038
Cuba,RESELC,411,2054,0.038
Cuba,RESELC,411,2055,0.038
Cuba,RESELC,412,2019,0.033
Cuba,RESELC,412,2020,0.033
Cuba,RESELC,412,2021,0.033
Cuba,RESELC,412,2022,0.033
Cuba,RESELC,412,2023,0.033
Cuba,RESELC,412,2024,0.033
Cuba,RESELC,412,2025,0.033
Cuba,RESELC,412,2026,0.033
Cuba,RESELC,412,2027,0.033
Cuba,RESELC,412,2028,0.033
Cuba,RESELC,412,2029,0.033
Cuba,RESELC,412,2030,0.033
Cuba,RESELC,412,2031,0.033
Cuba,RESELC,412,2032,0.033
Cuba,RESELC,412,2033,0.033
Cuba,RESELC,412,2034,0.033
Cuba,RESELC,412,2035,0.033
Cuba,RESELC,412,2036,0.033
Cuba,RESELC,412,2037,0.033
Cuba,RESELC,412,2038,0.033
Cuba,RESELC,412,2039,0.033
Cuba,RESELC,412,2040,0.033
Cuba,RESELC,412,2041,0.033
Cuba,RESELC,412,2042,0.033
Cuba,RESELC,412,2043,0.033
Cuba,RESELC,412,2044,0.033
Cuba,RESELC,412,2045,0.033
Cuba,RESELC,412,2046,0.033
Cuba,RESELC,412,2047,0.033
Cuba,RESELC,412,2048,0.033
Cuba,RESELC,412,2049,0.033
Cuba,RESELC,412,2050,0.033
Cuba,RESELC,412,2051,0.033
Cuba,RESELC,412,2052,0.033
Cuba,RESELC,412,2053,0.033
Cuba,RESELC,412,2054,0.033
Cuba,RESELC,412,2055,0.033
Cuba,RESELC,413,2019,0.014
Cuba,RESELC,413,2020,0.014
Cuba,RESELC,413,2021,0.014
Cuba,RESELC,413,2022,0.014
Cuba,RESELC,413,2023,0.014
Cuba,RESELC,413,2024,0.014
Cuba,RESELC,413,2025,0.014
Cuba,RESELC,413,2026,0.014
Cuba,RESELC,413,2027,0.014
Cuba,RESELC,413,2028,0.014
Cuba,RESELC,413,2029,0.014
Cuba,RESELC,413,2030,0.014
Cuba,RESELC,413,2031,0.014
Cuba,RESELC,413,2032,0.014
Cuba,RESELC,413,2033,0.014
Cuba,RESELC,413,2034,0.014
Cuba,RESELC,413,2035,0.014
Cuba,RESELC,413,2036,0.014
Cuba,RESELC,413,2037,0.014
Cuba,RESELC,413,2038,0.014
Cuba,RESELC,413,2039,0.014
Cuba,RESELC,413,2040,0.014
Cuba,RESELC,413,2041,0.014
Cuba,RESELC,413,2042,0.014
Cuba,RESELC,413,2043,0.014
Cuba,RESELC,413,2044,0.014
Cuba,RESELC,413,2045,0.014
Cuba,RESELC,413,2046,0.014
Cuba,RESELC,413,2047,0.014
Cuba,RESELC,413,2048,0.014
Cuba,RESELC,413,2049,0.014
Cuba,RESELC,413,2050,0.014
Cuba,RESELC,413,2051,0.014
Cuba,RESELC,413,2052,0.014
Cuba,RESELC,413,2053,0.014
Cuba,RESELC,413,2054,0.014
Cuba,RESELC,413,2055,0.014
Cuba,RESELC,414,2019,0.022
Cuba,RESELC,414,2020,0.022
Cuba,RESELC,414,2021,0.022
Cuba,RESELC,414,2022,0.022
Cuba,RESELC,414,2023,0.022
Cuba,RESELC,414,2024,0.022
Cuba,RESELC,414,2025,0.022
Cuba,RESELC,414,2026,0.022
Cuba,RESELC,414,2027,0.022
Cuba,RESELC,414,2028,0.022
Cuba,RESELC,414,2029,0.022
Cuba,RESELC,414,2030,0.022
Cuba,RESELC,414,2031,0.022
Cuba,RESELC,414,2032,0.022
Cuba,RESELC,414,2033,0.022
Cuba,RESELC,414,2034,0.022
Cuba,RESELC,414,2035,0.022
Cuba,RESELC,414,2036,0.022
Cuba,RESELC,414,2037,0.022
Cuba,RESELC,414,2038,0.022
Cuba,RESELC,414,2039,0.022
Cuba,RESELC,414,2040,0.022
Cuba,RESELC,414,2041,0.022
Cuba,RESELC,414,2042,0.022
Cuba,RESELC,414,2043,0.022
Cuba,RESELC,414,2044,0.022
Cuba,RESELC,414,2045,0.022
Cuba,RESELC,414,2046,0.022
Cuba,RESELC,414,2047,0.022
Cuba,RESELC,414,2048,0.022
Cuba,RESELC,414,2049,0.022
Cuba,RESELC,414,2050,0.022
Cuba,RESELC,414,2051,0.022
Cuba,RESELC,414,2052,0.022
Cuba,RESELC,414,2053,0.022
Cuba,RESELC,414,2054,0.022
Cuba,RESELC,414,2055,0.022
Cuba,RESELC,415,2019,0.016
Cuba,RESELC,415,2020,0.016
Cuba,RESELC,415,2021,0.016
Cuba,RESELC,415,2022,0.016
Cuba,RESELC,415,2023,0.016
Cuba,RESELC,415,2024,0.016
Cuba,RESELC,415,2025,0.016
Cuba,RESELC,415,2026,0.016
Cuba,RESELC,415,2027,0.016
Cuba,RESELC,415,2028,0.016
Cuba,RESELC,415,2029,0.016
Cuba,RESELC,415,2030,0.016
Cuba,RESELC,415,2031,0.016
Cuba,RESELC,415,2032,0.016
Cuba,RESELC,415,2033,0.016
Cuba,RESELC,415,2034,0.016
Cuba,RESELC,415,2035,0.016
Cuba,RESELC,415,2036,0.016
Cuba,RESELC,415,2037,0.016
Cuba,RESELC,415,2038,0.016
Cuba,RESELC,415,2039,0.016
Cuba,RESELC,415,2040,0.016
Cuba,RESELC,415,2041,0.016
Cuba,RESELC,415,2042,0.016
Cuba,RESELC,415,2043,0.016
Cuba,RESELC,415,2044,0.016
Cuba,RESELC,415,2045,0.016
Cuba,RESELC,415,2046,0.016
Cuba,RESELC,415,2047,0.016
Cuba,RESELC,415,2048,0.016
Cuba,RESELC,415,2049,0.016
Cuba,RESELC,415,2050,0.016
Cuba,RESELC,415,2051,0.016
Cuba,RESELC,415,2052,0.016
Cuba,RESELC,415,2053,0.016
Cuba,RESELC,415,2054,0.016
Cuba,RESELC,415,2055,0.016
Cuba,RESELC,416,2019,0.022
Cuba,RESELC,416,2020,0.022
Cuba,RESELC,416,2021,0.022
Cuba,RESELC,416,2022,0.022
Cuba,RESELC,416,2023,0.022
Cuba,RESELC,416,2024,0.022
Cuba,RESELC,416,2025,0.022
Cuba,RESELC,416,2026,0.022
Cuba,RESELC,416,2027,0.022
Cuba,RESELC,416,2028,0.022
Cuba,RESELC,416,2029,0.022
Cuba,RESELC,416,2030,0.022
Cuba,RESELC,416,2031,0.022
Cuba,RESELC,416,2032,0.022
Cuba,RESELC,416,2033,0.022
Cuba,RESELC,416,2034,0.022
Cuba,RESELC,416,2035,0.022
Cuba,RESELC,416,2036,0.022
Cuba,RESELC,416,2037,0.022
Cuba,RESELC,416,2038,0.022
Cuba,RESELC,416,2039,0.022
Cuba,RESELC,416,2040,0.022
Cuba,RESELC,416,2041,0.022
Cuba,RESELC,416,2042,0.022
Cuba,RESELC,416,2043,0.022
Cuba,RESELC,416,2044,0.022
Cuba,RESELC,416,2045,0.022
Cuba,RESELC,416,2046,0.022
Cuba,RESELC,416,2047,0.022
Cuba,RESELC,416,2048,0.022
Cuba,RESELC,416,2049,0.022
Cuba,RESELC,416,2050,0.022
Cuba,RESELC,416,2051,0.022
Cuba,RESELC,416,2052,0.022
Cuba,RESELC,416,2053,0.022
Cuba,RESELC,416,2054,0.022
Cuba,RESELC,416,2055,0.022
Cuba,RESELC,417,2019,0.015
Cuba,RESELC,417,2020,0.015
Cuba,RESELC,417,2021,0.015
Cuba,RESELC,417,2022,0.015
Cuba,RESELC,417,2023,0.015
Cuba,RESELC,417,2024,0.015
Cuba,RESELC,417,2025,0.015
Cuba,RESELC,417,2026,0.015
Cuba,RESELC,417,2027,0.015
Cuba,RESELC,417,2028,0.015
Cuba,RESELC,417,2029,0.015
Cuba,RESELC,417,2030,0.015
Cuba,RESELC,417,2031,0.015
Cuba,RESELC,417,2032,0.015
Cuba,RESELC,417,2033,0.015
Cuba,RESELC,417,2034,0.015
Cuba,RESELC,417,2035,0.015
Cuba,RESELC,417,2036,0.015
Cuba,RESELC,417,2037,0.015
Cuba,RESELC,417,2038,0.015
Cuba,RESELC,417,2039,0.015
Cuba,RESELC,417,2040,0.015
Cuba,RESELC,417,2041,0.015
Cuba,RESELC,417,2042,0.015
Cuba,RESELC,417,2043,0.015
Cuba,RESELC,417,2044,0.015
Cuba,RESELC,417,2045,0.015
Cuba,RESELC,417,2046,0.015
Cuba,RESELC,417,2047,0.015
Cuba,RESELC,417,2048,0.015
Cuba,RESELC,417,2049,0.015
Cuba,RESELC,417,2050,0.015
Cuba,RESELC,417,2051,0.015
Cuba,RESELC,417,2052,0.015
Cuba,RESELC,417,2053,0.015
Cuba,RESELC,417,2054,0.015
Cuba,RESELC,417,2055,0.015
Cuba,RESELC,418,2019,0.017
Cuba,RESELC,418,2020,0.017
Cuba,RESELC,418,2021,0.017
Cuba,RESELC,418,2022,0.017
Cuba,RESELC,418,2023,0.017
Cuba,RESELC,418,2024,0.017
Cuba,RESELC,418,2025,0.017
Cuba,RESELC,418,2026,0.017
Cuba,RESELC,418,2027,0.017
Cuba,RESELC,418,2028,0.017
Cuba,RESELC,418,2029,0.017
Cuba,RESELC,418,2030,0.017
Cuba,RESELC,418,2031,0.017
Cuba,RESELC,418,2032,0.017
Cuba,RESELC,418,2033,0.017
Cuba,RESELC,418,2034,0.017
Cuba,RESELC,418,2035,0.017
Cuba,RESELC,418,2036,0.017
Cuba,RESELC,418,2037,0.017
Cuba,RESELC,418,2038,0.017
Cuba,RESELC,418,2039,0.017
Cuba,RESELC,418,2040,0.017
Cuba,RESELC,418,2041,0.017
Cuba,RESELC,418,2042,0.017
Cuba,RESELC,418,2043,0.017
Cuba,RESELC,418,2044,0.017
Cuba,RESELC,418,2045,0.017
Cuba,RESELC,418,2046,0.017
Cuba,RESELC,418,2047,0.017
Cuba,RESELC,418,2048,0.017
Cuba,RESELC,418,2049,0.017
Cuba,RESELC,418,2050,0.017
Cuba,RESELC,418,2051,0.017
Cuba,RESELC,418,2052,0.017
Cuba,RESELC,418,2053,0.017
Cuba,RESELC,418,2054,0.017
Cuba,RESELC,418,2055,0.017
Cuba,RESELC,421,2019,0.015
Cuba,RESELC,421,2020,0.015
Cuba,RESELC,421,2021,0.015
Cuba,RESELC,421,2022,0.015
Cuba,RESELC,421,2023,0.015
Cuba,RESELC,421,2024,0.015
Cuba,RESELC,421,2025,0.015
Cuba,RESELC,421,2026,0.015
Cuba,RESELC,421,2027,0.015
Cuba,RESELC,421,2028,0.015
Cuba,RESELC,421,2029,0.015
Cuba,RESELC,421,2030,0.015
Cuba,RESELC,421,2031,0.015
Cuba,RESELC,421,2032,0.015
Cuba,RESELC,421,2033,0.015
Cuba,RESELC,421,2034,0.015
Cuba,RESELC,421,2035,0.015
Cuba,RESELC,421,2036,0.015
Cuba,RESELC,421,2037,0.015
Cuba,RESELC,421,2038,0.015
Cuba,RESELC,421,2039,0.015
Cuba,RESELC,421,2040,0.015
Cuba,RESELC,421,2041,0.015
Cuba,RESELC,421,2042,0.015
Cuba,RESELC,421,2043,0.015
Cuba,RESELC,421,2044,0.015
Cuba,RESELC,421,2045,0.015
Cuba,RESELC,421,2046,0.015
Cuba,RESELC,421,2047,0.015
Cuba,RESELC,421,2048,0.015
Cuba,RESELC,421,2049,0.015
Cuba,RESELC,421,2050,0.015
Cuba,RESELC,421,2051,0.015
Cuba,RESELC,421,2052,0.015
Cuba,RESELC,421,2053,0.015
Cuba,RESELC,421,2054,0.015
Cuba,RESELC,421,2055,0.015
Cuba,RESELC,422,2019,0.013
Cuba,RESELC,422,2020,0.013
Cuba,RESELC,422,2021,0.013
Cuba,RESELC,422,2022,0.013
Cuba,RESELC,422,2023,0.013
Cuba,RESELC,422,2024,0.013
Cuba,RESELC,422,2025,0.013
Cuba,RESELC,422,2026,0.013
Cuba,RESELC,422,2027,0.013
Cuba,RESELC,422,2028,0.013
Cuba,RESELC,422,2029,0.013
Cuba,RESELC,422,2030,0.013
Cuba,RESELC,422,2031,0.013
Cuba,RESELC,422,2032,0.013
Cuba,RESELC,422,2033,0.013
Cuba,RESELC,422,2034,0.013
Cuba,RESELC,422,2035,0.013
Cuba,RESELC,422,2036,0.013
Cuba,RESELC,422,2037,0.013
Cuba,RESELC,422,2038,0.013
Cuba,RESELC,422,2039,0.013
Cuba,RESELC,422,2040,0.013
Cuba,RESELC,422,2041,0.013
Cuba,RESELC,422,2042,0.013
Cuba,RESELC,422,2043,0.013
Cuba,RESELC,422,2044,0.013
Cuba,RESELC,422,2045,0.013
Cuba,RESELC,422,2046,0.013
Cuba,RESELC,422,2047,0.013
Cuba,RESELC,422,2048,0.013
Cuba,RESELC,422,2049,0.013
Cuba,RESELC,422,2050,0.013
Cuba,RESELC,422,2051,0.013
Cuba,RESELC,422,2052,0.013
Cuba,RESELC,422,2053,0.013
Cuba,RESELC,422,2054,0.013
Cuba,RESELC,422,2055,0.013
Cuba,RESELC,423,2019,0.006
Cuba,RESELC,423,2020,0.006
Cuba,RESELC,423,2021,0.006
Cuba,RESELC,423,2022,0.006
Cuba,RESELC,423,2023,0.006
Cuba,RESELC,423,2024,0.006
Cuba,RESELC,423,2025,0.006
Cuba,RESELC,423,2026,0.006
Cuba,RESELC,423,2027,0.006
Cuba,RESELC,423,2028,0.006
Cuba,RESELC,423,2029,0.006
Cuba,RESELC,423,2030,0.006
Cuba,RESELC,423,2031,0.006
Cuba,RESELC,423,2032,0.006
Cuba,RESELC,423,2033,0.006
Cuba,RESELC,423,2034,0.006
Cuba,RESELC,423,2035,0.006
Cuba,RESELC,423,2036,0.006
Cuba,RESELC,423,2037,0.006
Cuba,RESELC,423,2038,0.006
Cuba,RESELC,423,2039,0.006
Cuba,RESELC,423,2040,0.006
Cuba,RESELC,423,2041,0.006
Cuba,RESELC,423,2042,0.006
Cuba,RESELC,423,2043,0.006
Cuba,RESELC,423,2044,0.006
Cuba,RESELC,423,2045,0.006
Cuba,RESELC,423,2046,0.006
Cuba,RESELC,423,2047,0.006
Cuba,RESELC,423,2048,0.006
Cuba,RESELC,423,2049,0.006
Cuba,RESELC,423,2050,0.006
Cuba,RESELC,423,2051,0.006
Cuba,RESELC,423,2052,0.006
Cuba,RESELC,423,2053,0.006
Cuba,RESELC,423,2054,0.006
Cuba,RESELC,423,2055,0.006
Cuba,RESELC,424,2019,0.008
Cuba,RESELC,424,2020,0.008
Cuba,RESELC,424,2021,0.008
Cuba,RESELC,424,2022,0.008
Cuba,RESELC,424,2023,0.008
Cuba,RESELC,424,2024,0.008
Cuba,RESELC,424,2025,0.008
Cuba,RESELC,424,2026,0.008
Cuba,RESELC,424,2027,0.008
Cuba,RESELC,424,2028,0.008
Cuba,RESELC,424,2029,0.008
Cuba,RESELC,424,2030,0.008
Cuba,RESELC,424,2031,0.008
Cuba,RESELC,424,2032,0.008
Cuba,RESELC,424,2033,0.008
Cuba,RESELC,424,2034,0.008
Cuba,RESELC,424,2035,0.008
Cuba,RESELC,424,2036,0.008
Cuba,RESELC,424,2037,0.008
Cuba,RESELC,424,2038,0.008
Cuba,RESELC,424,2039,0.008
Cuba,RESELC,424,2040,0.008
Cuba,RESELC,424,2041,0.008
Cuba,RESELC,424,2042,0.008
Cuba,RESELC,424,2043,0.008
Cuba,RESELC,424,2044,0.008
Cuba,RESELC,424,2045,0.008
Cuba,RESELC,424,2046,0.008
Cuba,RESELC,424,2047,0.008
Cuba,RESELC,424,2048,0.008
Cuba,RESELC,424,2049,0.008
Cuba,RESELC,424,2050,0.008
Cuba,RESELC,424,2051,0.008
Cuba,RESELC,424,2052,0.008
Cuba,RESELC,424,2053,0.008
Cuba,RESELC,424,2054,0.008
Cuba,RESELC,424,2055,0.008
Cuba,RESELC,425,2019,0.006
Cuba,RESELC,425,2020,0.006
Cuba,RESELC,425,2021,0.006
Cuba,RESELC,425,2022,0.006
Cuba,RESELC,425,2023,0.006
Cuba,RESELC,425,2024,0.006
Cuba,RESELC,425,2025,0.006
Cuba,RESELC,425,2026,0.006
Cuba,RESELC,425,2027,0.006
Cuba,RESELC,425,2028,0.006
Cuba,RESELC,425,2029,0.006
Cuba,RESELC,425,2030,0.006
Cuba,RESELC,425,2031,0.006
Cuba,RESELC,425,2032,0.006
Cuba,RESELC,425,2033,0.006
Cuba,RESELC,425,2034,0.006
Cuba,RESELC,425,2035,0.006
Cuba,RESELC,425,2036,0.006
Cuba,RESELC,425,2037,0.006
Cuba,RESELC,425,2038,0.006
Cuba,RESELC,425,2039,0.006
Cuba,RESELC,425,2040,0.006
Cuba,RESELC,425,2041,0.006
Cuba,RESELC,425,2042,0.006
Cuba,RESELC,425,2043,0.006
Cuba,RESELC,425,2044,0.006
Cuba,RESELC,425,2045,0.006
Cuba,RESELC,425,2046,0.006
Cuba,RESELC,425,2047,0.006
Cuba,RESELC,425,2048,0.006
Cuba,RESELC,425,2049,0.006
Cuba,RESELC,425,2050,0.006
Cuba,RESELC,425,2051,0.006
Cuba,RESELC,425,2052,0.006
Cuba,RESELC,425,2053,0.006
Cuba,RESELC,425,2054,0.006
Cuba,RESELC,425,2055,0.006
Cuba,RESELC,426,2019,0.009
Cuba,RESELC,426,2020,0.009
Cuba,RESELC,426,2021,0.009
Cuba,RESELC,426,2022,0.009
Cuba,RESELC,426,2023,0.009
Cuba,RESELC,426,2024,0.009
Cuba,RESELC,426,2025,0.009
Cuba,RESELC,426,2026,0.009
Cuba,RESELC,426,2027,0.009
Cuba,RESELC,426,2028,0.009
Cuba,RESELC,426,2029,0.009
Cuba,RESELC,426,2030,0.009
Cuba,RESELC,426,2031,0.009
Cuba,RESELC,426,2032,0.009
Cuba,RESELC,426,2033,0.009
Cuba,RESELC,426,2034,0.009
Cuba,RESELC,426,2035,0.009
Cuba,RESELC,426,2036,0.009
Cuba,RESELC,426,2037,0.009
Cuba,RESELC,426,2038,0.009
Cuba,RESELC,426,2039,0.009
Cuba,RESELC,426,2040,0.009
Cuba,RESELC,426,2041,0.009
Cuba,RESELC,426,2042,0.009
Cuba,RESELC,426,2043,0.009
Cuba,RESELC,426,2044,0.009
Cuba,RESELC,426,2045,0.009
Cuba,RESELC,426,2046,0.009
Cuba,RESELC,426,2047,0.009
Cuba,RESELC,426,2048,0.009
Cuba,RESELC,426,2049,0.009
Cuba,RESELC,426,2050,0.009
Cuba,RESELC,426,2051,0.009
Cuba,RESELC,426,2052,0.009
Cuba,RESELC,426,2053,0.009
Cuba,RESELC,426,2054,0.009
Cuba,RESELC,426,2055,0.009
Cuba,RESELC,427,2019,0.006
Cuba,RESELC,427,2020,0.006
Cuba,RESELC,427,2021,0.006
Cuba,RESELC,427,2022,0.006
Cuba,RESELC,427,2023,0.006
Cuba,RESELC,427,2024,0.006
Cuba,RESELC,427,2025,0.006
Cuba,RESELC,427,2026,0.006
Cuba,RESELC,427,2027,0.006
Cuba,RESELC,427,2028,0.006
Cuba,RESELC,427,2029,0.006
Cuba,RESELC,427,2030,0.006
Cuba,RESELC,427,2031,0.006
Cuba,RESELC,427,2032,0.006
Cuba,RESELC,427,2033,0.006
Cuba,RESELC,427,2034,0.006
Cuba,RESELC,427,2035,0.006
Cuba,RESELC,427,2036,0.006
Cuba,RESELC,427,2037,0.006
Cuba,RESELC,427,2038,0.006
Cuba,RESELC,427,2039,0.006
Cuba,RESELC,427,2040,0.006
Cuba,RESELC,427,2041,0.006
Cuba,RESELC,427,2042,0.006
Cuba,RESELC,427,2043,0.006
Cuba,RESELC,427,2044,0.006
Cuba,RESELC,427,2045,0.006
Cuba,RESELC,427,2046,0.006
Cuba,RESELC,427,2047,0.006
Cuba,RESELC,427,2048,0.006
Cuba,RESELC,427,2049,0.006
Cuba,RESELC,427,2050,0.006
Cuba,RESELC,427,2051,0.006
Cuba,RESELC,427,2052,0.006
Cuba,RESELC,427,2053,0.006
Cuba,RESELC,427,2054,0.006
Cuba,RESELC,427,2055,0.006
Cuba,RESELC,428,2019,0.007
Cuba,RESELC,428,2020,0.007
Cuba,RESELC,428,2021,0.007
Cuba,RESELC,428,2022,0.007
Cuba,RESELC,428,2023,0.007
Cuba,RESELC,428,2024,0.007
Cuba,RESELC,428,2025,0.007
Cuba,RESELC,428,2026,0.007
Cuba,RESELC,428,2027,0.007
Cuba,RESELC,428,2028,0.007
Cuba,RESELC,428,2029,0.007
Cuba,RESELC,428,2030,0.007
Cuba,RESELC,428,2031,0.007
Cuba,RESELC,428,2032,0.007
Cuba,RESELC,428,2033,0.007
Cuba,RESELC,428,2034,0.007
Cuba,RESELC,428,2035,0.007
Cuba,RESELC,428,2036,0.007
Cuba,RESELC,428,2037,0.007
Cuba,RESELC,428,2038,0.007
Cuba,RESELC,428,2039,0.007
Cuba,RESELC,428,2040,0.007
Cuba,RESELC,428,2041,0.007
Cuba,RESELC,428,2042,0.007
Cuba,RESELC,428,2043,0.007
Cuba,RESELC,428,2044,0.007
Cuba,RESELC,428,2045,0.007
Cuba,RESELC,428,2046,0.007
Cuba,RESELC,428,2047,0.007
Cuba,RESELC,428,2048,0.007
Cuba,RESELC,428,2049,0.007
Cuba,RESELC,428,2050,0.007
Cuba,RESELC,428,2051,0.007
Cuba,RESELC,428,2052,0.007
Cuba,RESELC,428,2053,0.007
Cuba,RESELC,428,2054,0.007
Cuba,RESELC,428,2055,0.007
Cuba,COMELC,111,2019,0.032
Cuba,COMELC,111,2020,0.032
Cuba,COMELC,111,2021,0.032
Cuba,COMELC,111,2022,0.032
Cuba,COMELC,111,2023,0.032
Cuba,COMELC,111,2024,0.032
Cuba,COMELC,111,2025,0.032
Cuba,COMELC,111,2026,0.032
Cuba,COMELC,111,2027,0.032
Cuba,COMELC,111,2028,0.032
Cuba,COMELC,111,2029,0.032
Cuba,COMELC,111,2030,0.032
Cuba,COMELC,111,2031,0.032
Cuba,COMELC,111,2032,0.032
Cuba,COMELC,111,2033,0.032
Cuba,COMELC,111,2034,0.032
Cuba,COMELC,111,2035,0.032
Cuba,COMELC,111,2036,0.032
Cuba,COMELC,111,2037,0.032
Cuba,COMELC,111,2038,0.032
Cuba,COMELC,111,2039,0.032
Cuba,COMELC,111,2040,0.032
Cuba,COMELC,111,2041,0.032
Cuba,COMELC,111,2042,0.032
Cuba,COMELC,111,2043,0.032
Cuba,COMELC,111,2044,0.032
Cuba,COMELC,111,2045,0.032
Cuba,COMELC,111,2046,0.032
Cuba,COMELC,111,2047,0.032
Cuba,COMELC,111,2048,0.032
Cuba,COMELC,111,2049,0.032
Cuba,COMELC,111,2050,0.032
Cuba,COMELC,111,2051,0.032
Cuba,COMELC,111,2052,0.032
Cuba,COMELC,111,2053,0.032
Cuba,COMELC,111,2054,0.032
Cuba,COMELC,111,2055,0.032
Cuba,COMELC,112,2019,0.025
Cuba,COMELC,112,2020,0.025
Cuba,COMELC,112,2021,0.025
Cuba,COMELC,112,2022,0.025
Cuba,COMELC,112,2023,0.025
Cuba,COMELC,112,2024,0.025
Cuba,COMELC,112,2025,0.025
Cuba,COMELC,112,2026,0.025
Cuba,COMELC,112,2027,0.025
Cuba,COMELC,112,2028,0.025
Cuba,COMELC,112,2029,0.025
Cuba,COMELC,112,2030,0.025
Cuba,COMELC,112,2031,0.025
Cuba,COMELC,112,2032,0.025
Cuba,COMELC,112,2033,0.025
Cuba,COMELC,112,2034,0.025
Cuba,COMELC,112,2035,0.025
Cuba,COMELC,112,2036,0.025
Cuba,COMELC,112,2037,0.025
Cuba,COMELC,112,2038,0.025
Cuba,COMELC,112,2039,0.025
Cuba,COMELC,112,2040,0.025
Cuba,COMELC,112,2041,0.025
Cuba,COMELC,112,2042,0.025
Cuba,COMELC,112,2043,0.025
Cuba,COMELC,112,2044,0.025
Cuba,COMELC,112,2045,0.025
Cuba,COMELC,112,2046,0.025
Cuba,COMELC,112,2047,0.025
Cuba,COMELC,112,2048,0.025
Cuba,COMELC,112,2049,0.025
Cuba,COMELC,112,2050,0.025
Cuba,COMELC,112,2051,0.025
Cuba,COMELC,112,2052,0.025
Cuba,COMELC,112,2053,0.025
Cuba,COMELC,112,2054,0.025
Cuba,COMELC,112,2055,0.025
Cuba,COMELC,113,2019,0.012
Cuba,COMELC,113,2020,0.012
Cuba,COMELC,113,2021,0.012
Cuba,COMELC,113,2022,0.012
Cuba,COMELC,113,2023,0.012
Cuba,COMELC,113,2024,0.012
Cuba,COMELC,113,2025,0.012
Cuba,COMELC,113,2026,0.012
Cuba,COMELC,113,2027,0.012
Cuba,COMELC,113,2028,0.012
Cuba,COMELC,113,2029,0.012
Cuba,COMELC,113,2030,0.012
Cuba,COMELC,113,2031,0.012
Cuba,COMELC,113,2032,0.012
Cuba,COMELC,113,2033,0.012
Cuba,COMELC,113,2034,0.012
Cuba,COMELC,113,2035,0.012
Cuba,COMELC,113,2036,0.012
Cuba,COMELC,113,2037,0.012
Cuba,COMELC,113,2038,0.012
Cuba,COMELC,113,2039,0.012
Cuba,COMELC,113,2040,0.012
Cuba,COMELC,113,2041,0.012
Cuba,COMELC,113,2042,0.012
Cuba,COMELC,113,2043,0.012
Cuba,COMELC,113,2044,0.012
Cuba,COMELC,113,2045,0.012
Cuba,COMELC,113,2046,0.012
Cuba,COMELC,113,2047,0.012
Cuba,COMELC,113,2048,0.012
Cuba,COMELC,113,2049,0.012
Cuba,COMELC,113,2050,0.012
Cuba,COMELC,113,2051,0.012
Cuba,COMELC,113,2052,0.012
Cuba,COMELC,113,2053,0.012
Cuba,COMELC,113,2054,0.012
Cuba,COMELC,113,2055,0.012
Cuba,COMELC,114,2019,0.02
Cuba,COMELC,114,2020,0.02
Cuba,COMELC,114,2021,0.02
Cuba,COMELC,114,2022,0.02
Cuba,COMELC,114,2023,0.02
Cuba,COMELC,114,2024,0.02
Cuba,COMELC,114,2025,0.02
Cuba,COMELC,114,2026,0.02
Cuba,COMELC,114,2027,0.02
Cuba,COMELC,114,2028,0.02
Cuba,COMELC,114,2029,0.02
Cuba,COMELC,114,2030,0.02
Cuba,COMELC,114,2031,0.02
Cuba,COMELC,114,2032,0.02
Cuba,COMELC,114,2033,0.02
Cuba,COMELC,114,2034,0.02
Cuba,COMELC,114,2035,0.02
Cuba,COMELC,114,2036,0.02
Cuba,COMELC,114,2037,0.02
Cuba,COMELC,114,2038,0.02
Cuba,COMELC,114,2039,0.02
Cuba,COMELC,114,2040,0.02
Cuba,COMELC,114,2041,0.02
Cuba,COMELC,114,2042,0.02
Cuba,COMELC,114,2043,0.02
Cuba,COMELC,114,2044,0.02
Cuba,COMELC,114,2045,0.02
Cuba,COMELC,114,2046,0.02
Cuba,COMELC,114,2047,0.02
Cuba,COMELC,114,2048,0.02
Cuba,COMELC,114,2049,0.02
Cuba,COMELC,114,2050,0.02
Cuba,COMELC,114,2051,0.02
Cuba,COMELC,114,2052,0.02
Cuba,COMELC,114,2053,0.02
Cuba,COMELC,114,2054,0.02
Cuba,COMELC,114,2055,0.02
Cuba,COMELC,115,2019,0.016
Cuba,COMELC,115,2020,0.016
Cuba,COMELC,115,2021,0.016
Cuba,COMELC,115,2022,0.016
Cuba,COMELC,115,2023,0.016
Cuba,COMELC,115,2024,0.016
Cuba,COMELC,115,2025,0.016
Cuba,COMELC,115,2026,0.016
Cuba,COMELC,115,2027,0.016
Cuba,COMELC,115,2028,0.016
Cuba,COMELC,115,2029,0.016
Cuba,COMELC,115,2030,0.016
Cuba,COMELC,115,2031,0.016
Cuba,COMELC,115,2032,0.016
Cuba,COMELC,115,2033,0.016
Cuba,COMELC,115,2034,0.016
Cuba,COMELC,115,2035,0.016
Cuba,COMELC,115,2036,0.016
Cuba,COMELC,115,2037,0.016
Cuba,COMELC,115,2038,0.016
Cuba,COMELC,115,2039,0.016
Cuba,COMELC,115,2040,0.016
Cuba,COMELC,115,2041,0.016
Cuba,COMELC,115,2042,0.016
Cuba,COMELC,115,2043,0.016
Cuba,COMELC,115,2044,0.016
Cuba,COMELC,115,2045,0.016
Cuba,COMELC,115,2046,0.016
Cuba,COMELC,115,2047,0.016
Cuba,COMELC,115,2048,0.016
Cuba,COMELC,115,2049,0.016
Cuba,COMELC,115,2050,0.016
Cuba,COMELC,115,2051,0.016
Cuba,COMELC,115,2052,0.016
Cuba,COMELC,115,2053,0.016
Cuba,COMELC,115,2054,0.016
Cuba,COMELC,115,2055,0.016
Cuba,COMELC,116,2019,0.021
Cuba,COMELC,116,2020,0.021
Cuba,COMELC,116,2021,0.021
Cuba,COMELC,116,2022,0.021
Cuba,COMELC,116,2023,0.021
Cuba,COMELC,116,2024,0.021
Cuba,COMELC,116,2025,0.021
Cuba,COMELC,116,2026,0.021
Cuba,COMELC,116,2027,0.021
Cuba,COMELC,116,2028,0.021
Cuba,COMELC,116,2029,0.021
Cuba,COMELC,116,2030,0.021
Cuba,COMELC,116,2031,0.021
Cuba,COMELC,116,2032,0.021
Cuba,COMELC,116,2033,0.021
Cuba,COMELC,116,2034,0.021
Cuba,COMELC,116,2035,0.021
Cuba,COMELC,116,2036,0.021
Cuba,COMELC,116,2037,0.021
Cuba,COMELC,116,2038,0.021
Cuba,COMELC,116,2039,0.021
Cuba,COMELC,116,2040,0.021
Cuba,COMELC,116,2041,0.021
Cuba,COMELC,116,2042,0.021
Cuba,COMELC,116,2043,0.021
Cuba,COMELC,116,2044,0.021
Cuba,COMELC,116,2045,0.021
Cuba,COMELC,116,2046,0.021
Cuba,COMELC,116,2047,0.021
Cuba,COMELC,116,2048,0.021
Cuba,COMELC,116,2049,0.021
Cuba,COMELC,116,2050,0.021
Cuba,COMELC,116,2051,0.021
Cuba,COMELC,116,2052,0.021
Cuba,COMELC,116,2053,0.021
Cuba,COMELC,116,2054,0.021
Cuba,COMELC,116,2055,0.021
Cuba,COMELC,117,2019,0.015
Cuba,COMELC,117,2020,0.015
Cuba,COMELC,117,2021,0.015
Cuba,COMELC,117,2022,0.015
Cuba,COMELC,117,2023,0.015
Cuba,COMELC,117,2024,0.015
Cuba,COMELC,117,2025,0.015
Cuba,COMELC,117,2026,0.015
Cuba,COMELC,117,2027,0.015
Cuba,COMELC,117,2028,0.015
Cuba,COMELC,117,2029,0.015
Cuba,COMELC,117,2030,0.015
Cuba,COMELC,117,2031,0.015
Cuba,COMELC,117,2032,0.015
Cuba,COMELC,117,2033,0.015
Cuba,COMELC,117,2034,0.015
Cuba,COMELC,117,2035,0.015
Cuba,COMELC,117,2036,0.015
Cuba,COMELC,117,2037,0.015
Cuba,COMELC,117,2038,0.015
Cuba,COMELC,117,2039,0.015
Cuba,COMELC,117,2040,0.015
Cuba,COMELC,117,2041,0.015
Cuba,COMELC,117,2042,0.015
Cuba,COMELC,117,2043,0.015
Cuba,COMELC,117,2044,0.015
Cuba,COMELC,117,2045,0.015
Cuba,COMELC,117,2046,0.015
Cuba,COMELC,117,2047,0.015
Cuba,COMELC,117,2048,0.015
Cuba,COMELC,117,2049,0.015
Cuba,COMELC,117,2050,0.015
Cuba,COMELC,117,2051,0.015
Cuba,COMELC,117,2052,0.015
Cuba,COMELC,117,2053,0.015
Cuba,COMELC,117,2054,0.015
Cuba,COMELC,117,2055,0.015
Cuba,COMELC,118,2019,0.017
Cuba,COMELC,118,2020,0.017
Cuba,COMELC,118,2021,0.017
Cuba,COMELC,118,2022,0.017
Cuba,COMELC,118,2023,0.017
Cuba,COMELC,118,2024,0.017
Cuba,COMELC,118,2025,0.017
Cuba,COMELC,118,2026,0.017
Cuba,COMELC,118,2027,0.017
Cuba,COMELC,118,2028,0.017
Cuba,COMELC,118,2029,0.017
Cuba,COMELC,118,2030,0.017
Cuba,COMELC,118,2031,0.017
Cuba,COMELC,118,2032,0.017
Cuba,COMELC,118,2033,0.017
Cuba,COMELC,118,2034,0.017
Cuba,COMELC,118,2035,0.017
Cuba,COMELC,118,2036,0.017
Cuba,COMELC,118,2037,0.017
Cuba,COMELC,118,2038,0.017
Cuba,COMELC,118,2039,0.017
Cuba,COMELC,118,2040,0.017
Cuba,COMELC,118,2041,0.017
Cuba,COMELC,118,2042,0.017
Cuba,COMELC,118,2043,0.017
Cuba,COMELC,118,2044,0.017
Cuba,COMELC,118,2045,0.017
Cuba,COMELC,118,2046,0.017
Cuba,COMELC,118,2047,0.017
Cuba,COMELC,118,2048,0.017
Cuba,COMELC,118,2049,0.017
Cuba,COMELC,118,2050,0.017
Cuba,COMELC,118,2051,0.017
Cuba,COMELC,118,2052,0.017
Cuba,COMELC,118,2053,0.017
Cuba,COMELC,118,2054,0.017
Cuba,COMELC,118,2055,0.017
Cuba,COMELC,121,2019,0.014
Cuba,COMELC,121,2020,0.014
Cuba,COMELC,121,2021,0.014
Cuba,COMELC,121,2022,0.014
Cuba,COMELC,121,2023,0.014
Cuba,COMELC,121,2024,0.014
Cuba,COMELC,121,2025,0.014
Cuba,COMELC,121,2026,0.014
Cuba,COMELC,121,2027,0.014
Cuba,COMELC,121,2028,0.014
Cuba,COMELC,121,2029,0.014
Cuba,COMELC,121,2030,0.014
Cuba,COMELC,121,2031,0.014
Cuba,COMELC,121,2032,0.014
Cuba,COMELC,121,2033,0.014
Cuba,COMELC,121,2034,0.014
Cuba,COMELC,121,2035,0.014
Cuba,COMELC,121,2036,0.014
Cuba,COMELC,121,2037,0.014
Cuba,COMELC,121,2038,0.014
Cuba,COMELC,121,2039,0.014
Cuba,COMELC,121,2040,0.014
Cuba,COMELC,121,2041,0.014
Cuba,COMELC,121,2042,0.014
Cuba,COMELC,121,2043,0.014
Cuba,COMELC,121,2044,0.014
Cuba,COMELC,121,2045,0.014
Cuba,COMELC,121,2046,0.014
Cuba,COMELC,121,2047,0.014
Cuba,COMELC,121,2048,0.014
Cuba,COMELC,121,2049,0.014
Cuba,COMELC,121,2050,0.014
Cuba,COMELC,121,2051,0.014
Cuba,COMELC,121,2052,0.014
Cuba,COMELC,121,2053,0.014
Cuba,COMELC,121,2054,0.014
Cuba,COMELC,121,2055,0.014
Cuba,COMELC,122,2019,0.011
Cuba,COMELC,122,2020,0.011
Cuba,COMELC,122,2021,0.011
Cuba,COMELC,122,2022,0.011
Cuba,COMELC,122,2023,0.011
Cuba,COMELC,122,2024,0.011
Cuba,COMELC,122,2025,0.011
Cuba,COMELC,122,2026,0.011
Cuba,COMELC,122,2027,0.011
Cuba,COMELC,122,2028,0.011
Cuba,COMELC,122,2029,0.011
Cuba,COMELC,122,2030,0.011
Cuba,COMELC,122,2031,0.011
Cuba,COMELC,122,2032,0.011
Cuba,COMELC,122,2033,0.011
Cuba,COMELC,122,2034,0.011
Cuba,COMELC,122,2035,0.011
Cuba,COMELC,122,2036,0.011
Cuba,COMELC,122,2037,0.011
Cuba,COMELC,122,2038,0.011
Cuba,COMELC,122,2039,0.011
Cuba,COMELC,122,2040,0.011
Cuba,COMELC,122,2041,0.011
Cuba,COMELC,122,2042,0.011
Cuba,COMELC,122,2043,0.011
Cuba,COMELC,122,2044,0.011
Cuba,COMELC,122,2045,0.011
Cuba,COMELC,122,2046,0.011
Cuba,COMELC,122,2047,0.011
Cuba,COMELC,122,2048,0.011
Cuba,COMELC,122,2049,0.011
Cuba,COMELC,122,2050,0.011
Cuba,COMELC,122,2051,0.011
Cuba,COMELC,122,2052,0.011
Cuba,COMELC,122,2053,0.011
Cuba,COMELC,122,2054,0.011
Cuba,COMELC,122,2055,0.011
Cuba,COMELC,123,2019,0.005
Cuba,COMELC,123,2020,0.005
Cuba,COMELC,123,2021,0.005
Cuba,COMELC,123,2022,0.005
Cuba,COMELC,123,2023,0.005
Cuba,COMELC,123,2024,0.005
Cuba,COMELC,123,2025,0.005
Cuba,COMELC,123,2026,0.005
Cuba,COMELC,123,2027,0.005
Cuba,COMELC,123,2028,0.005
Cuba,COMELC,123,2029,0.005
Cuba,COMELC,123,2030,0.005
Cuba,COMELC,123,2031,0.005
Cuba,COMELC,123,2032,0.005
Cuba,COMELC,123,2033,0.005
Cuba,COMELC,123,2034,0.005
Cuba,COMELC,123,2035,0.005
Cuba,COMELC,123,2036,0.005
Cuba,COMELC,123,2037,0.005
Cuba,COMELC,123,2038,0.005
Cuba,COMELC,123,2039,0.005
Cuba,COMELC,123,2040,0.005
Cuba,COMELC,123,2041,0.005
Cuba,COMELC,123,2042,0.005
Cuba,COMELC,123,2043,0.005
Cuba,COMELC,123,2044,0.005
Cuba,COMELC,123,2045,0.005
Cuba,COMELC,123,2046,0.005
Cuba,COMELC,123,2047,0.005
Cuba,COMELC,123,2048,0.005
Cuba,COMELC,123,2049,0.005
Cuba,COMELC,123,2050,0.005
Cuba,COMELC,123,2051,0.005
Cuba,COMELC,123,2052,0.005
Cuba,COMELC,123,2053,0.005
Cuba,COMELC,123,2054,0.005
Cuba,COMELC,123,2055,0.005
Cuba,COMELC,124,2019,0.009
Cuba,COMELC,124,2020,0.009
Cuba,COMELC,124,2021,0.009
Cuba,COMELC,124,2022,0.009
Cuba,COMELC,124,2023,0.009
Cuba,COMELC,124,2024,0.009
Cuba,COMELC,124,2025,0.009
Cuba,COMELC,124,2026,0.009
Cuba,COMELC,124,2027,0.009
Cuba,COMELC,124,2028,0.009
Cuba,COMELC,124,2029,0.009
Cuba,COMELC,124,2030,0.009
Cuba,COMELC,124,2031,0.009
Cuba,COMELC,124,2032,0.009
Cuba,COMELC,124,2033,0.009
Cuba,COMELC,124,2034,0.009
Cuba,COMELC,124,2035,0.009
Cuba,COMELC,124,2036,0.009
Cuba,COMELC,124,2037,0.009
Cuba,COMELC,124,2038,0.009
Cuba,COMELC,124,2039,0.009
Cuba,COMELC,124,2040,0.009
Cuba,COMELC,124,2041,0.009
Cuba,COMELC,124,2042,0.009
Cuba,COMELC,124,2043,0.009
Cuba,COMELC,124,2044,0.009
Cuba,COMELC,124,2045,0.009
Cuba,COMELC,124,2046,0.009
Cuba,COMELC,124,2047,0.009
Cuba,COMELC,124,2048,0.009
Cuba,COMELC,124,2049,0.009
Cuba,COMELC,124,2050,0.009
Cuba,COMELC,124,2051,0.009
Cuba,COMELC,124,2052,0.009
Cuba,COMELC,124,2053,0.009
Cuba,COMELC,124,2054,0.009
Cuba,COMELC,124,2055,0.009
Cuba,COMELC,125,2019,0.007
Cuba,COMELC,125,2020,0.007
Cuba,COMELC,125,2021,0.007
Cuba,COMELC,125,2022,0.007
Cuba,COMELC,125,2023,0.007
Cuba,COMELC,125,2024,0.007
Cuba,COMELC,125,2025,0.007
Cuba,COMELC,125,2026,0.007
Cuba,COMELC,125,2027,0.007
Cuba,COMELC,125,2028,0.007
Cuba,COMELC,125,2029,0.007
Cuba,COMELC,125,2030,0.007
Cuba,COMELC,125,2031,0.007
Cuba,COMELC,125,2032,0.007
Cuba,COMELC,125,2033,0.007
Cuba,COMELC,125,2034,0.007
Cuba,COMELC,125,2035,0.007
Cuba,COMELC,125,2036,0.007
Cuba,COMELC,125,2037,0.007
Cuba,COMELC,125,2038,0.007
Cuba,COMELC,125,2039,0.007
Cuba,COMELC,125,2040,0.007
Cuba,COMELC,125,2041,0.007
Cuba,COMELC,125,2042,0.007
Cuba,COMELC,125,2043,0.007
Cuba,COMELC,125,2044,0.007
Cuba,COMELC,125,2045,0.007
Cuba,COMELC,125,2046,0.007
Cuba,COMELC,125,2047,0.007
Cuba,COMELC,125,2048,0.007
Cuba,COMELC,125,2049,0.007
Cuba,COMELC,125,2050,0.007
Cuba,COMELC,125,2051,0.007
Cuba,COMELC,125,2052,0.007
Cuba,COMELC,125,2053,0.007
Cuba,COMELC,125,2054,0.007
Cuba,COMELC,125,2055,0.007
Cuba,COMELC,126,2019,0.009
Cuba,COMELC,126,2020,0.009
Cuba,COMELC,126,2021,0.009
Cuba,COMELC,126,2022,0.009
Cuba,COMELC,126,2023,0.009
Cuba,COMELC,126,2024,0.009
Cuba,COMELC,126,2025,0.009
Cuba,COMELC,126,2026,0.009
Cuba,COMELC,126,2027,0.009
Cuba,COMELC,126,2028,0.009
Cuba,COMELC,126,2029,0.009
Cuba,COMELC,126,2030,0.009
Cuba,COMELC,126,2031,0.009
Cuba,COMELC,126,2032,0.009
Cuba,COMELC,126,2033,0.009
Cuba,COMELC,126,2034,0.009
Cuba,COMELC,126,2035,0.009
Cuba,COMELC,126,2036,0.009
Cuba,COMELC,126,2037,0.009
Cuba,COMELC,126,2038,0.009
Cuba,COMELC,126,2039,0.009
Cuba,COMELC,126,2040,0.009
Cuba,COMELC,126,2041,0.009
Cuba,COMELC,126,2042,0.009
Cuba,COMELC,126,2043,0.009
Cuba,COMELC,126,2044,0.009
Cuba,COMELC,126,2045,0.009
Cuba,COMELC,126,2046,0.009
Cuba,COMELC,126,2047,0.009
Cuba,COMELC,126,2048,0.009
Cuba,COMELC,126,2049,0.009
Cuba,COMELC,126,2050,0.009
Cuba,COMELC,126,2051,0.009
Cuba,COMELC,126,2052,0.009
Cuba,COMELC,126,2053,0.009
Cuba,COMELC,126,2054,0.009
Cuba,COMELC,126,2055,0.009
Cuba,COMELC,127,2019,0.006
Cuba,COMELC,127,2020,0.006
Cuba,COMELC,127,2021,0.006
Cuba,COMELC,127,2022,0.006
Cuba,COMELC,127,2023,0.006
Cuba,COMELC,127,2024,0.006
Cuba,COMELC,127,2025,0.006
Cuba,COMELC,127,2026,0.006
Cuba,COMELC,127,2027,0.006
Cuba,COMELC,127,2028,0.006
Cuba,COMELC,127,2029,0.006
Cuba,COMELC,127,2030,0.006
Cuba,COMELC,127,2031,0.006
Cuba,COMELC,127,2032,0.006
Cuba,COMELC,127,2033,0.006
Cuba,COMELC,127,2034,0.006
Cuba,COMELC,127,2035,0.006
Cuba,COMELC,127,2036,0.006
Cuba,COMELC,127,2037,0.006
Cuba,COMELC,127,2038,0.006
Cuba,COMELC,127,2039,0.006
Cuba,COMELC,127,2040,0.006
Cuba,COMELC,127,2041,0.006
Cuba,COMELC,127,2042,0.006
Cuba,COMELC,127,2043,0.006
Cuba,COMELC,127,2044,0.006
Cuba,COMELC,127,2045,0.006
Cuba,COMELC,127,2046,0.006
Cuba,COMELC,127,2047,0.006
Cuba,COMELC,127,2048,0.006
Cuba,COMELC,127,2049,0.006
Cuba,COMELC,127,2050,0.006
Cuba,COMELC,127,2051,0.006
Cuba,COMELC,127,2052,0.006
Cuba,COMELC,127,2053,0.006
Cuba,COMELC,127,2054,0.006
Cuba,COMELC,127,2055,0.006
Cuba,COMELC,128,2019,0.007
Cuba,COMELC,128,2020,0.007
Cuba,COMELC,128,2021,0.007
Cuba,COMELC,128,2022,0.007
Cuba,COMELC,128,2023,0.007
Cuba,COMELC,128,2024,0.007
Cuba,COMELC,128,2025,0.007
Cuba,COMELC,128,2026,0.007
Cuba,COMELC,128,2027,0.007
Cuba,COMELC,128,2028,0.007
Cuba,COMELC,128,2029,0.007
Cuba,COMELC,128,2030,0.007
Cuba,COMELC,128,2031,0.007
Cuba,COMELC,128,2032,0.007
Cuba,COMELC,128,2033,0.007
Cuba,COMELC,128,2034,0.007
Cuba,COMELC,128,2035,0.007
Cuba,COMELC,128,2036,0.007
Cuba,COMELC,128,2037,0.007
Cuba,COMELC,128,2038,0.007
Cuba,COMELC,128,2039,0.007
Cuba,COMELC,128,2040,0.007
Cuba,COMELC,128,2041,0.007
Cuba,COMELC,128,2042,0.007
Cuba,COMELC,128,2043,0.007
Cuba,COMELC,128,2044,0.007
Cuba,COMELC,128,2045,0.007
Cuba,COMELC,128,2046,0.007
Cuba,COMELC,128,2047,0.007
Cuba,COMELC,128,2048,0.007
Cuba,COMELC,128,2049,0.007
Cuba,COMELC,128,2050,0.007
Cuba,COMELC,128,2051,0.007
Cuba,COMELC,128,2052,0.007
Cuba,COMELC,128,2053,0.007
Cuba,COMELC,128,2054,0.007
Cuba,COMELC,128,2055,0.007
Cuba,COMELC,211,2019,0.04
Cuba,COMELC,211,2020,0.04
Cuba,COMELC,211,2021,0.04
Cuba,COMELC,211,2022,0.04
Cuba,COMELC,211,2023,0.04
Cuba,COMELC,211,2024,0.04
Cuba,COMELC,211,2025,0.04
Cuba,COMELC,211,2026,0.04
Cuba,COMELC,211,2027,0.04
Cuba,COMELC,211,2028,0.04
Cuba,COMELC,211,2029,0.04
Cuba,COMELC,211,2030,0.04
Cuba,COMELC,211,2031,0.04
Cuba,COMELC,211,2032,0.04
Cuba,COMELC,211,2033,0.04
Cuba,COMELC,211,2034,0.04
Cuba,COMELC,211,2035,0.04
Cuba,COMELC,211,2036,0.04
Cuba,COMELC,211,2037,0.04
Cuba,COMELC,211,2038,0.04
Cuba,COMELC,211,2039,0.04
Cuba,COMELC,211,2040,0.04
Cuba,COMELC,211,2041,0.04
Cuba,COMELC,211,2042,0.04
Cuba,COMELC,211,2043,0.04
Cuba,COMELC,211,2044,0.04
Cuba,COMELC,211,2045,0.04
Cuba,COMELC,211,2046,0.04
Cuba,COMELC,211,2047,0.04
Cuba,COMELC,211,2048,0.04
Cuba,COMELC,211,2049,0.04
Cuba,COMELC,211,2050,0.04
Cuba,COMELC,211,2051,0.04
Cuba,COMELC,211,2052,0.04
Cuba,COMELC,211,2053,0.04
Cuba,COMELC,211,2054,0.04
Cuba,COMELC,211,2055,0.04
Cuba,COMELC,212,2019,0.032
Cuba,COMELC,212,2020,0.032
Cuba,COMELC,212,2021,0.032
Cuba,COMELC,212,2022,0.032
Cuba,COMELC,212,2023,0.032
Cuba,COMELC,212,2024,0.032
Cuba,COMELC,212,2025,0.032
Cuba,COMELC,212,2026,0.032
Cuba,COMELC,212,2027,0.032
Cuba,COMELC,212,2028,0.032
Cuba,COMELC,212,2029,0.032
Cuba,COMELC,212,2030,0.032
Cuba,COMELC,212,2031,0.032
Cuba,COMELC,212,2032,0.032
Cuba,COMELC,212,2033,0.032
Cuba,COMELC,212,2034,0.032
Cuba,COMELC,212,2035,0.032
Cuba,COMELC,212,2036,0.032
Cuba,COMELC,212,2037,0.032
Cuba,COMELC,212,2038,0.032
Cuba,COMELC,212,2039,0.032
Cuba,COMELC,212,2040,0.032
Cuba,COMELC,212,2041,0.032
Cuba,COMELC,212,2042,0.032
Cuba,COMELC,212,2043,0.032
Cuba,COMELC,212,2044,0.032
Cuba,COMELC,212,2045,0.032
Cuba,COMELC,212,2046,0.032
Cuba,COMELC,212,2047,0.032
Cuba,COMELC,212,2048,0.032
Cuba,COMELC,212,2049,0.032
Cuba,COMELC,212,2050,0.032
Cuba,COMELC,212,2051,0.032
Cuba,COMELC,212,2052,0.032
Cuba,COMELC,212,2053,0.032
Cuba,COMELC,212,2054,0.032
Cuba,COMELC,212,2055,0.032
Cuba,COMELC,213,2019,0.014
Cuba,COMELC,213,2020,0.014
Cuba,COMELC,213,2021,0.014
Cuba,COMELC,213,2022,0.014
Cuba,COMELC,213,2023,0.014
Cuba,COMELC,213,2024,0.014
Cuba,COMELC,213,2025,0.014
Cuba,COMELC,213,2026,0.014
Cuba,COMELC,213,2027,0.014
Cuba,COMELC,213,2028,0.014
Cuba,COMELC,213,2029,0.014
Cuba,COMELC,213,2030,0.014
Cuba,COMELC,213,2031,0.014
Cuba,COMELC,213,2032,0.014
Cuba,COMELC,213,2033,0.014
Cuba,COMELC,213,2034,0.014
Cuba,COMELC,213,2035,0.014
Cuba,COMELC,213,2036,0.014
Cuba,COMELC,213,2037,0.014
Cuba,COMELC,213,2038,0.014
Cuba,COMELC,213,2039,0.014
Cuba,COMELC,213,2040,0.014
Cuba,COMELC,213,2041,0.014
Cuba,COMELC,213,2042,0.014
Cuba,COMELC,213,2043,0.014
Cuba,COMELC,213,2044,0.014
Cuba,COMELC,213,2045,0.014
Cuba,COMELC,213,2046,0.014
Cuba,COMELC,213,2047,0.014
Cuba,COMELC,213,2048,0.014
Cuba,COMELC,213,2049,0.014
Cuba,COMELC,213,2050,0.014
Cuba,COMELC,213,2051,0.014
Cuba,COMELC,213,2052,0.014
Cuba,COMELC,213,2053,0.014
Cuba,COMELC,213,2054,0.014
Cuba,COMELC,213,2055,0.014
Cuba,COMELC,214,2019,0.023
Cuba,COMELC,214,2020,0.023
Cuba,COMELC,214,2021,0.023
Cuba,COMELC,214,2022,0.023
Cuba,COMELC,214,2023,0.023
Cuba,COMELC,214,2024,0.023
Cuba,COMELC,214,2025,0.023
Cuba,COMELC,214,2026,0.023
Cuba,COMELC,214,2027,0.023
Cuba,COMELC,214,2028,0.023
Cuba,COMELC,214,2029,0.023
Cuba,COMELC,214,2030,0.023
Cuba,COMELC,214,2031,0.023
Cuba,COMELC,214,2032,0.023
Cuba,COMELC,214,2033,0.023
Cuba,COMELC,214,2034,0.023
Cuba,COMELC,214,2035,0.023
Cuba,COMELC,214,2036,0.023
Cuba,COMELC,214,2037,0.023
Cuba,COMELC,214,2038,0.023
Cuba,COMELC,214,2039,0.023
Cuba,COMELC,214,2040,0.023
Cuba,COMELC,214,2041,0.023
Cuba,COMELC,214,2042,0.023
Cuba,COMELC,214,2043,0.023
Cuba,COMELC,214,2044,0.023
Cuba,COMELC,214,2045,0.023
Cuba,COMELC,214,2046,0.023
Cuba,COMELC,214,2047,0.023
Cuba,COMELC,214,2048,0.023
Cuba,COMELC,214,2049,0.023
Cuba,COMELC,214,2050,0.023
Cuba,COMELC,214,2051,0.023
Cuba,COMELC,214,2052,0.023
Cuba,COMELC,214,2053,0.023
Cuba,COMELC,214,2054,0.023
Cuba,COMELC,214,2055,0.023
Cuba,COMELC,215,2019,0.017
Cuba,COMELC,215,2020,0.017
Cuba,COMELC,215,2021,0.017
Cuba,COMELC,215,2022,0.017
Cuba,COMELC,215,2023,0.017
Cuba,COMELC,215,2024,0.017
Cuba,COMELC,215,2025,0.017
Cuba,COMELC,215,2026,0.017
Cuba,COMELC,215,2027,0.017
Cuba,COMELC,215,2028,0.017
Cuba,COMELC,215,2029,0.017
Cuba,COMELC,215,2030,0.017
Cuba,COMELC,215,2031,0.017
Cuba,COMELC,215,2032,0.017
Cuba,COMELC,215,2033,0.017
Cuba,COMELC,215,2034,0.017
Cuba,COMELC,215,2035,0.017
Cuba,COMELC,215,2036,0.017
Cuba,COMELC,215,2037,0.017
Cuba,COMELC,215,2038,0.017
Cuba,COMELC,215,2039,0.017
Cuba,COMELC,215,2040,0.017
Cuba,COMELC,215,2041,0.017
Cuba,COMELC,215,2042,0.017
Cuba,COMELC,215,2043,0.017
Cuba,COMELC,215,2044,0.017
Cuba,COMELC,215,2045,0.017
Cuba,COMELC,215,2046,0.017
Cuba,COMELC,215,2047,0.017
Cuba,COMELC,215,2048,0.017
Cuba,COMELC,215,2049,0.017
Cuba,COMELC,215,2050,0.017
Cuba,COMELC,215,2051,0.017
Cuba,COMELC,215,2052,0.017
Cuba,COMELC,215,2053,0.017
Cuba,COMELC,215,2054,0.017
Cuba,COMELC,215,2055,0.017
Cuba,COMELC,216,2019,0.023
Cuba,COMELC,216,2020,0.023
Cuba,COMELC,216,2021,0.023
Cuba,COMELC,216,2022,0.023
Cuba,COMELC,216,2023,0.023
Cuba,COMELC,216,2024,0.023
Cuba,COMELC,216,2025,0.023
Cuba,COMELC,216,2026,0.023
Cuba,COMELC,216,2027,0.023
Cuba,COMELC,216,2028,0.023
Cuba,COMELC,216,2029,0.023
Cuba,COMELC,216,2030,0.023
Cuba,COMELC,216,2031,0.023
Cuba,COMELC,216,2032,0.023
Cuba,COMELC,216,2033,0.023
Cuba,COMELC,216,2034,0.023
Cuba,COMELC,216,2035,0.023
Cuba,COMELC,216,2036,0.023
Cuba,COMELC,216,2037,0.023
Cuba,COMELC,216,2038,0.023
Cuba,COMELC,216,2039,0.023
Cuba,COMELC,216,2040,0.023
Cuba,COMELC,216,2041,0.023
Cuba,COMELC,216,2042,0.023
Cuba,COMELC,216,2043,0.023
Cuba,COMELC,216,2044,0.023
Cuba,COMELC,216,2045,0.023
Cuba,COMELC,216,2046,0.023
Cuba,COMELC,216,2047,0.023
Cuba,COMELC,216,2048,0.023
Cuba,COMELC,216,2049,0.023
Cuba,COMELC,216,2050,0.023
Cuba,COMELC,216,2051,0.023
Cuba,COMELC,216,2052,0.023
Cuba,COMELC,216,2053,0.023
Cuba,COMELC,216,2054,0.023
Cuba,COMELC,216,2055,0.023
Cuba,COMELC,217,2019,0.016
Cuba,COMELC,217,2020,0.016
Cuba,COMELC,217,2021,0.016
Cuba,COMELC,217,2022,0.016
Cuba,COMELC,217,2023,0.016
Cuba,COMELC,217,2024,0.016
Cuba,COMELC,217,2025,0.016
Cuba,COMELC,217,2026,0.016
Cuba,COMELC,217,2027,0.016
Cuba,COMELC,217,2028,0.016
Cuba,COMELC,217,2029,0.016
Cuba,COMELC,217,2030,0.016
Cuba,COMELC,217,2031,0.016
Cuba,COMELC,217,2032,0.016
Cuba,COMELC,217,2033,0.016
Cuba,COMELC,217,2034,0.016
Cuba,COMELC,217,2035,0.016
Cuba,COMELC,217,2036,0.016
Cuba,COMELC,217,2037,0.016
Cuba,COMELC,217,2038,0.016
Cuba,COMELC,217,2039,0.016
Cuba,COMELC,217,2040,0.016
Cuba,COMELC,217,2041,0.016
Cuba,COMELC,217,2042,0.016
Cuba,COMELC,217,2043,0.016
Cuba,COMELC,217,2044,0.016
Cuba,COMELC,217,2045,0.016
Cuba,COMELC,217,2046,0.016
Cuba,COMELC,217,2047,0.016
Cuba,COMELC,217,2048,0.016
Cuba,COMELC,217,2049,0.016
Cuba,COMELC,217,2050,0.016
Cuba,COMELC,217,2051,0.016
Cuba,COMELC,217,2052,0.016
Cuba,COMELC,217,2053,0.016
Cuba,COMELC,217,2054,0.016
Cuba,COMELC,217,2055,0.016
Cuba,COMELC,218,2019,0.017
Cuba,COMELC,218,2020,0.017
Cuba,COMELC,218,2021,0.017
Cuba,COMELC,218,2022,0.017
Cuba,COMELC,218,2023,0.017
Cuba,COMELC,218,2024,0.017
Cuba,COMELC,218,2025,0.017
Cuba,COMELC,218,2026,0.017
Cuba,COMELC,218,2027,0.017
Cuba,COMELC,218,2028,0.017
Cuba,COMELC,218,2029,0.017
Cuba,COMELC,218,2030,0.017
Cuba,COMELC,218,2031,0.017
Cuba,COMELC,218,2032,0.017
Cuba,COMELC,218,2033,0.017
Cuba,COMELC,218,2034,0.017
Cuba,COMELC,218,2035,0.017
Cuba,COMELC,218,2036,0.017
Cuba,COMELC,218,2037,0.017
Cuba,COMELC,218,2038,0.017
Cuba,COMELC,218,2039,0.017
Cuba,COMELC,218,2040,0.017
Cuba,COMELC,218,2041,0.017
Cuba,COMELC,218,2042,0.017
Cuba,COMELC,218,2043,0.017
Cuba,COMELC,218,2044,0.017
Cuba,COMELC,218,2045,0.017
Cuba,COMELC,218,2046,0.017
Cuba,COMELC,218,2047,0.017
Cuba,COMELC,218,2048,0.017
Cuba,COMELC,218,2049,0.017
Cuba,COMELC,218,2050,0.017
Cuba,COMELC,218,2051,0.017
Cuba,COMELC,218,2052,0.017
Cuba,COMELC,218,2053,0.017
Cuba,COMELC,218,2054,0.017
Cuba,COMELC,218,2055,0.017
Cuba,COMELC,221,2019,0.016
Cuba,COMELC,221,2020,0.016
Cuba,COMELC,221,2021,0.016
Cuba,COMELC,221,2022,0.016
Cuba,COMELC,221,2023,0.016
Cuba,COMELC,221,2024,0.016
Cuba,COMELC,221,2025,0.016
Cuba,COMELC,221,2026,0.016
Cuba,COMELC,221,2027,0.016
Cuba,COMELC,221,2028,0.016
Cuba,COMELC,221,2029,0.016
Cuba,COMELC,221,2030,0.016
Cuba,COMELC,221,2031,0.016
Cuba,COMELC,221,2032,0.016
Cuba,COMELC,221,2033,0.016
Cuba,COMELC,221,2034,0.016
Cuba,COMELC,221,2035,0.016
Cuba,COMELC,221,2036,0.016
Cuba,COMELC,221,2037,0.016
Cuba,COMELC,221,2038,0.016
Cuba,COMELC,221,2039,0.016
Cuba,COMELC,221,2040,0.016
Cuba,COMELC,221,2041,0.016
Cuba,COMELC,221,2042,0.016
Cuba,COMELC,221,2043,0.016
Cuba,COMELC,221,2044,0.016
Cuba,COMELC,221,2045,0.016
Cuba,COMELC,221,2046,0.016
Cuba,COMELC,221,2047,0.016
Cuba,COMELC,221,2048,0.016
Cuba,COMELC,221,2049,0.016
Cuba,COMELC,221,2050,0.016
Cuba,COMELC,221,2051,0.016
Cuba,COMELC,221,2052,0.016
Cuba,COMELC,221,2053,0.016
Cuba,COMELC,221,2054,0.016
Cuba,COMELC,221,2055,0.016
Cuba,COMELC,222,2019,0.013
Cuba,COMELC,222,2020,0.013
Cuba,COMELC,222,2021,0.013
Cuba,COMELC,222,2022,0.013
Cuba,COMELC,222,2023,0.013
Cuba,COMELC,222,2024,0.013
Cuba,COMELC,222,2025,0.013
Cuba,COMELC,222,2026,0.013
Cuba,COMELC,222,2027,0.013
Cuba,COMELC,222,2028,0.013
Cuba,COMELC,222,2029,0.013
Cuba,COMELC,222,2030,0.013
Cuba,COMELC,222,2031,0.013
Cuba,COMELC,222,2032,0.013
Cuba,COMELC,222,2033,0.013
Cuba,COMELC,222,2034,0.013
Cuba,COMELC,222,2035,0.013
Cuba,COMELC,222,2036,0.013
Cuba,COMELC,222,2037,0.013
Cuba,COMELC,222,2038,0.013
Cuba,COMELC,222,2039,0.013
Cuba,COMELC,222,2040,0.013
Cuba,COMELC,222,2041,0.013
Cuba,COMELC,222,2042,0.013
Cuba,COMELC,222,2043,0.013
Cuba,COMELC,222,2044,0.013
Cuba,COMELC,222,2045,0.013
Cuba,COMELC,222,2046,0.013
Cuba,COMELC,222,2047,0.013
Cuba,COMELC,222,2048,0.013
Cuba,COMELC,222,2049,0.013
Cuba,COMELC,222,2050,0.013
Cuba,COMELC,222,2051,0.013
Cuba,COMELC,222,2052,0.013
Cuba,COMELC,222,2053,0.013
Cuba,COMELC,222,2054,0.013
Cuba,COMELC,222,2055,0.013
Cuba,COMELC,223,2019,0.006
Cuba,COMELC,223,2020,0.006
Cuba,COMELC,223,2021,0.006
Cuba,COMELC,223,2022,0.006
Cuba,COMELC,223,2023,0.006
Cuba,COMELC,223,2024,0.006
Cuba,COMELC,223,2025,0.006
Cuba,COMELC,223,2026,0.006
Cuba,COMELC,223,2027,0.006
Cuba,COMELC,223,2028,0.006
Cuba,COMELC,223,2029,0.006
Cuba,COMELC,223,2030,0.006
Cuba,COMELC,223,2031,0.006
Cuba,COMELC,223,2032,0.006
Cuba,COMELC,223,2033,0.006
Cuba,COMELC,223,2034,0.006
Cuba,COMELC,223,2035,0.006
Cuba,COMELC,223,2036,0.006
Cuba,COMELC,223,2037,0.006
Cuba,COMELC,223,2038,0.006
Cuba,COMELC,223,2039,0.006
Cuba,COMELC,223,2040,0.006
Cuba,COMELC,223,2041,0.006
Cuba,COMELC,223,2042,0.006
Cuba,COMELC,223,2043,0.006
Cuba,COMELC,223,2044,0.006
Cuba,COMELC,223,2045,0.006
Cuba,COMELC,223,2046,0.006
Cuba,COMELC,223,2047,0.006
Cuba,COMELC,223,2048,0.006
Cuba,COMELC,223,2049,0.006
Cuba,COMELC,223,2050,0.006
Cuba,COMELC,223,2051,0.006
Cuba,COMELC,223,2052,0.006
Cuba,COMELC,223,2053,0.006
Cuba,COMELC,223,2054,0.006
Cuba,COMELC,223,2055,0.006
Cuba,COMELC,224,2019,0.009
Cuba,COMELC,224,2020,0.009
Cuba,COMELC,224,2021,0.009
Cuba,COMELC,224,2022,0.009
Cuba,COMELC,224,2023,0.009
Cuba,COMELC,224,2024,0.009
Cuba,COMELC,224,2025,0.009
Cuba,COMELC,224,2026,0.009
Cuba,COMELC,224,2027,0.009
Cuba,COMELC,224,2028,0.009
Cuba,COMELC,224,2029,0.009
Cuba,COMELC,224,2030,0.009
Cuba,COMELC,224,2031,0.009
Cuba,COMELC,224,2032,0.009
Cuba,COMELC,224,2033,0.009
Cuba,COMELC,224,2034,0.009
Cuba,COMELC,224,2035,0.009
Cuba,COMELC,224,2036,0.009
Cuba,COMELC,224,2037,0.009
Cuba,COMELC,224,2038,0.009
Cuba,COMELC,224,2039,0.009
Cuba,COMELC,224,2040,0.009
Cuba,COMELC,224,2041,0.009
Cuba,COMELC,224,2042,0.009
Cuba,COMELC,224,2043,0.009
Cuba,COMELC,224,2044,0.009
Cuba,COMELC,224,2045,0.009
Cuba,COMELC,224,2046,0.009
Cuba,COMELC,224,2047,0.009
Cuba,COMELC,224,2048,0.009
Cuba,COMELC,224,2049,0.009
Cuba,COMELC,224,2050,0.009
Cuba,COMELC,224,2051,0.009
Cuba,COMELC,224,2052,0.009
Cuba,COMELC,224,2053,0.009
Cuba,COMELC,224,2054,0.009
Cuba,COMELC,224,2055,0.009
Cuba,COMELC,225,2019,0.007
Cuba,COMELC,225,2020,0.007
Cuba,COMELC,225,2021,0.007
Cuba,COMELC,225,2022,0.007
Cuba,COMELC,225,2023,0.007
Cuba,COMELC,225,2024,0.007
Cuba,COMELC,225,2025,0.007
Cuba,COMELC,225,2026,0.007
Cuba,COMELC,225,2027,0.007
Cuba,COMELC,225,2028,0.007
Cuba,COMELC,225,2029,0.007
Cuba,COMELC,225,2030,0.007
Cuba,COMELC,225,2031,0.007
Cuba,COMELC,225,2032,0.007
Cuba,COMELC,225,2033,0.007
Cuba,COMELC,225,2034,0.007
Cuba,COMELC,225,2035,0.007
Cuba,COMELC,225,2036,0.007
Cuba,COMELC,225,2037,0.007
Cuba,COMELC,225,2038,0.007
Cuba,COMELC,225,2039,0.007
Cuba,COMELC,225,2040,0.007
Cuba,COMELC,225,2041,0.007
Cuba,COMELC,225,2042,0.007
Cuba,COMELC,225,2043,0.007
Cuba,COMELC,225,2044,0.007
Cuba,COMELC,225,2045,0.007
Cuba,COMELC,225,2046,0.007
Cuba,COMELC,225,2047,0.007
Cuba,COMELC,225,2048,0.007
Cuba,COMELC,225,2049,0.007
Cuba,COMELC,225,2050,0.007
Cuba,COMELC,225,2051,0.007
Cuba,COMELC,225,2052,0.007
Cuba,COMELC,225,2053,0.007
Cuba,COMELC,225,2054,0.007
Cuba,COMELC,225,2055,0.007
Cuba,COMELC,226,2019,0.009
Cuba,COMELC,226,2020,0.009
Cuba,COMELC,226,2021,0.009
Cuba,COMELC,226,2022,0.009
Cuba,COMELC,226,2023,0.009
Cuba,COMELC,226,2024,0.009
Cuba,COMELC,226,2025,0.009
Cuba,COMELC,226,2026,0.009
Cuba,COMELC,226,2027,0.009
Cuba,COMELC,226,2028,0.009
Cuba,COMELC,226,2029,0.009
Cuba,COMELC,226,2030,0.009
Cuba,COMELC,226,2031,0.009
Cuba,COMELC,226,2032,0.009
Cuba,COMELC,226,2033,0.009
Cuba,COMELC,226,2034,0.009
Cuba,COMELC,226,2035,0.009
Cuba,COMELC,226,2036,0.009
Cuba,COMELC,226,2037,0.009
Cuba,COMELC,226,2038,0.009
Cuba,COMELC,226,2039,0.009
Cuba,COMELC,226,2040,0.009
Cuba,COMELC,226,2041,0.009
Cuba,COMELC,226,2042,0.009
Cuba,COMELC,226,2043,0.009
Cuba,COMELC,226,2044,0.009
Cuba,COMELC,226,2045,0.009
Cuba,COMELC,226,2046,0.009
Cuba,COMELC,226,2047,0.009
Cuba,COMELC,226,2048,0.009
Cuba,COMELC,226,2049,0.009
Cuba,COMELC,226,2050,0.009
Cuba,COMELC,226,2051,0.009
Cuba,COMELC,226,2052,0.009
Cuba,COMELC,226,2053,0.009
Cuba,COMELC,226,2054,0.009
Cuba,COMELC,226,2055,0.009
Cuba,COMELC,227,2019,0.006
Cuba,COMELC,227,2020,0.006
Cuba,COMELC,227,2021,0.006
Cuba,COMELC,227,2022,0.006
Cuba,COMELC,227,2023,0.006
Cuba,COMELC,227,2024,0.006
Cuba,COMELC,227,2025,0.006
Cuba,COMELC,227,2026,0.006
Cuba,COMELC,227,2027,0.006
Cuba,COMELC,227,2028,0.006
Cuba,COMELC,227,2029,0.006
Cuba,COMELC,227,2030,0.006
Cuba,COMELC,227,2031,0.006
Cuba,COMELC,227,2032,0.006
Cuba,COMELC,227,2033,0.006
Cuba,COMELC,227,2034,0.006
Cuba,COMELC,227,2035,0.006
Cuba,COMELC,227,2036,0.006
Cuba,COMELC,227,2037,0.006
Cuba,COMELC,227,2038,0.006
Cuba,COMELC,227,2039,0.006
Cuba,COMELC,227,2040,0.006
Cuba,COMELC,227,2041,0.006
Cuba,COMELC,227,2042,0.006
Cuba,COMELC,227,2043,0.006
Cuba,COMELC,227,2044,0.006
Cuba,COMELC,227,2045,0.006
Cuba,COMELC,227,2046,0.006
Cuba,COMELC,227,2047,0.006
Cuba,COMELC,227,2048,0.006
Cuba,COMELC,227,2049,0.006
Cuba,COMELC,227,2050,0.006
Cuba,COMELC,227,2051,0.006
Cuba,COMELC,227,2052,0.006
Cuba,COMELC,227,2053,0.006
Cuba,COMELC,227,2054,0.006
Cuba,COMELC,227,2055,0.006
Cuba,COMELC,228,2019,0.007
Cuba,COMELC,228,2020,0.007
Cuba,COMELC,228,2021,0.007
Cuba,COMELC,228,2022,0.007
Cuba,COMELC,228,2023,0.007
Cuba,COMELC,228,2024,0.007
Cuba,COMELC,228,2025,0.007
Cuba,COMELC,228,2026,0.007
Cuba,COMELC,228,2027,0.007
Cuba,COMELC,228,2028,0.007
Cuba,COMELC,228,2029,0.007
Cuba,COMELC,228,2030,0.007
Cuba,COMELC,228,2031,0.007
Cuba,COMELC,228,2032,0.007
Cuba,COMELC,228,2033,0.007
Cuba,COMELC,228,2034,0.007
Cuba,COMELC,228,2035,0.007
Cuba,COMELC,228,2036,0.007
Cuba,COMELC,228,2037,0.007
Cuba,COMELC,228,2038,0.007
Cuba,COMELC,228,2039,0.007
Cuba,COMELC,228,2040,0.007
Cuba,COMELC,228,2041,0.007
Cuba,COMELC,228,2042,0.007
Cuba,COMELC,228,2043,0.007
Cuba,COMELC,228,2044,0.007
Cuba,COMELC,228,2045,0.007
Cuba,COMELC,228,2046,0.007
Cuba,COMELC,228,2047,0.007
Cuba,COMELC,228,2048,0.007
Cuba,COMELC,228,2049,0.007
Cuba,COMELC,228,2050,0.007
Cuba,COMELC,228,2051,0.007
Cuba,COMELC,228,2052,0.007
Cuba,COMELC,228,2053,0.007
Cuba,COMELC,228,2054,0.007
Cuba,COMELC,228,2055,0.007
Cuba,COMELC,311,2019,0.043
Cuba,COMELC,311,2020,0.043
Cuba,COMELC,311,2021,0.043
Cuba,COMELC,311,2022,0.043
Cuba,COMELC,311,2023,0.043
Cuba,COMELC,311,2024,0.043
Cuba,COMELC,311,2025,0.043
Cuba,COMELC,311,2026,0.043
Cuba,COMELC,311,2027,0.043
Cuba,COMELC,311,2028,0.043
Cuba,COMELC,311,2029,0.043
Cuba,COMELC,311,2030,0.043
Cuba,COMELC,311,2031,0.043
Cuba,COMELC,311,2032,0.043
Cuba,COMELC,311,2033,0.043
Cuba,COMELC,311,2034,0.043
Cuba,COMELC,311,2035,0.043
Cuba,COMELC,311,2036,0.043
Cuba,COMELC,311,2037,0.043
Cuba,COMELC,311,2038,0.043
Cuba,COMELC,311,2039,0.043
Cuba,COMELC,311,2040,0.043
Cuba,COMELC,311,2041,0.043
Cuba,COMELC,311,2042,0.043
Cuba,COMELC,311,2043,0.043
Cuba,COMELC,311,2044,0.043
Cuba,COMELC,311,2045,0.043
Cuba,COMELC,311,2046,0.043
Cuba,COMELC,311,2047,0.043
Cuba,COMELC,311,2048,0.043
Cuba,COMELC,311,2049,0.043
Cuba,COMELC,311,2050,0.043
Cuba,COMELC,311,2051,0.043
Cuba,COMELC,311,2052,0.043
Cuba,COMELC,311,2053,0.043
Cuba,COMELC,311,2054,0.043
Cuba,COMELC,311,2055,0.043
Cuba,COMELC,312,2019,0.037
Cuba,COMELC,312,2020,0.037
Cuba,COMELC,312,2021,0.037
Cuba,COMELC,312,2022,0.037
Cuba,COMELC,312,2023,0.037
Cuba,COMELC,312,2024,0.037
Cuba,COMELC,312,2025,0.037
Cuba,COMELC,312,2026,0.037
Cuba,COMELC,312,2027,0.037
Cuba,COMELC,312,2028,0.037
Cuba,COMELC,312,2029,0.037
Cuba,COMELC,312,2030,0.037
Cuba,COMELC,312,2031,0.037
Cuba,COMELC,312,2032,0.037
Cuba,COMELC,312,2033,0.037
Cuba,COMELC,312,2034,0.037
Cuba,COMELC,312,2035,0.037
Cuba,COMELC,312,2036,0.037
Cuba,COMELC,312,2037,0.037
Cuba,COMELC,312,2038,0.037
Cuba,COMELC,312,2039,0.037
Cuba,COMELC,312,2040,0.037
Cuba,COMELC,312,2041,0.037
Cuba,COMELC,312,2042,0.037
Cuba,COMELC,312,2043,0.037
Cuba,COMELC,312,2044,0.037
Cuba,COMELC,312,2045,0.037
Cuba,COMELC,312,2046,0.037
Cuba,COMELC,312,2047,0.037
Cuba,COMELC,312,2048,0.037
Cuba,COMELC,312,2049,0.037
Cuba,COMELC,312,2050,0.037
Cuba,COMELC,312,2051,0.037
Cuba,COMELC,312,2052,0.037
Cuba,COMELC,312,2053,0.037
Cuba,COMELC,312,2054,0.037
Cuba,COMELC,312,2055,0.037
Cuba,COMELC,313,2019,0.015
Cuba,COMELC,313,2020,0.015
Cuba,COMELC,313,2021,0.015
Cuba,COMELC,313,2022,0.015
Cuba,COMELC,313,2023,0.015
Cuba,COMELC,313,2024,0.015
Cuba,COMELC,313,2025,0.015
Cuba,COMELC,313,2026,0.015
Cuba,COMELC,313,2027,0.015
Cuba,COMELC,313,2028,0.015
Cuba,COMELC,313,2029,0.015
Cuba,COMELC,313,2030,0.015
Cuba,COMELC,313,2031,0.015
Cuba,COMELC,313,2032,0.015
Cuba,COMELC,313,2033,0.015
Cuba,COMELC,313,2034,0.015
Cuba,COMELC,313,2035,0.015
Cuba,COMELC,313,2036,0.015
Cuba,COMELC,313,2037,0.015
Cuba,COMELC,313,2038,0.015
Cuba,COMELC,313,2039,0.015
Cuba,COMELC,313,2040,0.015
Cuba,COMELC,313,2041,0.015
Cuba,COMELC,313,2042,0.015
Cuba,COMELC,313,2043,0.015
Cuba,COMELC,313,2044,0.015
Cuba,COMELC,313,2045,0.015
Cuba,COMELC,313,2046,0.015
Cuba,COMELC,313,2047,0.015
Cuba,COMELC,313,2048,0.015
Cuba,COMELC,313,2049,0.015
Cuba,COMELC,313,2050,0.015
Cuba,COMELC,313,2051,0.015
Cuba,COMELC,313,2052,0.015
Cuba,COMELC,313,2053,0.015
Cuba,COMELC,313,2054,0.015
Cuba,COMELC,313,2055,0.015
Cuba,COMELC,314,2019,0.024
Cuba,COMELC,314,2020,0.024
Cuba,COMELC,314,2021,0.024
Cuba,COMELC,314,2022,0.024
Cuba,COMELC,314,2023,0.024
Cuba,COMELC,314,2024,0.024
Cuba,COMELC,314,2025,0.024
Cuba,COMELC,314,2026,0.024
Cuba,COMELC,314,2027,0.024
Cuba,COMELC,314,2028,0.024
Cuba,COMELC,314,2029,0.024
Cuba,COMELC,314,2030,0.024
Cuba,COMELC,314,2031,0.024
Cuba,COMELC,314,2032,0.024
Cuba,COMELC,314,2033,0.024
Cuba,COMELC,314,2034,0.024
Cuba,COMELC,314,2035,0.024
Cuba,COMELC,314,2036,0.024
Cuba,COMELC,314,2037,0.024
Cuba,COMELC,314,2038,0.024
Cuba,COMELC,314,2039,0.024
Cuba,COMELC,314,2040,0.024
Cuba,COMELC,314,2041,0.024
Cuba,COMELC,314,2042,0.024
Cuba,COMELC,314,2043,0.024
Cuba,COMELC,314,2044,0.024
Cuba,COMELC,314,2045,0.024
Cuba,COMELC,314,2046,0.024
Cuba,COMELC,314,2047,0.024
Cuba,COMELC,314,2048,0.024
Cuba,COMELC,314,2049,0.024
Cuba,COMELC,314,2050,0.024
Cuba,COMELC,314,2051,0.024
Cuba,COMELC,314,2052,0.024
Cuba,COMELC,314,2053,0.024
Cuba,COMELC,314,2054,0.024
Cuba,COMELC,314,2055,0.024
Cuba,COMELC,315,2019,0.018
Cuba,COMELC,315,2020,0.018
Cuba,COMELC,315,2021,0.018
Cuba,COMELC,315,2022,0.018
Cuba,COMELC,315,2023,0.018
Cuba,COMELC,315,2024,0.018
Cuba,COMELC,315,2025,0.018
Cuba,COMELC,315,2026,0.018
Cuba,COMELC,315,2027,0.018
Cuba,COMELC,315,2028,0.018
Cuba,COMELC,315,2029,0.018
Cuba,COMELC,315,2030,0.018
Cuba,COMELC,315,2031,0.018
Cuba,COMELC,315,2032,0.018
Cuba,COMELC,315,2033,0.018
Cuba,COMELC,315,2034,0.018
Cuba,COMELC,315,2035,0.018
Cuba,COMELC,315,2036,0.018
Cuba,COMELC,315,2037,0.018
Cuba,COMELC,315,2038,0.018
Cuba,COMELC,315,2039,0.018
Cuba,COMELC,315,2040,0.018
Cuba,COMELC,315,2041,0.018
Cuba,COMELC,315,2042,0.018
Cuba,COMELC,315,2043,0.018
Cuba,COMELC,315,2044,0.018
Cuba,COMELC,315,2045,0.018
Cuba,COMELC,315,2046,0.018
Cuba,COMELC,315,2047,0.018
Cuba,COMELC,315,2048,0.018
Cuba,COMELC,315,2049,0.018
Cuba,COMELC,315,2050,0.018
Cuba,COMELC,315,2051,0.018
Cuba,COMELC,315,2052,0.018
Cuba,COMELC,315,2053,0.018
Cuba,COMELC,315,2054,0.018
Cuba,COMELC,315,2055,0.018
Cuba,COMELC,316,2019,0.025
Cuba,COMELC,316,2020,0.025
Cuba,COMELC,316,2021,0.025
Cuba,COMELC,316,2022,0.025
Cuba,COMELC,316,2023,0.025
Cuba,COMELC,316,2024,0.025
Cuba,COMELC,316,2025,0.025
Cuba,COMELC,316,2026,0.025
Cuba,COMELC,316,2027,0.025
Cuba,COMELC,316,2028,0.025
Cuba,COMELC,316,2029,0.025
Cuba,COMELC,316,2030,0.025
Cuba,COMELC,316,2031,0.025
Cuba,COMELC,316,2032,0.025
Cuba,COMELC,316,2033,0.025
Cuba,COMELC,316,2034,0.025
Cuba,COMELC,316,2035,0.025
Cuba,COMELC,316,2036,0.025
Cuba,COMELC,316,2037,0.025
Cuba,COMELC,316,2038,0.025
Cuba,COMELC,316,2039,0.025
Cuba,COMELC,316,2040,0.025
Cuba,COMELC,316,2041,0.025
Cuba,COMELC,316,2042,0.025
Cuba,COMELC,316,2043,0.025
Cuba,COMELC,316,2044,0.025
Cuba,COMELC,316,2045,0.025
Cuba,COMELC,316,2046,0.025
Cuba,COMELC,316,2047,0.025
Cuba,COMELC,316,2048,0.025
Cuba,COMELC,316,2049,0.025
Cuba,COMELC,316,2050,0.025
Cuba,COMELC,316,2051,0.025
Cuba,COMELC,316,2052,0.025
Cuba,COMELC,316,2053,0.025
Cuba,COMELC,316,2054,0.025
Cuba,COMELC,316,2055,0.025
Cuba,COMELC,317,2019,0.016
Cuba,COMELC,317,2020,0.016
Cuba,COMELC,317,2021,0.016
Cuba,COMELC,317,2022,0.016
Cuba,COMELC,317,2023,0.016
Cuba,COMELC,317,2024,0.016
Cuba,COMELC,317,2025,0.016
Cuba,COMELC,317,2026,0.016
Cuba,COMELC,317,2027,0.016
Cuba,COMELC,317,2028,0.016
Cuba,COMELC,317,2029,0.016
Cuba,COMELC,317,2030,0.016
Cuba,COMELC,317,2031,0.016
Cuba,COMELC,317,2032,0.016
Cuba,COMELC,317,2033,0.016
Cuba,COMELC,317,2034,0.016
Cuba,COMELC,317,2035,0.016
Cuba,COMELC,317,2036,0.016
Cuba,COMELC,317,2037,0.016
Cuba,COMELC,317,2038,0.016
Cuba,COMELC,317,2039,0.016
Cuba,COMELC,317,2040,0.016
Cuba,COMELC,317,2041,0.016
Cuba,COMELC,317,2042,0.016
Cuba,COMELC,317,2043,0.016
Cuba,COMELC,317,2044,0.016
Cuba,COMELC,317,2045,0.016
Cuba,COMELC,317,2046,0.016
Cuba,COMELC,317,2047,0.016
Cuba,COMELC,317,2048,0.016
Cuba,COMELC,317,2049,0.016
Cuba,COMELC,317,2050,0.016
Cuba,COMELC,317,2051,0.016
Cuba,COMELC,317,2052,0.016
Cuba,COMELC,317,2053,0.016
Cuba,COMELC,317,2054,0.016
Cuba,COMELC,317,2055,0.016
Cuba,COMELC,318,2019,0.017
Cuba,COMELC,318,2020,0.017
Cuba,COMELC,318,2021,0.017
Cuba,COMELC,318,2022,0.017
Cuba,COMELC,318,2023,0.017
Cuba,COMELC,318,2024,0.017
Cuba,COMELC,318,2025,0.017
Cuba,COMELC,318,2026,0.017
Cuba,COMELC,318,2027,0.017
Cuba,COMELC,318,2028,0.017
Cuba,COMELC,318,2029,0.017
Cuba,COMELC,318,2030,0.017
Cuba,COMELC,318,2031,0.017
Cuba,COMELC,318,2032,0.017
Cuba,COMELC,318,2033,0.017
Cuba,COMELC,318,2034,0.017
Cuba,COMELC,318,2035,0.017
Cuba,COMELC,318,2036,0.017
Cuba,COMELC,318,2037,0.017
Cuba,COMELC,318,2038,0.017
Cuba,COMELC,318,2039,0.017
Cuba,COMELC,318,2040,0.017
Cuba,COMELC,318,2041,0.017
Cuba,COMELC,318,2042,0.017
Cuba,COMELC,318,2043,0.017
Cuba,COMELC,318,2044,0.017
Cuba,COMELC,318,2045,0.017
Cuba,COMELC,318,2046,0.017
Cuba,COMELC,318,2047,0.017
Cuba,COMELC,318,2048,0.017
Cuba,COMELC,318,2049,0.017
Cuba,COMELC,318,2050,0.017
Cuba,COMELC,318,2051,0.017
Cuba,COMELC,318,2052,0.017
Cuba,COMELC,318,2053,0.017
Cuba,COMELC,318,2054,0.017
Cuba,COMELC,318,2055,0.017
Cuba,COMELC,321,2019,0.017
Cuba,COMELC,321,2020,0.017
Cuba,COMELC,321,2021,0.017
Cuba,COMELC,321,2022,0.017
Cuba,COMELC,321,2023,0.017
Cuba,COMELC,321,2024,0.017
Cuba,COMELC,321,2025,0.017
Cuba,COMELC,321,2026,0.017
Cuba,COMELC,321,2027,0.017
Cuba,COMELC,321,2028,0.017
Cuba,COMELC,321,2029,0.017
Cuba,COMELC,321,2030,0.017
Cuba,COMELC,321,2031,0.017
Cuba,COMELC,321,2032,0.017
Cuba,COMELC,321,2033,0.017
Cuba,COMELC,321,2034,0.017
Cuba,COMELC,321,2035,0.017
Cuba,COMELC,321,2036,0.017
Cuba,COMELC,321,2037,0.017
Cuba,COMELC,321,2038,0.017
Cuba,COMELC,321,2039,0.017
Cuba,COMELC,321,2040,0.017
Cuba,COMELC,321,2041,0.017
Cuba,COMELC,321,2042,0.017
Cuba,COMELC,321,2043,0.017
Cuba,COMELC,321,2044,0.017
Cuba,COMELC,321,2045,0.017
Cuba,COMELC,321,2046,0.017
Cuba,COMELC,321,2047,0.017
Cuba,COMELC,321,2048,0.017
Cuba,COMELC,321,2049,0.017
Cuba,COMELC,321,2050,0.017
Cuba,COMELC,321,2051,0.017
Cuba,COMELC,321,2052,0.017
Cuba,COMELC,321,2053,0.017
Cuba,COMELC,321,2054,0.017
Cuba,COMELC,321,2055,0.017
Cuba,COMELC,322,2019,0.015
Cuba,COMELC,322,2020,0.015
Cuba,COMELC,322,2021,0.015
Cuba,COMELC,322,2022,0.015
Cuba,COMELC,322,2023,0.015
Cuba,COMELC,322,2024,0.015
Cuba,COMELC,322,2025,0.015
Cuba,COMELC,322,2026,0.015
Cuba,COMELC,322,2027,0.015
Cuba,COMELC,322,2028,0.015
Cuba,COMELC,322,2029,0.015
Cuba,COMELC,322,2030,0.015
Cuba,COMELC,322,2031,0.015
Cuba,COMELC,322,2032,0.015
Cuba,COMELC,322,2033,0.015
Cuba,COMELC,322,2034,0.015
Cuba,COMELC,322,2035,0.015
Cuba,COMELC,322,2036,0.015
Cuba,COMELC,322,2037,0.015
Cuba,COMELC,322,2038,0.015
Cuba,COMELC,322,2039,0.015
Cuba,COMELC,322,2040,0.015
Cuba,COMELC,322,2041,0.015
Cuba,COMELC,322,2042,0.015
Cuba,COMELC,322,2043,0.015
Cuba,COMELC,322,2044,0.015
Cuba,COMELC,322,2045,0.015
Cuba,COMELC,322,2046,0.015
Cuba,COMELC,322,2047,0.015
Cuba,COMELC,322,2048,0.015
Cuba,COMELC,322,2049,0.015
Cuba,COMELC,322,2050,0.015
Cuba,COMELC,322,2051,0.015
Cuba,COMELC,322,2052,0.015
Cuba,COMELC,322,2053,0.015
Cuba,COMELC,322,2054,0.015
Cuba,COMELC,322,2055,0.015
Cuba,COMELC,323,2019,0.006
Cuba,COMELC,323,2020,0.006
Cuba,COMELC,323,2021,0.006
Cuba,COMELC,323,2022,0.006
Cuba,COMELC,323,2023,0.006
Cuba,COMELC,323,2024,0.006
Cuba,COMELC,323,2025,0.006
Cuba,COMELC,323,2026,0.006
Cuba,COMELC,323,2027,0.006
Cuba,COMELC,323,2028,0.006
Cuba,COMELC,323,2029,0.006
Cuba,COMELC,323,2030,0.006
Cuba,COMELC,323,2031,0.006
Cuba,COMELC,323,2032,0.006
Cuba,COMELC,323,2033,0.006
Cuba,COMELC,323,2034,0.006
Cuba,COMELC,323,2035,0.006
Cuba,COMELC,323,2036,0.006
Cuba,COMELC,323,2037,0.006
Cuba,COMELC,323,2038,0.006
Cuba,COMELC,323,2039,0.006
Cuba,COMELC,323,2040,0.006
Cuba,COMELC,323,2041,0.006
Cuba,COMELC,323,2042,0.006
Cuba,COMELC,323,2043,0.006
Cuba,COMELC,323,2044,0.006
Cuba,COMELC,323,2045,0.006
Cuba,COMELC,323,2046,0.006
Cuba,COMELC,323,2047,0.006
Cuba,COMELC,323,2048,0.006
Cuba,COMELC,323,2049,0.006
Cuba,COMELC,323,2050,0.006
Cuba,COMELC,323,2051,0.006
Cuba,COMELC,323,2052,0.006
Cuba,COMELC,323,2053,0.006
Cuba,COMELC,323,2054,0.006
Cuba,COMELC,323,2055,0.006
Cuba,COMELC,324,2019,0.009
Cuba,COMELC,324,2020,0.009
Cuba,COMELC,324,2021,0.009
Cuba,COMELC,324,2022,0.009
Cuba,COMELC,324,2023,0.009
Cuba,COMELC,324,2024,0.009
Cuba,COMELC,324,2025,0.009
Cuba,COMELC,324,2026,0.009
Cuba,COMELC,324,2027,0.009
Cuba,COMELC,324,2028,0.009
Cuba,COMELC,324,2029,0.009
Cuba,COMELC,324,2030,0.009
Cuba,COMELC,324,2031,0.009
Cuba,COMELC,324,2032,0.009
Cuba,COMELC,324,2033,0.009
Cuba,COMELC,324,2034,0.009
Cuba,COMELC,324,2035,0.009
Cuba,COMELC,324,2036,0.009
Cuba,COMELC,324,2037,0.009
Cuba,COMELC,324,2038,0.009
Cuba,COMELC,324,2039,0.009
Cuba,COMELC,324,2040,0.009
Cuba,COMELC,324,2041,0.009
Cuba,COMELC,324,2042,0.009
Cuba,COMELC,324,2043,0.009
Cuba,COMELC,324,2044,0.009
Cuba,COMELC,324,2045,0.009
Cuba,COMELC,324,2046,0.009
Cuba,COMELC,324,2047,0.009
Cuba,COMELC,324,2048,0.009
Cuba,COMELC,324,2049,0.009
Cuba,COMELC,324,2050,0.009
Cuba,COMELC,324,2051,0.009
Cuba,COMELC,324,2052,0.009
Cuba,COMELC,324,2053,0.009
Cuba,COMELC,324,2054,0.009
Cuba,COMELC,324,2055,0.009
Cuba,COMELC,325,2019,0.007
Cuba,COMELC,325,2020,0.007
Cuba,COMELC,325,2021,0.007
Cuba,COMELC,325,2022,0.007
Cuba,COMELC,325,2023,0.007
Cuba,COMELC,325,2024,0.007
Cuba,COMELC,325,2025,0.007
Cuba,COMELC,325,2026,0.007
Cuba,COMELC,325,2027,0.007
Cuba,COMELC,325,2028,0.007
Cuba,COMELC,325,2029,0.007
Cuba,COMELC,325,2030,0.007
Cuba,COMELC,325,2031,0.007
Cuba,COMELC,325,2032,0.007
Cuba,COMELC,325,2033,0.007
Cuba,COMELC,325,2034,0.007
Cuba,COMELC,325,2035,0.007
Cuba,COMELC,325,2036,0.007
Cuba,COMELC,325,2037,0.007
Cuba,COMELC,325,2038,0.007
Cuba,COMELC,325,2039,0.007
Cuba,COMELC,325,2040,0.007
Cuba,COMELC,325,2041,0.007
Cuba,COMELC,325,2042,0.007
Cuba,COMELC,325,2043,0.007
Cuba,COMELC,325,2044,0.007
Cuba,COMELC,325,2045,0.007
Cuba,COMELC,325,2046,0.007
Cuba,COMELC,325,2047,0.007
Cuba,COMELC,325,2048,0.007
Cuba,COMELC,325,2049,0.007
Cuba,COMELC,325,2050,0.007
Cuba,COMELC,325,2051,0.007
Cuba,COMELC,325,2052,0.007
Cuba,COMELC,325,2053,0.007
Cuba,COMELC,325,2054,0.007
Cuba,COMELC,325,2055,0.007
Cuba,COMELC,326,2019,0.01
Cuba,COMELC,326,2020,0.01
Cuba,COMELC,326,2021,0.01
Cuba,COMELC,326,2022,0.01
Cuba,COMELC,326,2023,0.01
Cuba,COMELC,326,2024,0.01
Cuba,COMELC,326,2025,0.01
Cuba,COMELC,326,2026,0.01
Cuba,COMELC,326,2027,0.01
Cuba,COMELC,326,2028,0.01
Cuba,COMELC,326,2029,0.01
Cuba,COMELC,326,2030,0.01
Cuba,COMELC,326,2031,0.01
Cuba,COMELC,326,2032,0.01
Cuba,COMELC,326,2033,0.01
Cuba,COMELC,326,2034,0.01
Cuba,COMELC,326,2035,0.01
Cuba,COMELC,326,2036,0.01
Cuba,COMELC,326,2037,0.01
Cuba,COMELC,326,2038,0.01
Cuba,COMELC,326,2039,0.01
Cuba,COMELC,326,2040,0.01
Cuba,COMELC,326,2041,0.01
Cuba,COMELC,326,2042,0.01
Cuba,COMELC,326,2043,0.01
Cuba,COMELC,326,2044,0.01
Cuba,COMELC,326,2045,0.01
Cuba,COMELC,326,2046,0.01
Cuba,COMELC,326,2047,0.01
Cuba,COMELC,326,2048,0.01
Cuba,COMELC,326,2049,0.01
Cuba,COMELC,326,2050,0.01
Cuba,COMELC,326,2051,0.01
Cuba,COMELC,326,2052,0.01
Cuba,COMELC,326,2053,0.01
Cuba,COMELC,326,2054,0.01
Cuba,COMELC,326,2055,0.01
Cuba,COMELC,327,2019,0.006
Cuba,COMELC,327,2020,0.006
Cuba,COMELC,327,2021,0.006
Cuba,COMELC,327,2022,0.006
Cuba,COMELC,327,2023,0.006
Cuba,COMELC,327,2024,0.006
Cuba,COMELC,327,2025,0.006
Cuba,COMELC,327,2026,0.006
Cuba,COMELC,327,2027,0.006
Cuba,COMELC,327,2028,0.006
Cuba,COMELC,327,2029,0.006
Cuba,COMELC,327,2030,0.006
Cuba,COMELC,327,2031,0.006
Cuba,COMELC,327,2032,0.006
Cuba,COMELC,327,2033,0.006
Cuba,COMELC,327,2034,0.006
Cuba,COMELC,327,2035,0.006
Cuba,COMELC,327,2036,0.006
Cuba,COMELC,327,2037,0.006
Cuba,COMELC,327,2038,0.006
Cuba,COMELC,327,2039,0.006
Cuba,COMELC,327,2040,0.006
Cuba,COMELC,327,2041,0.006
Cuba,COMELC,327,2042,0.006
Cuba,COMELC,327,2043,0.006
Cuba,COMELC,327,2044,0.006
Cuba,COMELC,327,2045,0.006
Cuba,COMELC,327,2046,0.006
Cuba,COMELC,327,2047,0.006
Cuba,COMELC,327,2048,0.006
Cuba,COMELC,327,2049,0.006
Cuba,COMELC,327,2050,0.006
Cuba,COMELC,327,2051,0.006
Cuba,COMELC,327,2052,0.006
Cuba,COMELC,327,2053,0.006
Cuba,COMELC,327,2054,0.006
Cuba,COMELC,327,2055,0.006
Cuba,COMELC,328,2019,0.007
Cuba,COMELC,328,2020,0.007
Cuba,COMELC,328,2021,0.007
Cuba,COMELC,328,2022,0.007
Cuba,COMELC,328,2023,0.007
Cuba,COMELC,328,2024,0.007
Cuba,COMELC,328,2025,0.007
Cuba,COMELC,328,2026,0.007
Cuba,COMELC,328,2027,0.007
Cuba,COMELC,328,2028,0.007
Cuba,COMELC,328,2029,0.007
Cuba,COMELC,328,2030,0.007
Cuba,COMELC,328,2031,0.007
Cuba,COMELC,328,2032,0.007
Cuba,COMELC,328,2033,0.007
Cuba,COMELC,328,2034,0.007
Cuba,COMELC,328,2035,0.007
Cuba,COMELC,328,2036,0.007
Cuba,COMELC,328,2037,0.007
Cuba,COMELC,328,2038,0.007
Cuba,COMELC,328,2039,0.007
Cuba,COMELC,328,2040,0.007
Cuba,COMELC,328,2041,0.007
Cuba,COMELC,328,2042,0.007
Cuba,COMELC,328,2043,0.007
Cuba,COMELC,328,2044,0.007
Cuba,COMELC,328,2045,0.007
Cuba,COMELC,328,2046,0.007
Cuba,COMELC,328,2047,0.007
Cuba,COMELC,328,2048,0.007
Cuba,COMELC,328,2049,0.007
Cuba,COMELC,328,2050,0.007
Cuba,COMELC,328,2051,0.007
Cuba,COMELC,328,2052,0.007
Cuba,COMELC,328,2053,0.007
Cuba,COMELC,328,2054,0.007
Cuba,COMELC,328,2055,0.007
Cuba,COMELC,411,2019,0.038
Cuba,COMELC,411,2020,0.038
Cuba,COMELC,411,2021,0.038
Cuba,COMELC,411,2022,0.038
Cuba,COMELC,411,2023,0.038
Cuba,COMELC,411,2024,0.038
Cuba,COMELC,411,2025,0.038
Cuba,COMELC,411,2026,0.038
Cuba,COMELC,411,2027,0.038
Cuba,COMELC,411,2028,0.038
Cuba,COMELC,411,2029,0.038
Cuba,COMELC,411,2030,0.038
Cuba,COMELC,411,2031,0.038
Cuba,COMELC,411,2032,0.038
Cuba,COMELC,411,2033,0.038
Cuba,COMELC,411,2034,0.038
Cuba,COMELC,411,2035,0.038
Cuba,COMELC,411,2036,0.038
Cuba,COMELC,411,2037,0.038
Cuba,COMELC,411,2038,0.038
Cuba,COMELC,411,2039,0.038
Cuba,COMELC,411,2040,0.038
Cuba,COMELC,411,2041,0.038
Cuba,COMELC,411,2042,0.038
Cuba,COMELC,411,2043,0.038
Cuba,COMELC,411,2044,0.038
Cuba,COMELC,411,2045,0.038
Cuba,COMELC,411,2046,0.038
Cuba,COMELC,411,2047,0.038
Cuba,COMELC,411,2048,0.038
Cuba,COMELC,411,2049,0.038
Cuba,COMELC,411,2050,0.038
Cuba,COMELC,411,2051,0.038
Cuba,COMELC,411,2052,0.038
Cuba,COMELC,411,2053,0.038
Cuba,COMELC,411,2054,0.038
Cuba,COMELC,411,2055,0.038
Cuba,COMELC,412,2019,0.033
Cuba,COMELC,412,2020,0.033
Cuba,COMELC,412,2021,0.033
Cuba,COMELC,412,2022,0.033
Cuba,COMELC,412,2023,0.033
Cuba,COMELC,412,2024,0.033
Cuba,COMELC,412,2025,0.033
Cuba,COMELC,412,2026,0.033
Cuba,COMELC,412,2027,0.033
Cuba,COMELC,412,2028,0.033
Cuba,COMELC,412,2029,0.033
Cuba,COMELC,412,2030,0.033
Cuba,COMELC,412,2031,0.033
Cuba,COMELC,412,2032,0.033
Cuba,COMELC,412,2033,0.033
Cuba,COMELC,412,2034,0.033
Cuba,COMELC,412,2035,0.033
Cuba,COMELC,412,2036,0.033
Cuba,COMELC,412,2037,0.033
Cuba,COMELC,412,2038,0.033
Cuba,COMELC,412,2039,0.033
Cuba,COMELC,412,2040,0.033
Cuba,COMELC,412,2041,0.033
Cuba,COMELC,412,2042,0.033
Cuba,COMELC,412,2043,0.033
Cuba,COMELC,412,2044,0.033
Cuba,COMELC,412,2045,0.033
Cuba,COMELC,412,2046,0.033
Cuba,COMELC,412,2047,0.033
Cuba,COMELC,412,2048,0.033
Cuba,COMELC,412,2049,0.033
Cuba,COMELC,412,2050,0.033
Cuba,COMELC,412,2051,0.033
Cuba,COMELC,412,2052,0.033
Cuba,COMELC,412,2053,0.033
Cuba,COMELC,412,2054,0.033
Cuba,COMELC,412,2055,0.033
Cuba,COMELC,413,2019,0.014
Cuba,COMELC,413,2020,0.014
Cuba,COMELC,413,2021,0.014
Cuba,COMELC,413,2022,0.014
Cuba,COMELC,413,2023,0.014
Cuba,COMELC,413,2024,0.014
Cuba,COMELC,413,2025,0.014
Cuba,COMELC,413,2026,0.014
Cuba,COMELC,413,2027,0.014
Cuba,COMELC,413,2028,0.014
Cuba,COMELC,413,2029,0.014
Cuba,COMELC,413,2030,0.014
Cuba,COMELC,413,2031,0.014
Cuba,COMELC,413,2032,0.014
Cuba,COMELC,413,2033,0.014
Cuba,COMELC,413,2034,0.014
Cuba,COMELC,413,2035,0.014
Cuba,COMELC,413,2036,0.014
Cuba,COMELC,413,2037,0.014
Cuba,COMELC,413,2038,0.014
Cuba,COMELC,413,2039,0.014
Cuba,COMELC,413,2040,0.014
Cuba,COMELC,413,2041,0.014
Cuba,COMELC,413,2042,0.014
Cuba,COMELC,413,2043,0.014
Cuba,COMELC,413,2044,0.014
Cuba,COMELC,413,2045,0.014
Cuba,COMELC,413,2046,0.014
Cuba,COMELC,413,2047,0.014
Cuba,COMELC,413,2048,0.014
Cuba,COMELC,413,2049,0.014
Cuba,COMELC,413,2050,0.014
Cuba,COMELC,413,2051,0.014
Cuba,COMELC,413,2052,0.014
Cuba,COMELC,413,2053,0.014
Cuba,COMELC,413,2054,0.014
Cuba,COMELC,413,2055,0.014
Cuba,COMELC,414,2019,0.022
Cuba,COMELC,414,2020,0.022
Cuba,COMELC,414,2021,0.022
Cuba,COMELC,414,2022,0.022
Cuba,COMELC,414,2023,0.022
Cuba,COMELC,414,2024,0.022
Cuba,COMELC,414,2025,0.022
Cuba,COMELC,414,2026,0.022
Cuba,COMELC,414,2027,0.022
Cuba,COMELC,414,2028,0.022
Cuba,COMELC,414,2029,0.022
Cuba,COMELC,414,2030,0.022
Cuba,COMELC,414,2031,0.022
Cuba,COMELC,414,2032,0.022
Cuba,COMELC,414,2033,0.022
Cuba,COMELC,414,2034,0.022
Cuba,COMELC,414,2035,0.022
Cuba,COMELC,414,2036,0.022
Cuba,COMELC,414,2037,0.022
Cuba,COMELC,414,2038,0.022
Cuba,COMELC,414,2039,0.022
Cuba,COMELC,414,2040,0.022
Cuba,COMELC,414,2041,0.022
Cuba,COMELC,414,2042,0.022
Cuba,COMELC,414,2043,0.022
Cuba,COMELC,414,2044,0.022
Cuba,COMELC,414,2045,0.022
Cuba,COMELC,414,2046,0.022
Cuba,COMELC,414,2047,0.022
Cuba,COMELC,414,2048,0.022
Cuba,COMELC,414,2049,0.022
Cuba,COMELC,414,2050,0.022
Cuba,COMELC,414,2051,0.022
Cuba,COMELC,414,2052,0.022
Cuba,COMELC,414,2053,0.022
Cuba,COMELC,414,2054,0.022
Cuba,COMELC,414,2055,0.022
Cuba,COMELC,415,2019,0.016
Cuba,COMELC,415,2020,0.016
Cuba,COMELC,415,2021,0.016
Cuba,COMELC,415,2022,0.016
Cuba,COMELC,415,2023,0.016
Cuba,COMELC,415,2024,0.016
Cuba,COMELC,415,2025,0.016
Cuba,COMELC,415,2026,0.016
Cuba,COMELC,415,2027,0.016
Cuba,COMELC,415,2028,0.016
Cuba,COMELC,415,2029,0.016
Cuba,COMELC,415,2030,0.016
Cuba,COMELC,415,2031,0.016
Cuba,COMELC,415,2032,0.016
Cuba,COMELC,415,2033,0.016
Cuba,COMELC,415,2034,0.016
Cuba,COMELC,415,2035,0.016
Cuba,COMELC,415,2036,0.016
Cuba,COMELC,415,2037,0.016
Cuba,COMELC,415,2038,0.016
Cuba,COMELC,415,2039,0.016
Cuba,COMELC,415,2040,0.016
Cuba,COMELC,415,2041,0.016
Cuba,COMELC,415,2042,0.016
Cuba,COMELC,415,2043,0.016
Cuba,COMELC,415,2044,0.016
Cuba,COMELC,415,2045,0.016
Cuba,COMELC,415,2046,0.016
Cuba,COMELC,415,2047,0.016
Cuba,COMELC,415,2048,0.016
Cuba,COMELC,415,2049,0.016
Cuba,COMELC,415,2050,0.016
Cuba,COMELC,415,2051,0.016
Cuba,COMELC,415,2052,0.016
Cuba,COMELC,415,2053,0.016
Cuba,COMELC,415,2054,0.016
Cuba,COMELC,415,2055,0.016
Cuba,COMELC,416,2019,0.022
Cuba,COMELC,416,2020,0.022
Cuba,COMELC,416,2021,0.022
Cuba,COMELC,416,2022,0.022
Cuba,COMELC,416,2023,0.022
Cuba,COMELC,416,2024,0.022
Cuba,COMELC,416,2025,0.022
Cuba,COMELC,416,2026,0.022
Cuba,COMELC,416,2027,0.022
Cuba,COMELC,416,2028,0.022
Cuba,COMELC,416,2029,0.022
Cuba,COMELC,416,2030,0.022
Cuba,COMELC,416,2031,0.022
Cuba,COMELC,416,2032,0.022
Cuba,COMELC,416,2033,0.022
Cuba,COMELC,416,2034,0.022
Cuba,COMELC,416,2035,0.022
Cuba,COMELC,416,2036,0.022
Cuba,COMELC,416,2037,0.022
Cuba,COMELC,416,2038,0.022
Cuba,COMELC,416,2039,0.022
Cuba,COMELC,416,2040,0.022
Cuba,COMELC,416,2041,0.022
Cuba,COMELC,416,2042,0.022
Cuba,COMELC,416,2043,0.022
Cuba,COMELC,416,2044,0.022
Cuba,COMELC,416,2045,0.022
Cuba,COMELC,416,2046,0.022
Cuba,COMELC,416,2047,0.022
Cuba,COMELC,416,2048,0.022
Cuba,COMELC,416,2049,0.022
Cuba,COMELC,416,2050,0.022
Cuba,COMELC,416,2051,0.022
Cuba,COMELC,416,2052,0.022
Cuba,COMELC,416,2053,0.022
Cuba,COMELC,416,2054,0.022
Cuba,COMELC,416,2055,0.022
Cuba,COMELC,417,2019,0.015
Cuba,COMELC,417,2020,0.015
Cuba,COMELC,417,2021,0.015
Cuba,COMELC,417,2022,0.015
Cuba,COMELC,417,2023,0.015
Cuba,COMELC,417,2024,0.015
Cuba,COMELC,417,2025,0.015
Cuba,COMELC,417,2026,0.015
Cuba,COMELC,417,2027,0.015
Cuba,COMELC,417,2028,0.015
Cuba,COMELC,417,2029,0.015
Cuba,COMELC,417,2030,0.015
Cuba,COMELC,417,2031,0.015
Cuba,COMELC,417,2032,0.015
Cuba,COMELC,417,2033,0.015
Cuba,COMELC,417,2034,0.015
Cuba,COMELC,417,2035,0.015
Cuba,COMELC,417,2036,0.015
Cuba,COMELC,417,2037,0.015
Cuba,COMELC,417,2038,0.015
Cuba,COMELC,417,2039,0.015
Cuba,COMELC,417,2040,0.015
Cuba,COMELC,417,2041,0.015
Cuba,COMELC,417,2042,0.015
Cuba,COMELC,417,2043,0.015
Cuba,COMELC,417,2044,0.015
Cuba,COMELC,417,2045,0.015
Cuba,COMELC,417,2046,0.015
Cuba,COMELC,417,2047,0.015
Cuba,COMELC,417,2048,0.015
Cuba,COMELC,417,2049,0.015
Cuba,COMELC,417,2050,0.015
Cuba,COMELC,417,2051,0.015
Cuba,COMELC,417,2052,0.015
Cuba,COMELC,417,2053,0.015
Cuba,COMELC,417,2054,0.015
Cuba,COMELC,417,2055,0.015
Cuba,COMELC,418,2019,0.017
Cuba,COMELC,418,2020,0.017
Cuba,COMELC,418,2021,0.017
Cuba,COMELC,418,2022,0.017
Cuba,COMELC,418,2023,0.017
Cuba,COMELC,418,2024,0.017
Cuba,COMELC,418,2025,0.017
Cuba,COMELC,418,2026,0.017
Cuba,COMELC,418,2027,0.017
Cuba,COMELC,418,2028,0.017
Cuba,COMELC,418,2029,0.017
Cuba,COMELC,418,2030,0.017
Cuba,COMELC,418,2031,0.017
Cuba,COMELC,418,2032,0.017
Cuba,COMELC,418,2033,0.017
Cuba,COMELC,418,2034,0.017
Cuba,COMELC,418,2035,0.017
Cuba,COMELC,418,2036,0.017
Cuba,COMELC,418,2037,0.017
Cuba,COMELC,418,2038,0.017
Cuba,COMELC,418,2039,0.017
Cuba,COMELC,418,2040,0.017
Cuba,COMELC,418,2041,0.017
Cuba,COMELC,418,2042,0.017
Cuba,COMELC,418,2043,0.017
Cuba,COMELC,418,2044,0.017
Cuba,COMELC,418,2045,0.017
Cuba,COMELC,418,2046,0.017
Cuba,COMELC,418,2047,0.017
Cuba,COMELC,418,2048,0.017
Cuba,COMELC,418,2049,0.017
Cuba,COMELC,418,2050,0.017
Cuba,COMELC,418,2051,0.017
Cuba,COMELC,418,2052,0.017
Cuba,COMELC,418,2053,0.017
Cuba,COMELC,418,2054,0.017
Cuba,COMELC,418,2055,0.017
Cuba,COMELC,421,2019,0.015
Cuba,COMELC,421,2020,0.015
Cuba,COMELC,421,2021,0.015
Cuba,COMELC,421,2022,0.015
Cuba,COMELC,421,2023,0.015
Cuba,COMELC,421,2024,0.015
Cuba,COMELC,421,2025,0.015
Cuba,COMELC,421,2026,0.015
Cuba,COMELC,421,2027,0.015
Cuba,COMELC,421,2028,0.015
Cuba,COMELC,421,2029,0.015
Cuba,COMELC,421,2030,0.015
Cuba,COMELC,421,2031,0.015
Cuba,COMELC,421,2032,0.015
Cuba,COMELC,421,2033,0.015
Cuba,COMELC,421,2034,0.015
Cuba,COMELC,421,2035,0.015
Cuba,COMELC,421,2036,0.015
Cuba,COMELC,421,2037,0.015
Cuba,COMELC,421,2038,0.015
Cuba,COMELC,421,2039,0.015
Cuba,COMELC,421,2040,0.015
Cuba,COMELC,421,2041,0.015
Cuba,COMELC,421,2042,0.015
Cuba,COMELC,421,2043,0.015
Cuba,COMELC,421,2044,0.015
Cuba,COMELC,421,2045,0.015
Cuba,COMELC,421,2046,0.015
Cuba,COMELC,421,2047,0.015
Cuba,COMELC,421,2048,0.015
Cuba,COMELC,421,2049,0.015
Cuba,COMELC,421,2050,0.015
Cuba,COMELC,421,2051,0.015
Cuba,COMELC,421,2052,0.015
Cuba,COMELC,421,2053,0.015
Cuba,COMELC,421,2054,0.015
Cuba,COMELC,421,2055,0.015
Cuba,COMELC,422,2019,0.013
Cuba,COMELC,422,2020,0.013
Cuba,COMELC,422,2021,0.013
Cuba,COMELC,422,2022,0.013
Cuba,COMELC,422,2023,0.013
Cuba,COMELC,422,2024,0.013
Cuba,COMELC,422,2025,0.013
Cuba,COMELC,422,2026,0.013
Cuba,COMELC,422,2027,0.013
Cuba,COMELC,422,2028,0.013
Cuba,COMELC,422,2029,0.013
Cuba,COMELC,422,2030,0.013
Cuba,COMELC,422,2031,0.013
Cuba,COMELC,422,2032,0.013
Cuba,COMELC,422,2033,0.013
Cuba,COMELC,422,2034,0.013
Cuba,COMELC,422,2035,0.013
Cuba,COMELC,422,2036,0.013
Cuba,COMELC,422,2037,0.013
Cuba,COMELC,422,2038,0.013
Cuba,COMELC,422,2039,0.013
Cuba,COMELC,422,2040,0.013
Cuba,COMELC,422,2041,0.013
Cuba,COMELC,422,2042,0.013
Cuba,COMELC,422,2043,0.013
Cuba,COMELC,422,2044,0.013
Cuba,COMELC,422,2045,0.013
Cuba,COMELC,422,2046,0.013
Cuba,COMELC,422,2047,0.013
Cuba,COMELC,422,2048,0.013
Cuba,COMELC,422,2049,0.013
Cuba,COMELC,422,2050,0.013
Cuba,COMELC,422,2051,0.013
Cuba,COMELC,422,2052,0.013
Cuba,COMELC,422,2053,0.013
Cuba,COMELC,422,2054,0.013
Cuba,COMELC,422,2055,0.013
Cuba,COMELC,423,2019,0.006
Cuba,COMELC,423,2020,0.006
Cuba,COMELC,423,2021,0.006
Cuba,COMELC,423,2022,0.006
Cuba,COMELC,423,2023,0.006
Cuba,COMELC,423,2024,0.006
Cuba,COMELC,423,2025,0.006
Cuba,COMELC,423,2026,0.006
Cuba,COMELC,423,2027,0.006
Cuba,COMELC,423,2028,0.006
Cuba,COMELC,423,2029,0.006
Cuba,COMELC,423,2030,0.006
Cuba,COMELC,423,2031,0.006
Cuba,COMELC,423,2032,0.006
Cuba,COMELC,423,2033,0.006
Cuba,COMELC,423,2034,0.006
Cuba,COMELC,423,2035,0.006
Cuba,COMELC,423,2036,0.006
Cuba,COMELC,423,2037,0.006
Cuba,COMELC,423,2038,0.006
Cuba,COMELC,423,2039,0.006
Cuba,COMELC,423,2040,0.006
Cuba,COMELC,423,2041,0.006
Cuba,COMELC,423,2042,0.006
Cuba,COMELC,423,2043,0.006
Cuba,COMELC,423,2044,0.006
Cuba,COMELC,423,2045,0.006
Cuba,COMELC,423,2046,0.006
Cuba,COMELC,423,2047,0.006
Cuba,COMELC,423,2048,0.006
Cuba,COMELC,423,2049,0.006
Cuba,COMELC,423,2050,0.006
Cuba,COMELC,423,2051,0.006
Cuba,COMELC,423,2052,0.006
Cuba,COMELC,423,2053,0.006
Cuba,COMELC,423,2054,0.006
Cuba,COMELC,423,2055,0.006
Cuba,COMELC,424,2019,0.008
Cuba,COMELC,424,2020,0.008
Cuba,COMELC,424,2021,0.008
Cuba,COMELC,424,2022,0.008
Cuba,COMELC,424,2023,0.008
Cuba,COMELC,424,2024,0.008
Cuba,COMELC,424,2025,0.008
Cuba,COMELC,424,2026,0.008
Cuba,COMELC,424,2027,0.008
Cuba,COMELC,424,2028,0.008
Cuba,COMELC,424,2029,0.008
Cuba,COMELC,424,2030,0.008
Cuba,COMELC,424,2031,0.008
Cuba,COMELC,424,2032,0.008
Cuba,COMELC,424,2033,0.008
Cuba,COMELC,424,2034,0.008
Cuba,COMELC,424,2035,0.008
Cuba,COMELC,424,2036,0.008
Cuba,COMELC,424,2037,0.008
Cuba,COMELC,424,2038,0.008
Cuba,COMELC,424,2039,0.008
Cuba,COMELC,424,2040,0.008
Cuba,COMELC,424,2041,0.008
Cuba,COMELC,424,2042,0.008
Cuba,COMELC,424,2043,0.008
Cuba,COMELC,424,2044,0.008
Cuba,COMELC,424,2045,0.008
Cuba,COMELC,424,2046,0.008
Cuba,COMELC,424,2047,0.008
Cuba,COMELC,424,2048,0.008
Cuba,COMELC,424,2049,0.008
Cuba,COMELC,424,2050,0.008
Cuba,COMELC,424,2051,0.008
Cuba,COMELC,424,2052,0.008
Cuba,COMELC,424,2053,0.008
Cuba,COMELC,424,2054,0.008
Cuba,COMELC,424,2055,0.008
Cuba,COMELC,425,2019,0.006
Cuba,COMELC,425,2020,0.006
Cuba,COMELC,425,2021,0.006
Cuba,COMELC,425,2022,0.006
Cuba,COMELC,425,2023,0.006
Cuba,COMELC,425,2024,0.006
Cuba,COMELC,425,2025,0.006
Cuba,COMELC,425,2026,0.006
Cuba,COMELC,425,2027,0.006
Cuba,COMELC,425,2028,0.006
Cuba,COMELC,425,2029,0.006
Cuba,COMELC,425,2030,0.006
Cuba,COMELC,425,2031,0.006
Cuba,COMELC,425,2032,0.006
Cuba,COMELC,425,2033,0.006
Cuba,COMELC,425,2034,0.006
Cuba,COMELC,425,2035,0.006
Cuba,COMELC,425,2036,0.006
Cuba,COMELC,425,2037,0.006
Cuba,COMELC,425,2038,0.006
Cuba,COMELC,425,2039,0.006
Cuba,COMELC,425,2040,0.006
Cuba,COMELC,425,2041,0.006
Cuba,COMELC,425,2042,0.006
Cuba,COMELC,425,2043,0.006
Cuba,COMELC,425,2044,0.006
Cuba,COMELC,425,2045,0.006
Cuba,COMELC,425,2046,0.006
Cuba,COMELC,425,2047,0.006
Cuba,COMELC,425,2048,0.006
Cuba,COMELC,425,2049,0.006
Cuba,COMELC,425,2050,0.006
Cuba,COMELC,425,2051,0.006
Cuba,COMELC,425,2052,0.006
Cuba,COMELC,425,2053,0.006
Cuba,COMELC,425,2054,0.006
Cuba,COMELC,425,2055,0.006
Cuba,COMELC,426,2019,0.009
Cuba,COMELC,426,2020,0.009
Cuba,COMELC,426,2021,0.009
Cuba,COMELC,426,2022,0.009
Cuba,COMELC,426,2023,0.009
Cuba,COMELC,426,2024,0.009
Cuba,COMELC,426,2025,0.009
Cuba,COMELC,426,2026,0.009
Cuba,COMELC,426,2027,0.009
Cuba,COMELC,426,2028,0.009
Cuba,COMELC,426,2029,0.009
Cuba,COMELC,426,2030,0.009
Cuba,COMELC,426,2031,0.009
Cuba,COMELC,426,2032,0.009
Cuba,COMELC,426,2033,0.009
Cuba,COMELC,426,2034,0.009
Cuba,COMELC,426,2035,0.009
Cuba,COMELC,426,2036,0.009
Cuba,COMELC,426,2037,0.009
Cuba,COMELC,426,2038,0.009
Cuba,COMELC,426,2039,0.009
Cuba,COMELC,426,2040,0.009
Cuba,COMELC,426,2041,0.009
Cuba,COMELC,426,2042,0.009
Cuba,COMELC,426,2043,0.009
Cuba,COMELC,426,2044,0.009
Cuba,COMELC,426,2045,0.009
Cuba,COMELC,426,2046,0.009
Cuba,COMELC,426,2047,0.009
Cuba,COMELC,426,2048,0.009
Cuba,COMELC,426,2049,0.009
Cuba,COMELC,426,2050,0.009
Cuba,COMELC,426,2051,0.009
Cuba,COMELC,426,2052,0.009
Cuba,COMELC,426,2053,0.009
Cuba,COMELC,426,2054,0.009
Cuba,COMELC,426,2055,0.009
Cuba,COMELC,427,2019,0.006
Cuba,COMELC,427,2020,0.006
Cuba,COMELC,427,2021,0.006
Cuba,COMELC,427,2022,0.006
Cuba,COMELC,427,2023,0.006
Cuba,COMELC,427,2024,0.006
Cuba,COMELC,427,2025,0.006
Cuba,COMELC,427,2026,0.006
Cuba,COMELC,427,2027,0.006
Cuba,COMELC,427,2028,0.006
Cuba,COMELC,427,2029,0.006
Cuba,COMELC,427,2030,0.006
Cuba,COMELC,427,2031,0.006
Cuba,COMELC,427,2032,0.006
Cuba,COMELC,427,2033,0.006
Cuba,COMELC,427,2034,0.006
Cuba,COMELC,427,2035,0.006
Cuba,COMELC,427,2036,0.006
Cuba,COMELC,427,2037,0.006
Cuba,COMELC,427,2038,0.006
Cuba,COMELC,427,2039,0.006
Cuba,COMELC,427,2040,0.006
Cuba,COMELC,427,2041,0.006
Cuba,COMELC,427,2042,0.006
Cuba,COMELC,427,2043,0.006
Cuba,COMELC,427,2044,0.006
Cuba,COMELC,427,2045,0.006
Cuba,COMELC,427,2046,0.006
Cuba,COMELC,427,2047,0.006
Cuba,COMELC,427,2048,0.006
Cuba,COMELC,427,2049,0.006
Cuba,COMELC,427,2050,0.006
Cuba,COMELC,427,2051,0.006
Cuba,COMELC,427,2052,0.006
Cuba,COMELC,427,2053,0.006
Cuba,COMELC,427,2054,0.006
Cuba,COMELC,427,2055,0.006
Cuba,COMELC,428,2019,0.007
Cuba,COMELC,428,2020,0.007
Cuba,COMELC,428,2021,0.007
Cuba,COMELC,428,2022,0.007
Cuba,COMELC,428,2023,0.007
Cuba,COMELC,428,2024,0.007
Cuba,COMELC,428,2025,0.007
Cuba,COMELC,428,2026,0.007
Cuba,COMELC,428,2027,0.007
Cuba,COMELC,428,2028,0.007
Cuba,COMELC,428,2029,0.007
Cuba,COMELC,428,2030,0.007
Cuba,COMELC,428,2031,0.007
Cuba,COMELC,428,2032,0.007
Cuba,COMELC,428,2033,0.007
Cuba,COMELC,428,2034,0.007
Cuba,COMELC,428,2035,0.007
Cuba,COMELC,428,2036,0.007
Cuba,COMELC,428,2037,0.007
Cuba,COMELC,428,2038,0.007
Cuba,COMELC,428,2039,0.007
Cuba,COMELC,428,2040,0.007
Cuba,COMELC,428,2041,0.007
Cuba,COMELC,428,2042,0.007
Cuba,COMELC,428,2043,0.007
Cuba,COMELC,428,2044,0.007
Cuba,COMELC,428,2045,0.007
Cuba,COMELC,428,2046,0.007
Cuba,COMELC,428,2047,0.007
Cuba,COMELC,428,2048,0.007
Cuba,COMELC,428,2049,0.007
Cuba,COMELC,428,2050,0.007
Cuba,COMELC,428,2051,0.007
Cuba,COMELC,428,2052,0.007
Cuba,COMELC,428,2053,0.007
Cuba,COMELC,428,2054,0.007
Cuba,COMELC,428,2055,0.007
Cuba,PRIVATEELC,111,2019,0.032
Cuba,PRIVATEELC,111,2020,0.032
Cuba,PRIVATEELC,111,2021,0.032
Cuba,PRIVATEELC,111,2022,0.032
Cuba,PRIVATEELC,111,2023,0.032
Cuba,PRIVATEELC,111,2024,0.032
Cuba,PRIVATEELC,111,2025,0.032
Cuba,PRIVATEELC,111,2026,0.032
Cuba,PRIVATEELC,111,2027,0.032
Cuba,PRIVATEELC,111,2028,0.032
Cuba,PRIVATEELC,111,2029,0.032
Cuba,PRIVATEELC,111,2030,0.032
Cuba,PRIVATEELC,111,2031,0.032
Cuba,PRIVATEELC,111,2032,0.032
Cuba,PRIVATEELC,111,2033,0.032
Cuba,PRIVATEELC,111,2034,0.032
Cuba,PRIVATEELC,111,2035,0.032
Cuba,PRIVATEELC,111,2036,0.032
Cuba,PRIVATEELC,111,2037,0.032
Cuba,PRIVATEELC,111,2038,0.032
Cuba,PRIVATEELC,111,2039,0.032
Cuba,PRIVATEELC,111,2040,0.032
Cuba,PRIVATEELC,111,2041,0.032
Cuba,PRIVATEELC,111,2042,0.032
Cuba,PRIVATEELC,111,2043,0.032
Cuba,PRIVATEELC,111,2044,0.032
Cuba,PRIVATEELC,111,2045,0.032
Cuba,PRIVATEELC,111,2046,0.032
Cuba,PRIVATEELC,111,2047,0.032
Cuba,PRIVATEELC,111,2048,0.032
Cuba,PRIVATEELC,111,2049,0.032
Cuba,PRIVATEELC,111,2050,0.032
Cuba,PRIVATEELC,111,2051,0.032
Cuba,PRIVATEELC,111,2052,0.032
Cuba,PRIVATEELC,111,2053,0.032
Cuba,PRIVATEELC,111,2054,0.032
Cuba,PRIVATEELC,111,2055,0.032
Cuba,PRIVATEELC,112,2019,0.025
Cuba,PRIVATEELC,112,2020,0.025
Cuba,PRIVATEELC,112,2021,0.025
Cuba,PRIVATEELC,112,2022,0.025
Cuba,PRIVATEELC,112,2023,0.025
Cuba,PRIVATEELC,112,2024,0.025
Cuba,PRIVATEELC,112,2025,0.025
Cuba,PRIVATEELC,112,2026,0.025
Cuba,PRIVATEELC,112,2027,0.025
Cuba,PRIVATEELC,112,2028,0.025
Cuba,PRIVATEELC,112,2029,0.025
Cuba,PRIVATEELC,112,2030,0.025
Cuba,PRIVATEELC,112,2031,0.025
Cuba,PRIVATEELC,112,2032,0.025
Cuba,PRIVATEELC,112,2033,0.025
Cuba,PRIVATEELC,112,2034,0.025
Cuba,PRIVATEELC,112,2035,0.025
Cuba,PRIVATEELC,112,2036,0.025
Cuba,PRIVATEELC,112,2037,0.025
Cuba,PRIVATEELC,112,2038,0.025
Cuba,PRIVATEELC,112,2039,0.025
Cuba,PRIVATEELC,112,2040,0.025
Cuba,PRIVATEELC,112,2041,0.025
Cuba,PRIVATEELC,112,2042,0.025
Cuba,PRIVATEELC,112,2043,0.025
Cuba,PRIVATEELC,112,2044,0.025
Cuba,PRIVATEELC,112,2045,0.025
Cuba,PRIVATEELC,112,2046,0.025
Cuba,PRIVATEELC,112,2047,0.025
Cuba,PRIVATEELC,112,2048,0.025
Cuba,PRIVATEELC,112,2049,0.025
Cuba,PRIVATEELC,112,2050,0.025
Cuba,PRIVATEELC,112,2051,0.025
Cuba,PRIVATEELC,112,2052,0.025
Cuba,PRIVATEELC,112,2053,0.025
Cuba,PRIVATEELC,112,2054,0.025
Cuba,PRIVATEELC,112,2055,0.025
Cuba,PRIVATEELC,113,2019,0.012
Cuba,PRIVATEELC,113,2020,0.012
Cuba,PRIVATEELC,113,2021,0.012
Cuba,PRIVATEELC,113,2022,0.012
Cuba,PRIVATEELC,113,2023,0.012
Cuba,PRIVATEELC,113,2024,0.012
Cuba,PRIVATEELC,113,2025,0.012
Cuba,PRIVATEELC,113,2026,0.012
Cuba,PRIVATEELC,113,2027,0.012
Cuba,PRIVATEELC,113,2028,0.012
Cuba,PRIVATEELC,113,2029,0.012
Cuba,PRIVATEELC,113,2030,0.012
Cuba,PRIVATEELC,113,2031,0.012
Cuba,PRIVATEELC,113,2032,0.012
Cuba,PRIVATEELC,113,2033,0.012
Cuba,PRIVATEELC,113,2034,0.012
Cuba,PRIVATEELC,113,2035,0.012
Cuba,PRIVATEELC,113,2036,0.012
Cuba,PRIVATEELC,113,2037,0.012
Cuba,PRIVATEELC,113,2038,0.012
Cuba,PRIVATEELC,113,2039,0.012
Cuba,PRIVATEELC,113,2040,0.012
Cuba,PRIVATEELC,113,2041,0.012
Cuba,PRIVATEELC,113,2042,0.012
Cuba,PRIVATEELC,113,2043,0.012
Cuba,PRIVATEELC,113,2044,0.012
Cuba,PRIVATEELC,113,2045,0.012
Cuba,PRIVATEELC,113,2046,0.012
Cuba,PRIVATEELC,113,2047,0.012
Cuba,PRIVATEELC,113,2048,0.012
Cuba,PRIVATEELC,113,2049,0.012
Cuba,PRIVATEELC,113,2050,0.012
Cuba,PRIVATEELC,113,2051,0.012
Cuba,PRIVATEELC,113,2052,0.012
Cuba,PRIVATEELC,113,2053,0.012
Cuba,PRIVATEELC,113,2054,0.012
Cuba,PRIVATEELC,113,2055,0.012
Cuba,PRIVATEELC,114,2019,0.02
Cuba,PRIVATEELC,114,2020,0.02
Cuba,PRIVATEELC,114,2021,0.02
Cuba,PRIVATEELC,114,2022,0.02
Cuba,PRIVATEELC,114,2023,0.02
Cuba,PRIVATEELC,114,2024,0.02
Cuba,PRIVATEELC,114,2025,0.02
Cuba,PRIVATEELC,114,2026,0.02
Cuba,PRIVATEELC,114,2027,0.02
Cuba,PRIVATEELC,114,2028,0.02
Cuba,PRIVATEELC,114,2029,0.02
Cuba,PRIVATEELC,114,2030,0.02
Cuba,PRIVATEELC,114,2031,0.02
Cuba,PRIVATEELC,114,2032,0.02
Cuba,PRIVATEELC,114,2033,0.02
Cuba,PRIVATEELC,114,2034,0.02
Cuba,PRIVATEELC,114,2035,0.02
Cuba,PRIVATEELC,114,2036,0.02
Cuba,PRIVATEELC,114,2037,0.02
Cuba,PRIVATEELC,114,2038,0.02
Cuba,PRIVATEELC,114,2039,0.02
Cuba,PRIVATEELC,114,2040,0.02
Cuba,PRIVATEELC,114,2041,0.02
Cuba,PRIVATEELC,114,2042,0.02
Cuba,PRIVATEELC,114,2043,0.02
Cuba,PRIVATEELC,114,2044,0.02
Cuba,PRIVATEELC,114,2045,0.02
Cuba,PRIVATEELC,114,2046,0.02
Cuba,PRIVATEELC,114,2047,0.02
Cuba,PRIVATEELC,114,2048,0.02
Cuba,PRIVATEELC,114,2049,0.02
Cuba,PRIVATEELC,114,2050,0.02
Cuba,PRIVATEELC,114,2051,0.02
Cuba,PRIVATEELC,114,2052,0.02
Cuba,PRIVATEELC,114,2053,0.02
Cuba,PRIVATEELC,114,2054,0.02
Cuba,PRIVATEELC,114,2055,0.02
Cuba,PRIVATEELC,115,2019,0.016
Cuba,PRIVATEELC,115,2020,0.016
Cuba,PRIVATEELC,115,2021,0.016
Cuba,PRIVATEELC,115,2022,0.016
Cuba,PRIVATEELC,115,2023,0.016
Cuba,PRIVATEELC,115,2024,0.016
Cuba,PRIVATEELC,115,2025,0.016
Cuba,PRIVATEELC,115,2026,0.016
Cuba,PRIVATEELC,115,2027,0.016
Cuba,PRIVATEELC,115,2028,0.016
Cuba,PRIVATEELC,115,2029,0.016
Cuba,PRIVATEELC,115,2030,0.016
Cuba,PRIVATEELC,115,2031,0.016
Cuba,PRIVATEELC,115,2032,0.016
Cuba,PRIVATEELC,115,2033,0.016
Cuba,PRIVATEELC,115,2034,0.016
Cuba,PRIVATEELC,115,2035,0.016
Cuba,PRIVATEELC,115,2036,0.016
Cuba,PRIVATEELC,115,2037,0.016
Cuba,PRIVATEELC,115,2038,0.016
Cuba,PRIVATEELC,115,2039,0.016
Cuba,PRIVATEELC,115,2040,0.016
Cuba,PRIVATEELC,115,2041,0.016
Cuba,PRIVATEELC,115,2042,0.016
Cuba,PRIVATEELC,115,2043,0.016
Cuba,PRIVATEELC,115,2044,0.016
Cuba,PRIVATEELC,115,2045,0.016
Cuba,PRIVATEELC,115,2046,0.016
Cuba,PRIVATEELC,115,2047,0.016
Cuba,PRIVATEELC,115,2048,0.016
Cuba,PRIVATEELC,115,2049,0.016
Cuba,PRIVATEELC,115,2050,0.016
Cuba,PRIVATEELC,115,2051,0.016
Cuba,PRIVATEELC,115,2052,0.016
Cuba,PRIVATEELC,115,2053,0.016
Cuba,PRIVATEELC,115,2054,0.016
Cuba,PRIVATEELC,115,2055,0.016
Cuba,PRIVATEELC,116,2019,0.021
Cuba,PRIVATEELC,116,2020,0.021
Cuba,PRIVATEELC,116,2021,0.021
Cuba,PRIVATEELC,116,2022,0.021
Cuba,PRIVATEELC,116,2023,0.021
Cuba,PRIVATEELC,116,2024,0.021
Cuba,PRIVATEELC,116,2025,0.021
Cuba,PRIVATEELC,116,2026,0.021
Cuba,PRIVATEELC,116,2027,0.021
Cuba,PRIVATEELC,116,2028,0.021
Cuba,PRIVATEELC,116,2029,0.021
Cuba,PRIVATEELC,116,2030,0.021
Cuba,PRIVATEELC,116,2031,0.021
Cuba,PRIVATEELC,116,2032,0.021
Cuba,PRIVATEELC,116,2033,0.021
Cuba,PRIVATEELC,116,2034,0.021
Cuba,PRIVATEELC,116,2035,0.021
Cuba,PRIVATEELC,116,2036,0.021
Cuba,PRIVATEELC,116,2037,0.021
Cuba,PRIVATEELC,116,2038,0.021
Cuba,PRIVATEELC,116,2039,0.021
Cuba,PRIVATEELC,116,2040,0.021
Cuba,PRIVATEELC,116,2041,0.021
Cuba,PRIVATEELC,116,2042,0.021
Cuba,PRIVATEELC,116,2043,0.021
Cuba,PRIVATEELC,116,2044,0.021
Cuba,PRIVATEELC,116,2045,0.021
Cuba,PRIVATEELC,116,2046,0.021
Cuba,PRIVATEELC,116,2047,0.021
Cuba,PRIVATEELC,116,2048,0.021
Cuba,PRIVATEELC,116,2049,0.021
Cuba,PRIVATEELC,116,2050,0.021
Cuba,PRIVATEELC,116,2051,0.021
Cuba,PRIVATEELC,116,2052,0.021
Cuba,PRIVATEELC,116,2053,0.021
Cuba,PRIVATEELC,116,2054,0.021
Cuba,PRIVATEELC,116,2055,0.021
Cuba,PRIVATEELC,117,2019,0.015
Cuba,PRIVATEELC,117,2020,0.015
Cuba,PRIVATEELC,117,2021,0.015
Cuba,PRIVATEELC,117,2022,0.015
Cuba,PRIVATEELC,117,2023,0.015
Cuba,PRIVATEELC,117,2024,0.015
Cuba,PRIVATEELC,117,2025,0.015
Cuba,PRIVATEELC,117,2026,0.015
Cuba,PRIVATEELC,117,2027,0.015
Cuba,PRIVATEELC,117,2028,0.015
Cuba,PRIVATEELC,117,2029,0.015
Cuba,PRIVATEELC,117,2030,0.015
Cuba,PRIVATEELC,117,2031,0.015
Cuba,PRIVATEELC,117,2032,0.015
Cuba,PRIVATEELC,117,2033,0.015
Cuba,PRIVATEELC,117,2034,0.015
Cuba,PRIVATEELC,117,2035,0.015
Cuba,PRIVATEELC,117,2036,0.015
Cuba,PRIVATEELC,117,2037,0.015
Cuba,PRIVATEELC,117,2038,0.015
Cuba,PRIVATEELC,117,2039,0.015
Cuba,PRIVATEELC,117,2040,0.015
Cuba,PRIVATEELC,117,2041,0.015
Cuba,PRIVATEELC,117,2042,0.015
Cuba,PRIVATEELC,117,2043,0.015
Cuba,PRIVATEELC,117,2044,0.015
Cuba,PRIVATEELC,117,2045,0.015
Cuba,PRIVATEELC,117,2046,0.015
Cuba,PRIVATEELC,117,2047,0.015
Cuba,PRIVATEELC,117,2048,0.015
Cuba,PRIVATEELC,117,2049,0.015
Cuba,PRIVATEELC,117,2050,0.015
Cuba,PRIVATEELC,117,2051,0.015
Cuba,PRIVATEELC,117,2052,0.015
Cuba,PRIVATEELC,117,2053,0.015
Cuba,PRIVATEELC,117,2054,0.015
Cuba,PRIVATEELC,117,2055,0.015
Cuba,PRIVATEELC,118,2019,0.017
Cuba,PRIVATEELC,118,2020,0.017
Cuba,PRIVATEELC,118,2021,0.017
Cuba,PRIVATEELC,118,2022,0.017
Cuba,PRIVATEELC,118,2023,0.017
Cuba,PRIVATEELC,118,2024,0.017
Cuba,PRIVATEELC,118,2025,0.017
Cuba,PRIVATEELC,118,2026,0.017
Cuba,PRIVATEELC,118,2027,0.017
Cuba,PRIVATEELC,118,2028,0.017
Cuba,PRIVATEELC,118,2029,0.017
Cuba,PRIVATEELC,118,2030,0.017
Cuba,PRIVATEELC,118,2031,0.017
Cuba,PRIVATEELC,118,2032,0.017
Cuba,PRIVATEELC,118,2033,0.017
Cuba,PRIVATEELC,118,2034,0.017
Cuba,PRIVATEELC,118,2035,0.017
Cuba,PRIVATEELC,118,2036,0.017
Cuba,PRIVATEELC,118,2037,0.017
Cuba,PRIVATEELC,118,2038,0.017
Cuba,PRIVATEELC,118,2039,0.017
Cuba,PRIVATEELC,118,2040,0.017
Cuba,PRIVATEELC,118,2041,0.017
Cuba,PRIVATEELC,118,2042,0.017
Cuba,PRIVATEELC,118,2043,0.017
Cuba,PRIVATEELC,118,2044,0.017
Cuba,PRIVATEELC,118,2045,0.017
Cuba,PRIVATEELC,118,2046,0.017
Cuba,PRIVATEELC,118,2047,0.017
Cuba,PRIVATEELC,118,2048,0.017
Cuba,PRIVATEELC,118,2049,0.017
Cuba,PRIVATEELC,118,2050,0.017
Cuba,PRIVATEELC,118,2051,0.017
Cuba,PRIVATEELC,118,2052,0.017
Cuba,PRIVATEELC,118,2053,0.017
Cuba,PRIVATEELC,118,2054,0.017
Cuba,PRIVATEELC,118,2055,0.017
Cuba,PRIVATEELC,121,2019,0.014
Cuba,PRIVATEELC,121,2020,0.014
Cuba,PRIVATEELC,121,2021,0.014
Cuba,PRIVATEELC,121,2022,0.014
Cuba,PRIVATEELC,121,2023,0.014
Cuba,PRIVATEELC,121,2024,0.014
Cuba,PRIVATEELC,121,2025,0.014
Cuba,PRIVATEELC,121,2026,0.014
Cuba,PRIVATEELC,121,2027,0.014
Cuba,PRIVATEELC,121,2028,0.014
Cuba,PRIVATEELC,121,2029,0.014
Cuba,PRIVATEELC,121,2030,0.014
Cuba,PRIVATEELC,121,2031,0.014
Cuba,PRIVATEELC,121,2032,0.014
Cuba,PRIVATEELC,121,2033,0.014
Cuba,PRIVATEELC,121,2034,0.014
Cuba,PRIVATEELC,121,2035,0.014
Cuba,PRIVATEELC,121,2036,0.014
Cuba,PRIVATEELC,121,2037,0.014
Cuba,PRIVATEELC,121,2038,0.014
Cuba,PRIVATEELC,121,2039,0.014
Cuba,PRIVATEELC,121,2040,0.014
Cuba,PRIVATEELC,121,2041,0.014
Cuba,PRIVATEELC,121,2042,0.014
Cuba,PRIVATEELC,121,2043,0.014
Cuba,PRIVATEELC,121,2044,0.014
Cuba,PRIVATEELC,121,2045,0.014
Cuba,PRIVATEELC,121,2046,0.014
Cuba,PRIVATEELC,121,2047,0.014
Cuba,PRIVATEELC,121,2048,0.014
Cuba,PRIVATEELC,121,2049,0.014
Cuba,PRIVATEELC,121,2050,0.014
Cuba,PRIVATEELC,121,2051,0.014
Cuba,PRIVATEELC,121,2052,0.014
Cuba,PRIVATEELC,121,2053,0.014
Cuba,PRIVATEELC,121,2054,0.014
Cuba,PRIVATEELC,121,2055,0.014
Cuba,PRIVATEELC,122,2019,0.011
Cuba,PRIVATEELC,122,2020,0.011
Cuba,PRIVATEELC,122,2021,0.011
Cuba,PRIVATEELC,122,2022,0.011
Cuba,PRIVATEELC,122,2023,0.011
Cuba,PRIVATEELC,122,2024,0.011
Cuba,PRIVATEELC,122,2025,0.011
Cuba,PRIVATEELC,122,2026,0.011
Cuba,PRIVATEELC,122,2027,0.011
Cuba,PRIVATEELC,122,2028,0.011
Cuba,PRIVATEELC,122,2029,0.011
Cuba,PRIVATEELC,122,2030,0.011
Cuba,PRIVATEELC,122,2031,0.011
Cuba,PRIVATEELC,122,2032,0.011
Cuba,PRIVATEELC,122,2033,0.011
Cuba,PRIVATEELC,122,2034,0.011
Cuba,PRIVATEELC,122,2035,0.011
Cuba,PRIVATEELC,122,2036,0.011
Cuba,PRIVATEELC,122,2037,0.011
Cuba,PRIVATEELC,122,2038,0.011
Cuba,PRIVATEELC,122,2039,0.011
Cuba,PRIVATEELC,122,2040,0.011
Cuba,PRIVATEELC,122,2041,0.011
Cuba,PRIVATEELC,122,2042,0.011
Cuba,PRIVATEELC,122,2043,0.011
Cuba,PRIVATEELC,122,2044,0.011
Cuba,PRIVATEELC,122,2045,0.011
Cuba,PRIVATEELC,122,2046,0.011
Cuba,PRIVATEELC,122,2047,0.011
Cuba,PRIVATEELC,122,2048,0.011
Cuba,PRIVATEELC,122,2049,0.011
Cuba,PRIVATEELC,122,2050,0.011
Cuba,PRIVATEELC,122,2051,0.011
Cuba,PRIVATEELC,122,2052,0.011
Cuba,PRIVATEELC,122,2053,0.011
Cuba,PRIVATEELC,122,2054,0.011
Cuba,PRIVATEELC,122,2055,0.011
Cuba,PRIVATEELC,123,2019,0.005
Cuba,PRIVATEELC,123,2020,0.005
Cuba,PRIVATEELC,123,2021,0.005
Cuba,PRIVATEELC,123,2022,0.005
Cuba,PRIVATEELC,123,2023,0.005
Cuba,PRIVATEELC,123,2024,0.005
Cuba,PRIVATEELC,123,2025,0.005
Cuba,PRIVATEELC,123,2026,0.005
Cuba,PRIVATEELC,123,2027,0.005
Cuba,PRIVATEELC,123,2028,0.005
Cuba,PRIVATEELC,123,2029,0.005
Cuba,PRIVATEELC,123,2030,0.005
Cuba,PRIVATEELC,123,2031,0.005
Cuba,PRIVATEELC,123,2032,0.005
Cuba,PRIVATEELC,123,2033,0.005
Cuba,PRIVATEELC,123,2034,0.005
Cuba,PRIVATEELC,123,2035,0.005
Cuba,PRIVATEELC,123,2036,0.005
Cuba,PRIVATEELC,123,2037,0.005
Cuba,PRIVATEELC,123,2038,0.005
Cuba,PRIVATEELC,123,2039,0.005
Cuba,PRIVATEELC,123,2040,0.005
Cuba,PRIVATEELC,123,2041,0.005
Cuba,PRIVATEELC,123,2042,0.005
Cuba,PRIVATEELC,123,2043,0.005
Cuba,PRIVATEELC,123,2044,0.005
Cuba,PRIVATEELC,123,2045,0.005
Cuba,PRIVATEELC,123,2046,0.005
Cuba,PRIVATEELC,123,2047,0.005
Cuba,PRIVATEELC,123,2048,0.005
Cuba,PRIVATEELC,123,2049,0.005
Cuba,PRIVATEELC,123,2050,0.005
Cuba,PRIVATEELC,123,2051,0.005
Cuba,PRIVATEELC,123,2052,0.005
Cuba,PRIVATEELC,123,2053,0.005
Cuba,PRIVATEELC,123,2054,0.005
Cuba,PRIVATEELC,123,2055,0.005
Cuba,PRIVATEELC,124,2019,0.009
Cuba,PRIVATEELC,124,2020,0.009
Cuba,PRIVATEELC,124,2021,0.009
Cuba,PRIVATEELC,124,2022,0.009
Cuba,PRIVATEELC,124,2023,0.009
Cuba,PRIVATEELC,124,2024,0.009
Cuba,PRIVATEELC,124,2025,0.009
Cuba,PRIVATEELC,124,2026,0.009
Cuba,PRIVATEELC,124,2027,0.009
Cuba,PRIVATEELC,124,2028,0.009
Cuba,PRIVATEELC,124,2029,0.009
Cuba,PRIVATEELC,124,2030,0.009
Cuba,PRIVATEELC,124,2031,0.009
Cuba,PRIVATEELC,124,2032,0.009
Cuba,PRIVATEELC,124,2033,0.009
Cuba,PRIVATEELC,124,2034,0.009
Cuba,PRIVATEELC,124,2035,0.009
Cuba,PRIVATEELC,124,2036,0.009
Cuba,PRIVATEELC,124,2037,0.009
Cuba,PRIVATEELC,124,2038,0.009
Cuba,PRIVATEELC,124,2039,0.009
Cuba,PRIVATEELC,124,2040,0.009
Cuba,PRIVATEELC,124,2041,0.009
Cuba,PRIVATEELC,124,2042,0.009
Cuba,PRIVATEELC,124,2043,0.009
Cuba,PRIVATEELC,124,2044,0.009
Cuba,PRIVATEELC,124,2045,0.009
Cuba,PRIVATEELC,124,2046,0.009
Cuba,PRIVATEELC,124,2047,0.009
Cuba,PRIVATEELC,124,2048,0.009
Cuba,PRIVATEELC,124,2049,0.009
Cuba,PRIVATEELC,124,2050,0.009
Cuba,PRIVATEELC,124,2051,0.009
Cuba,PRIVATEELC,124,2052,0.009
Cuba,PRIVATEELC,124,2053,0.009
Cuba,PRIVATEELC,124,2054,0.009
Cuba,PRIVATEELC,124,2055,0.009
Cuba,PRIVATEELC,125,2019,0.007
Cuba,PRIVATEELC,125,2020,0.007
Cuba,PRIVATEELC,125,2021,0.007
Cuba,PRIVATEELC,125,2022,0.007
Cuba,PRIVATEELC,125,2023,0.007
Cuba,PRIVATEELC,125,2024,0.007
Cuba,PRIVATEELC,125,2025,0.007
Cuba,PRIVATEELC,125,2026,0.007
Cuba,PRIVATEELC,125,2027,0.007
Cuba,PRIVATEELC,125,2028,0.007
Cuba,PRIVATEELC,125,2029,0.007
Cuba,PRIVATEELC,125,2030,0.007
Cuba,PRIVATEELC,125,2031,0.007
Cuba,PRIVATEELC,125,2032,0.007
Cuba,PRIVATEELC,125,2033,0.007
Cuba,PRIVATEELC,125,2034,0.007
Cuba,PRIVATEELC,125,2035,0.007
Cuba,PRIVATEELC,125,2036,0.007
Cuba,PRIVATEELC,125,2037,0.007
Cuba,PRIVATEELC,125,2038,0.007
Cuba,PRIVATEELC,125,2039,0.007
Cuba,PRIVATEELC,125,2040,0.007
Cuba,PRIVATEELC,125,2041,0.007
Cuba,PRIVATEELC,125,2042,0.007
Cuba,PRIVATEELC,125,2043,0.007
Cuba,PRIVATEELC,125,2044,0.007
Cuba,PRIVATEELC,125,2045,0.007
Cuba,PRIVATEELC,125,2046,0.007
Cuba,PRIVATEELC,125,2047,0.007
Cuba,PRIVATEELC,125,2048,0.007
Cuba,PRIVATEELC,125,2049,0.007
Cuba,PRIVATEELC,125,2050,0.007
Cuba,PRIVATEELC,125,2051,0.007
Cuba,PRIVATEELC,125,2052,0.007
Cuba,PRIVATEELC,125,2053,0.007
Cuba,PRIVATEELC,125,2054,0.007
Cuba,PRIVATEELC,125,2055,0.007
Cuba,PRIVATEELC,126,2019,0.009
Cuba,PRIVATEELC,126,2020,0.009
Cuba,PRIVATEELC,126,2021,0.009
Cuba,PRIVATEELC,126,2022,0.009
Cuba,PRIVATEELC,126,2023,0.009
Cuba,PRIVATEELC,126,2024,0.009
Cuba,PRIVATEELC,126,2025,0.009
Cuba,PRIVATEELC,126,2026,0.009
Cuba,PRIVATEELC,126,2027,0.009
Cuba,PRIVATEELC,126,2028,0.009
Cuba,PRIVATEELC,126,2029,0.009
Cuba,PRIVATEELC,126,2030,0.009
Cuba,PRIVATEELC,126,2031,0.009
Cuba,PRIVATEELC,126,2032,0.009
Cuba,PRIVATEELC,126,2033,0.009
Cuba,PRIVATEELC,126,2034,0.009
Cuba,PRIVATEELC,126,2035,0.009
Cuba,PRIVATEELC,126,2036,0.009
Cuba,PRIVATEELC,126,2037,0.009
Cuba,PRIVATEELC,126,2038,0.009
Cuba,PRIVATEELC,126,2039,0.009
Cuba,PRIVATEELC,126,2040,0.009
Cuba,PRIVATEELC,126,2041,0.009
Cuba,PRIVATEELC,126,2042,0.009
Cuba,PRIVATEELC,126,2043,0.009
Cuba,PRIVATEELC,126,2044,0.009
Cuba,PRIVATEELC,126,2045,0.009
Cuba,PRIVATEELC,126,2046,0.009
Cuba,PRIVATEELC,126,2047,0.009
Cuba,PRIVATEELC,126,2048,0.009
Cuba,PRIVATEELC,126,2049,0.009
Cuba,PRIVATEELC,126,2050,0.009
Cuba,PRIVATEELC,126,2051,0.009
Cuba,PRIVATEELC,126,2052,0.009
Cuba,PRIVATEELC,126,2053,0.009
Cuba,PRIVATEELC,126,2054,0.009
Cuba,PRIVATEELC,126,2055,0.009
Cuba,PRIVATEELC,127,2019,0.006
Cuba,PRIVATEELC,127,2020,0.006
Cuba,PRIVATEELC,127,2021,0.006
Cuba,PRIVATEELC,127,2022,0.006
Cuba,PRIVATEELC,127,2023,0.006
Cuba,PRIVATEELC,127,2024,0.006
Cuba,PRIVATEELC,127,2025,0.006
Cuba,PRIVATEELC,127,2026,0.006
Cuba,PRIVATEELC,127,2027,0.006
Cuba,PRIVATEELC,127,2028,0.006
Cuba,PRIVATEELC,127,2029,0.006
Cuba,PRIVATEELC,127,2030,0.006
Cuba,PRIVATEELC,127,2031,0.006
Cuba,PRIVATEELC,127,2032,0.006
Cuba,PRIVATEELC,127,2033,0.006
Cuba,PRIVATEELC,127,2034,0.006
Cuba,PRIVATEELC,127,2035,0.006
Cuba,PRIVATEELC,127,2036,0.006
Cuba,PRIVATEELC,127,2037,0.006
Cuba,PRIVATEELC,127,2038,0.006
Cuba,PRIVATEELC,127,2039,0.006
Cuba,PRIVATEELC,127,2040,0.006
Cuba,PRIVATEELC,127,2041,0.006
Cuba,PRIVATEELC,127,2042,0.006
Cuba,PRIVATEELC,127,2043,0.006
Cuba,PRIVATEELC,127,2044,0.006
Cuba,PRIVATEELC,127,2045,0.006
Cuba,PRIVATEELC,127,2046,0.006
Cuba,PRIVATEELC,127,2047,0.006
Cuba,PRIVATEELC,127,2048,0.006
Cuba,PRIVATEELC,127,2049,0.006
Cuba,PRIVATEELC,127,2050,0.006
Cuba,PRIVATEELC,127,2051,0.006
Cuba,PRIVATEELC,127,2052,0.006
Cuba,PRIVATEELC,127,2053,0.006
Cuba,PRIVATEELC,127,2054,0.006
Cuba,PRIVATEELC,127,2055,0.006
Cuba,PRIVATEELC,128,2019,0.007
Cuba,PRIVATEELC,128,2020,0.007
Cuba,PRIVATEELC,128,2021,0.007
Cuba,PRIVATEELC,128,2022,0.007
Cuba,PRIVATEELC,128,2023,0.007
Cuba,PRIVATEELC,128,2024,0.007
Cuba,PRIVATEELC,128,2025,0.007
Cuba,PRIVATEELC,128,2026,0.007
Cuba,PRIVATEELC,128,2027,0.007
Cuba,PRIVATEELC,128,2028,0.007
Cuba,PRIVATEELC,128,2029,0.007
Cuba,PRIVATEELC,128,2030,0.007
Cuba,PRIVATEELC,128,2031,0.007
Cuba,PRIVATEELC,128,2032,0.007
Cuba,PRIVATEELC,128,2033,0.007
Cuba,PRIVATEELC,128,2034,0.007
Cuba,PRIVATEELC,128,2035,0.007
Cuba,PRIVATEELC,128,2036,0.007
Cuba,PRIVATEELC,128,2037,0.007
Cuba,PRIVATEELC,128,2038,0.007
Cuba,PRIVATEELC,128,2039,0.007
Cuba,PRIVATEELC,128,2040,0.007
Cuba,PRIVATEELC,128,2041,0.007
Cuba,PRIVATEELC,128,2042,0.007
Cuba,PRIVATEELC,128,2043,0.007
Cuba,PRIVATEELC,128,2044,0.007
Cuba,PRIVATEELC,128,2045,0.007
Cuba,PRIVATEELC,128,2046,0.007
Cuba,PRIVATEELC,128,2047,0.007
Cuba,PRIVATEELC,128,2048,0.007
Cuba,PRIVATEELC,128,2049,0.007
Cuba,PRIVATEELC,128,2050,0.007
Cuba,PRIVATEELC,128,2051,0.007
Cuba,PRIVATEELC,128,2052,0.007
Cuba,PRIVATEELC,128,2053,0.007
Cuba,PRIVATEELC,128,2054,0.007
Cuba,PRIVATEELC,128,2055,0.007
Cuba,PRIVATEELC,211,2019,0.04
Cuba,PRIVATEELC,211,2020,0.04
Cuba,PRIVATEELC,211,2021,0.04
Cuba,PRIVATEELC,211,2022,0.04
Cuba,PRIVATEELC,211,2023,0.04
Cuba,PRIVATEELC,211,2024,0.04
Cuba,PRIVATEELC,211,2025,0.04
Cuba,PRIVATEELC,211,2026,0.04
Cuba,PRIVATEELC,211,2027,0.04
Cuba,PRIVATEELC,211,2028,0.04
Cuba,PRIVATEELC,211,2029,0.04
Cuba,PRIVATEELC,211,2030,0.04
Cuba,PRIVATEELC,211,2031,0.04
Cuba,PRIVATEELC,211,2032,0.04
Cuba,PRIVATEELC,211,2033,0.04
Cuba,PRIVATEELC,211,2034,0.04
Cuba,PRIVATEELC,211,2035,0.04
Cuba,PRIVATEELC,211,2036,0.04
Cuba,PRIVATEELC,211,2037,0.04
Cuba,PRIVATEELC,211,2038,0.04
Cuba,PRIVATEELC,211,2039,0.04
Cuba,PRIVATEELC,211,2040,0.04
Cuba,PRIVATEELC,211,2041,0.04
Cuba,PRIVATEELC,211,2042,0.04
Cuba,PRIVATEELC,211,2043,0.04
Cuba,PRIVATEELC,211,2044,0.04
Cuba,PRIVATEELC,211,2045,0.04
Cuba,PRIVATEELC,211,2046,0.04
Cuba,PRIVATEELC,211,2047,0.04
Cuba,PRIVATEELC,211,2048,0.04
Cuba,PRIVATEELC,211,2049,0.04
Cuba,PRIVATEELC,211,2050,0.04
Cuba,PRIVATEELC,211,2051,0.04
Cuba,PRIVATEELC,211,2052,0.04
Cuba,PRIVATEELC,211,2053,0.04
Cuba,PRIVATEELC,211,2054,0.04
Cuba,PRIVATEELC,211,2055,0.04
Cuba,PRIVATEELC,212,2019,0.032
Cuba,PRIVATEELC,212,2020,0.032
Cuba,PRIVATEELC,212,2021,0.032
Cuba,PRIVATEELC,212,2022,0.032
Cuba,PRIVATEELC,212,2023,0.032
Cuba,PRIVATEELC,212,2024,0.032
Cuba,PRIVATEELC,212,2025,0.032
Cuba,PRIVATEELC,212,2026,0.032
Cuba,PRIVATEELC,212,2027,0.032
Cuba,PRIVATEELC,212,2028,0.032
Cuba,PRIVATEELC,212,2029,0.032
Cuba,PRIVATEELC,212,2030,0.032
Cuba,PRIVATEELC,212,2031,0.032
Cuba,PRIVATEELC,212,2032,0.032
Cuba,PRIVATEELC,212,2033,0.032
Cuba,PRIVATEELC,212,2034,0.032
Cuba,PRIVATEELC,212,2035,0.032
Cuba,PRIVATEELC,212,2036,0.032
Cuba,PRIVATEELC,212,2037,0.032
Cuba,PRIVATEELC,212,2038,0.032
Cuba,PRIVATEELC,212,2039,0.032
Cuba,PRIVATEELC,212,2040,0.032
Cuba,PRIVATEELC,212,2041,0.032
Cuba,PRIVATEELC,212,2042,0.032
Cuba,PRIVATEELC,212,2043,0.032
Cuba,PRIVATEELC,212,2044,0.032
Cuba,PRIVATEELC,212,2045,0.032
Cuba,PRIVATEELC,212,2046,0.032
Cuba,PRIVATEELC,212,2047,0.032
Cuba,PRIVATEELC,212,2048,0.032
Cuba,PRIVATEELC,212,2049,0.032
Cuba,PRIVATEELC,212,2050,0.032
Cuba,PRIVATEELC,212,2051,0.032
Cuba,PRIVATEELC,212,2052,0.032
Cuba,PRIVATEELC,212,2053,0.032
Cuba,PRIVATEELC,212,2054,0.032
Cuba,PRIVATEELC,212,2055,0.032
Cuba,PRIVATEELC,213,2019,0.014
Cuba,PRIVATEELC,213,2020,0.014
Cuba,PRIVATEELC,213,2021,0.014
Cuba,PRIVATEELC,213,2022,0.014
Cuba,PRIVATEELC,213,2023,0.014
Cuba,PRIVATEELC,213,2024,0.014
Cuba,PRIVATEELC,213,2025,0.014
Cuba,PRIVATEELC,213,2026,0.014
Cuba,PRIVATEELC,213,2027,0.014
Cuba,PRIVATEELC,213,2028,0.014
Cuba,PRIVATEELC,213,2029,0.014
Cuba,PRIVATEELC,213,2030,0.014
Cuba,PRIVATEELC,213,2031,0.014
Cuba,PRIVATEELC,213,2032,0.014
Cuba,PRIVATEELC,213,2033,0.014
Cuba,PRIVATEELC,213,2034,0.014
Cuba,PRIVATEELC,213,2035,0.014
Cuba,PRIVATEELC,213,2036,0.014
Cuba,PRIVATEELC,213,2037,0.014
Cuba,PRIVATEELC,213,2038,0.014
Cuba,PRIVATEELC,213,2039,0.014
Cuba,PRIVATEELC,213,2040,0.014
Cuba,PRIVATEELC,213,2041,0.014
Cuba,PRIVATEELC,213,2042,0.014
Cuba,PRIVATEELC,213,2043,0.014
Cuba,PRIVATEELC,213,2044,0.014
Cuba,PRIVATEELC,213,2045,0.014
Cuba,PRIVATEELC,213,2046,0.014
Cuba,PRIVATEELC,213,2047,0.014
Cuba,PRIVATEELC,213,2048,0.014
Cuba,PRIVATEELC,213,2049,0.014
Cuba,PRIVATEELC,213,2050,0.014
Cuba,PRIVATEELC,213,2051,0.014
Cuba,PRIVATEELC,213,2052,0.014
Cuba,PRIVATEELC,213,2053,0.014
Cuba,PRIVATEELC,213,2054,0.014
Cuba,PRIVATEELC,213,2055,0.014
Cuba,PRIVATEELC,214,2019,0.023
Cuba,PRIVATEELC,214,2020,0.023
Cuba,PRIVATEELC,214,2021,0.023
Cuba,PRIVATEELC,214,2022,0.023
Cuba,PRIVATEELC,214,2023,0.023
Cuba,PRIVATEELC,214,2024,0.023
Cuba,PRIVATEELC,214,2025,0.023
Cuba,PRIVATEELC,214,2026,0.023
Cuba,PRIVATEELC,214,2027,0.023
Cuba,PRIVATEELC,214,2028,0.023
Cuba,PRIVATEELC,214,2029,0.023
Cuba,PRIVATEELC,214,2030,0.023
Cuba,PRIVATEELC,214,2031,0.023
Cuba,PRIVATEELC,214,2032,0.023
Cuba,PRIVATEELC,214,2033,0.023
Cuba,PRIVATEELC,214,2034,0.023
Cuba,PRIVATEELC,214,2035,0.023
Cuba,PRIVATEELC,214,2036,0.023
Cuba,PRIVATEELC,214,2037,0.023
Cuba,PRIVATEELC,214,2038,0.023
Cuba,PRIVATEELC,214,2039,0.023
Cuba,PRIVATEELC,214,2040,0.023
Cuba,PRIVATEELC,214,2041,0.023
Cuba,PRIVATEELC,214,2042,0.023
Cuba,PRIVATEELC,214,2043,0.023
Cuba,PRIVATEELC,214,2044,0.023
Cuba,PRIVATEELC,214,2045,0.023
Cuba,PRIVATEELC,214,2046,0.023
Cuba,PRIVATEELC,214,2047,0.023
Cuba,PRIVATEELC,214,2048,0.023
Cuba,PRIVATEELC,214,2049,0.023
Cuba,PRIVATEELC,214,2050,0.023
Cuba,PRIVATEELC,214,2051,0.023
Cuba,PRIVATEELC,214,2052,0.023
Cuba,PRIVATEELC,214,2053,0.023
Cuba,PRIVATEELC,214,2054,0.023
Cuba,PRIVATEELC,214,2055,0.023
Cuba,PRIVATEELC,215,2019,0.017
Cuba,PRIVATEELC,215,2020,0.017
Cuba,PRIVATEELC,215,2021,0.017
Cuba,PRIVATEELC,215,2022,0.017
Cuba,PRIVATEELC,215,2023,0.017
Cuba,PRIVATEELC,215,2024,0.017
Cuba,PRIVATEELC,215,2025,0.017
Cuba,PRIVATEELC,215,2026,0.017
Cuba,PRIVATEELC,215,2027,0.017
Cuba,PRIVATEELC,215,2028,0.017
Cuba,PRIVATEELC,215,2029,0.017
Cuba,PRIVATEELC,215,2030,0.017
Cuba,PRIVATEELC,215,2031,0.017
Cuba,PRIVATEELC,215,2032,0.017
Cuba,PRIVATEELC,215,2033,0.017
Cuba,PRIVATEELC,215,2034,0.017
Cuba,PRIVATEELC,215,2035,0.017
Cuba,PRIVATEELC,215,2036,0.017
Cuba,PRIVATEELC,215,2037,0.017
Cuba,PRIVATEELC,215,2038,0.017
Cuba,PRIVATEELC,215,2039,0.017
Cuba,PRIVATEELC,215,2040,0.017
Cuba,PRIVATEELC,215,2041,0.017
Cuba,PRIVATEELC,215,2042,0.017
Cuba,PRIVATEELC,215,2043,0.017
Cuba,PRIVATEELC,215,2044,0.017
Cuba,PRIVATEELC,215,2045,0.017
Cuba,PRIVATEELC,215,2046,0.017
Cuba,PRIVATEELC,215,2047,0.017
Cuba,PRIVATEELC,215,2048,0.017
Cuba,PRIVATEELC,215,2049,0.017
Cuba,PRIVATEELC,215,2050,0.017
Cuba,PRIVATEELC,215,2051,0.017
Cuba,PRIVATEELC,215,2052,0.017
Cuba,PRIVATEELC,215,2053,0.017
Cuba,PRIVATEELC,215,2054,0.017
Cuba,PRIVATEELC,215,2055,0.017
Cuba,PRIVATEELC,216,2019,0.023
Cuba,PRIVATEELC,216,2020,0.023
Cuba,PRIVATEELC,216,2021,0.023
Cuba,PRIVATEELC,216,2022,0.023
Cuba,PRIVATEELC,216,2023,0.023
Cuba,PRIVATEELC,216,2024,0.023
Cuba,PRIVATEELC,216,2025,0.023
Cuba,PRIVATEELC,216,2026,0.023
Cuba,PRIVATEELC,216,2027,0.023
Cuba,PRIVATEELC,216,2028,0.023
Cuba,PRIVATEELC,216,2029,0.023
Cuba,PRIVATEELC,216,2030,0.023
Cuba,PRIVATEELC,216,2031,0.023
Cuba,PRIVATEELC,216,2032,0.023
Cuba,PRIVATEELC,216,2033,0.023
Cuba,PRIVATEELC,216,2034,0.023
Cuba,PRIVATEELC,216,2035,0.023
Cuba,PRIVATEELC,216,2036,0.023
Cuba,PRIVATEELC,216,2037,0.023
Cuba,PRIVATEELC,216,2038,0.023
Cuba,PRIVATEELC,216,2039,0.023
Cuba,PRIVATEELC,216,2040,0.023
Cuba,PRIVATEELC,216,2041,0.023
Cuba,PRIVATEELC,216,2042,0.023
Cuba,PRIVATEELC,216,2043,0.023
Cuba,PRIVATEELC,216,2044,0.023
Cuba,PRIVATEELC,216,2045,0.023
Cuba,PRIVATEELC,216,2046,0.023
Cuba,PRIVATEELC,216,2047,0.023
Cuba,PRIVATEELC,216,2048,0.023
Cuba,PRIVATEELC,216,2049,0.023
Cuba,PRIVATEELC,216,2050,0.023
Cuba,PRIVATEELC,216,2051,0.023
Cuba,PRIVATEELC,216,2052,0.023
Cuba,PRIVATEELC,216,2053,0.023
Cuba,PRIVATEELC,216,2054,0.023
Cuba,PRIVATEELC,216,2055,0.023
Cuba,PRIVATEELC,217,2019,0.016
Cuba,PRIVATEELC,217,2020,0.016
Cuba,PRIVATEELC,217,2021,0.016
Cuba,PRIVATEELC,217,2022,0.016
Cuba,PRIVATEELC,217,2023,0.016
Cuba,PRIVATEELC,217,2024,0.016
Cuba,PRIVATEELC,217,2025,0.016
Cuba,PRIVATEELC,217,2026,0.016
Cuba,PRIVATEELC,217,2027,0.016
Cuba,PRIVATEELC,217,2028,0.016
Cuba,PRIVATEELC,217,2029,0.016
Cuba,PRIVATEELC,217,2030,0.016
Cuba,PRIVATEELC,217,2031,0.016
Cuba,PRIVATEELC,217,2032,0.016
Cuba,PRIVATEELC,217,2033,0.016
Cuba,PRIVATEELC,217,2034,0.016
Cuba,PRIVATEELC,217,2035,0.016
Cuba,PRIVATEELC,217,2036,0.016
Cuba,PRIVATEELC,217,2037,0.016
Cuba,PRIVATEELC,217,2038,0.016
Cuba,PRIVATEELC,217,2039,0.016
Cuba,PRIVATEELC,217,2040,0.016
Cuba,PRIVATEELC,217,2041,0.016
Cuba,PRIVATEELC,217,2042,0.016
Cuba,PRIVATEELC,217,2043,0.016
Cuba,PRIVATEELC,217,2044,0.016
Cuba,PRIVATEELC,217,2045,0.016
Cuba,PRIVATEELC,217,2046,0.016
Cuba,PRIVATEELC,217,2047,0.016
Cuba,PRIVATEELC,217,2048,0.016
Cuba,PRIVATEELC,217,2049,0.016
Cuba,PRIVATEELC,217,2050,0.016
Cuba,PRIVATEELC,217,2051,0.016
Cuba,PRIVATEELC,217,2052,0.016
Cuba,PRIVATEELC,217,2053,0.016
Cuba,PRIVATEELC,217,2054,0.016
Cuba,PRIVATEELC,217,2055,0.016
Cuba,PRIVATEELC,218,2019,0.017
Cuba,PRIVATEELC,218,2020,0.017
Cuba,PRIVATEELC,218,2021,0.017
Cuba,PRIVATEELC,218,2022,0.017
Cuba,PRIVATEELC,218,2023,0.017
Cuba,PRIVATEELC,218,2024,0.017
Cuba,PRIVATEELC,218,2025,0.017
Cuba,PRIVATEELC,218,2026,0.017
Cuba,PRIVATEELC,218,2027,0.017
Cuba,PRIVATEELC,218,2028,0.017
Cuba,PRIVATEELC,218,2029,0.017
Cuba,PRIVATEELC,218,2030,0.017
Cuba,PRIVATEELC,218,2031,0.017
Cuba,PRIVATEELC,218,2032,0.017
Cuba,PRIVATEELC,218,2033,0.017
Cuba,PRIVATEELC,218,2034,0.017
Cuba,PRIVATEELC,218,2035,0.017
Cuba,PRIVATEELC,218,2036,0.017
Cuba,PRIVATEELC,218,2037,0.017
Cuba,PRIVATEELC,218,2038,0.017
Cuba,PRIVATEELC,218,2039,0.017
Cuba,PRIVATEELC,218,2040,0.017
Cuba,PRIVATEELC,218,2041,0.017
Cuba,PRIVATEELC,218,2042,0.017
Cuba,PRIVATEELC,218,2043,0.017
Cuba,PRIVATEELC,218,2044,0.017
Cuba,PRIVATEELC,218,2045,0.017
Cuba,PRIVATEELC,218,2046,0.017
Cuba,PRIVATEELC,218,2047,0.017
Cuba,PRIVATEELC,218,2048,0.017
Cuba,PRIVATEELC,218,2049,0.017
Cuba,PRIVATEELC,218,2050,0.017
Cuba,PRIVATEELC,218,2051,0.017
Cuba,PRIVATEELC,218,2052,0.017
Cuba,PRIVATEELC,218,2053,0.017
Cuba,PRIVATEELC,218,2054,0.017
Cuba,PRIVATEELC,218,2055,0.017
Cuba,PRIVATEELC,221,2019,0.016
Cuba,PRIVATEELC,221,2020,0.016
Cuba,PRIVATEELC,221,2021,0.016
Cuba,PRIVATEELC,221,2022,0.016
Cuba,PRIVATEELC,221,2023,0.016
Cuba,PRIVATEELC,221,2024,0.016
Cuba,PRIVATEELC,221,2025,0.016
Cuba,PRIVATEELC,221,2026,0.016
Cuba,PRIVATEELC,221,2027,0.016
Cuba,PRIVATEELC,221,2028,0.016
Cuba,PRIVATEELC,221,2029,0.016
Cuba,PRIVATEELC,221,2030,0.016
Cuba,PRIVATEELC,221,2031,0.016
Cuba,PRIVATEELC,221,2032,0.016
Cuba,PRIVATEELC,221,2033,0.016
Cuba,PRIVATEELC,221,2034,0.016
Cuba,PRIVATEELC,221,2035,0.016
Cuba,PRIVATEELC,221,2036,0.016
Cuba,PRIVATEELC,221,2037,0.016
Cuba,PRIVATEELC,221,2038,0.016
Cuba,PRIVATEELC,221,2039,0.016
Cuba,PRIVATEELC,221,2040,0.016
Cuba,PRIVATEELC,221,2041,0.016
Cuba,PRIVATEELC,221,2042,0.016
Cuba,PRIVATEELC,221,2043,0.016
Cuba,PRIVATEELC,221,2044,0.016
Cuba,PRIVATEELC,221,2045,0.016
Cuba,PRIVATEELC,221,2046,0.016
Cuba,PRIVATEELC,221,2047,0.016
Cuba,PRIVATEELC,221,2048,0.016
Cuba,PRIVATEELC,221,2049,0.016
Cuba,PRIVATEELC,221,2050,0.016
Cuba,PRIVATEELC,221,2051,0.016
Cuba,PRIVATEELC,221,2052,0.016
Cuba,PRIVATEELC,221,2053,0.016
Cuba,PRIVATEELC,221,2054,0.016
Cuba,PRIVATEELC,221,2055,0.016
Cuba,PRIVATEELC,222,2019,0.013
Cuba,PRIVATEELC,222,2020,0.013
Cuba,PRIVATEELC,222,2021,0.013
Cuba,PRIVATEELC,222,2022,0.013
Cuba,PRIVATEELC,222,2023,0.013
Cuba,PRIVATEELC,222,2024,0.013
Cuba,PRIVATEELC,222,2025,0.013
Cuba,PRIVATEELC,222,2026,0.013
Cuba,PRIVATEELC,222,2027,0.013
Cuba,PRIVATEELC,222,2028,0.013
Cuba,PRIVATEELC,222,2029,0.013
Cuba,PRIVATEELC,222,2030,0.013
Cuba,PRIVATEELC,222,2031,0.013
Cuba,PRIVATEELC,222,2032,0.013
Cuba,PRIVATEELC,222,2033,0.013
Cuba,PRIVATEELC,222,2034,0.013
Cuba,PRIVATEELC,222,2035,0.013
Cuba,PRIVATEELC,222,2036,0.013
Cuba,PRIVATEELC,222,2037,0.013
Cuba,PRIVATEELC,222,2038,0.013
Cuba,PRIVATEELC,222,2039,0.013
Cuba,PRIVATEELC,222,2040,0.013
Cuba,PRIVATEELC,222,2041,0.013
Cuba,PRIVATEELC,222,2042,0.013
Cuba,PRIVATEELC,222,2043,0.013
Cuba,PRIVATEELC,222,2044,0.013
Cuba,PRIVATEELC,222,2045,0.013
Cuba,PRIVATEELC,222,2046,0.013
Cuba,PRIVATEELC,222,2047,0.013
Cuba,PRIVATEELC,222,2048,0.013
Cuba,PRIVATEELC,222,2049,0.013
Cuba,PRIVATEELC,222,2050,0.013
Cuba,PRIVATEELC,222,2051,0.013
Cuba,PRIVATEELC,222,2052,0.013
Cuba,PRIVATEELC,222,2053,0.013
Cuba,PRIVATEELC,222,2054,0.013
Cuba,PRIVATEELC,222,2055,0.013
Cuba,PRIVATEELC,223,2019,0.006
Cuba,PRIVATEELC,223,2020,0.006
Cuba,PRIVATEELC,223,2021,0.006
Cuba,PRIVATEELC,223,2022,0.006
Cuba,PRIVATEELC,223,2023,0.006
Cuba,PRIVATEELC,223,2024,0.006
Cuba,PRIVATEELC,223,2025,0.006
Cuba,PRIVATEELC,223,2026,0.006
Cuba,PRIVATEELC,223,2027,0.006
Cuba,PRIVATEELC,223,2028,0.006
Cuba,PRIVATEELC,223,2029,0.006
Cuba,PRIVATEELC,223,2030,0.006
Cuba,PRIVATEELC,223,2031,0.006
Cuba,PRIVATEELC,223,2032,0.006
Cuba,PRIVATEELC,223,2033,0.006
Cuba,PRIVATEELC,223,2034,0.006
Cuba,PRIVATEELC,223,2035,0.006
Cuba,PRIVATEELC,223,2036,0.006
Cuba,PRIVATEELC,223,2037,0.006
Cuba,PRIVATEELC,223,2038,0.006
Cuba,PRIVATEELC,223,2039,0.006
Cuba,PRIVATEELC,223,2040,0.006
Cuba,PRIVATEELC,223,2041,0.006
Cuba,PRIVATEELC,223,2042,0.006
Cuba,PRIVATEELC,223,2043,0.006
Cuba,PRIVATEELC,223,2044,0.006
Cuba,PRIVATEELC,223,2045,0.006
Cuba,PRIVATEELC,223,2046,0.006
Cuba,PRIVATEELC,223,2047,0.006
Cuba,PRIVATEELC,223,2048,0.006
Cuba,PRIVATEELC,223,2049,0.006
Cuba,PRIVATEELC,223,2050,0.006
Cuba,PRIVATEELC,223,2051,0.006
Cuba,PRIVATEELC,223,2052,0.006
Cuba,PRIVATEELC,223,2053,0.006
Cuba,PRIVATEELC,223,2054,0.006
Cuba,PRIVATEELC,223,2055,0.006
Cuba,PRIVATEELC,224,2019,0.009
Cuba,PRIVATEELC,224,2020,0.009
Cuba,PRIVATEELC,224,2021,0.009
Cuba,PRIVATEELC,224,2022,0.009
Cuba,PRIVATEELC,224,2023,0.009
Cuba,PRIVATEELC,224,2024,0.009
Cuba,PRIVATEELC,224,2025,0.009
Cuba,PRIVATEELC,224,2026,0.009
Cuba,PRIVATEELC,224,2027,0.009
Cuba,PRIVATEELC,224,2028,0.009
Cuba,PRIVATEELC,224,2029,0.009
Cuba,PRIVATEELC,224,2030,0.009
Cuba,PRIVATEELC,224,2031,0.009
Cuba,PRIVATEELC,224,2032,0.009
Cuba,PRIVATEELC,224,2033,0.009
Cuba,PRIVATEELC,224,2034,0.009
Cuba,PRIVATEELC,224,2035,0.009
Cuba,PRIVATEELC,224,2036,0.009
Cuba,PRIVATEELC,224,2037,0.009
Cuba,PRIVATEELC,224,2038,0.009
Cuba,PRIVATEELC,224,2039,0.009
Cuba,PRIVATEELC,224,2040,0.009
Cuba,PRIVATEELC,224,2041,0.009
Cuba,PRIVATEELC,224,2042,0.009
Cuba,PRIVATEELC,224,2043,0.009
Cuba,PRIVATEELC,224,2044,0.009
Cuba,PRIVATEELC,224,2045,0.009
Cuba,PRIVATEELC,224,2046,0.009
Cuba,PRIVATEELC,224,2047,0.009
Cuba,PRIVATEELC,224,2048,0.009
Cuba,PRIVATEELC,224,2049,0.009
Cuba,PRIVATEELC,224,2050,0.009
Cuba,PRIVATEELC,224,2051,0.009
Cuba,PRIVATEELC,224,2052,0.009
Cuba,PRIVATEELC,224,2053,0.009
Cuba,PRIVATEELC,224,2054,0.009
Cuba,PRIVATEELC,224,2055,0.009
Cuba,PRIVATEELC,225,2019,0.007
Cuba,PRIVATEELC,225,2020,0.007
Cuba,PRIVATEELC,225,2021,0.007
Cuba,PRIVATEELC,225,2022,0.007
Cuba,PRIVATEELC,225,2023,0.007
Cuba,PRIVATEELC,225,2024,0.007
Cuba,PRIVATEELC,225,2025,0.007
Cuba,PRIVATEELC,225,2026,0.007
Cuba,PRIVATEELC,225,2027,0.007
Cuba,PRIVATEELC,225,2028,0.007
Cuba,PRIVATEELC,225,2029,0.007
Cuba,PRIVATEELC,225,2030,0.007
Cuba,PRIVATEELC,225,2031,0.007
Cuba,PRIVATEELC,225,2032,0.007
Cuba,PRIVATEELC,225,2033,0.007
Cuba,PRIVATEELC,225,2034,0.007
Cuba,PRIVATEELC,225,2035,0.007
Cuba,PRIVATEELC,225,2036,0.007
Cuba,PRIVATEELC,225,2037,0.007
Cuba,PRIVATEELC,225,2038,0.007
Cuba,PRIVATEELC,225,2039,0.007
Cuba,PRIVATEELC,225,2040,0.007
Cuba,PRIVATEELC,225,2041,0.007
Cuba,PRIVATEELC,225,2042,0.007
Cuba,PRIVATEELC,225,2043,0.007
Cuba,PRIVATEELC,225,2044,0.007
Cuba,PRIVATEELC,225,2045,0.007
Cuba,PRIVATEELC,225,2046,0.007
Cuba,PRIVATEELC,225,2047,0.007
Cuba,PRIVATEELC,225,2048,0.007
Cuba,PRIVATEELC,225,2049,0.007
Cuba,PRIVATEELC,225,2050,0.007
Cuba,PRIVATEELC,225,2051,0.007
Cuba,PRIVATEELC,225,2052,0.007
Cuba,PRIVATEELC,225,2053,0.007
Cuba,PRIVATEELC,225,2054,0.007
Cuba,PRIVATEELC,225,2055,0.007
Cuba,PRIVATEELC,226,2019,0.009
Cuba,PRIVATEELC,226,2020,0.009
Cuba,PRIVATEELC,226,2021,0.009
Cuba,PRIVATEELC,226,2022,0.009
Cuba,PRIVATEELC,226,2023,0.009
Cuba,PRIVATEELC,226,2024,0.009
Cuba,PRIVATEELC,226,2025,0.009
Cuba,PRIVATEELC,226,2026,0.009
Cuba,PRIVATEELC,226,2027,0.009
Cuba,PRIVATEELC,226,2028,0.009
Cuba,PRIVATEELC,226,2029,0.009
Cuba,PRIVATEELC,226,2030,0.009
Cuba,PRIVATEELC,226,2031,0.009
Cuba,PRIVATEELC,226,2032,0.009
Cuba,PRIVATEELC,226,2033,0.009
Cuba,PRIVATEELC,226,2034,0.009
Cuba,PRIVATEELC,226,2035,0.009
Cuba,PRIVATEELC,226,2036,0.009
Cuba,PRIVATEELC,226,2037,0.009
Cuba,PRIVATEELC,226,2038,0.009
Cuba,PRIVATEELC,226,2039,0.009
Cuba,PRIVATEELC,226,2040,0.009
Cuba,PRIVATEELC,226,2041,0.009
Cuba,PRIVATEELC,226,2042,0.009
Cuba,PRIVATEELC,226,2043,0.009
Cuba,PRIVATEELC,226,2044,0.009
Cuba,PRIVATEELC,226,2045,0.009
Cuba,PRIVATEELC,226,2046,0.009
Cuba,PRIVATEELC,226,2047,0.009
Cuba,PRIVATEELC,226,2048,0.009
Cuba,PRIVATEELC,226,2049,0.009
Cuba,PRIVATEELC,226,2050,0.009
Cuba,PRIVATEELC,226,2051,0.009
Cuba,PRIVATEELC,226,2052,0.009
Cuba,PRIVATEELC,226,2053,0.009
Cuba,PRIVATEELC,226,2054,0.009
Cuba,PRIVATEELC,226,2055,0.009
Cuba,PRIVATEELC,227,2019,0.006
Cuba,PRIVATEELC,227,2020,0.006
Cuba,PRIVATEELC,227,2021,0.006
Cuba,PRIVATEELC,227,2022,0.006
Cuba,PRIVATEELC,227,2023,0.006
Cuba,PRIVATEELC,227,2024,0.006
Cuba,PRIVATEELC,227,2025,0.006
Cuba,PRIVATEELC,227,2026,0.006
Cuba,PRIVATEELC,227,2027,0.006
Cuba,PRIVATEELC,227,2028,0.006
Cuba,PRIVATEELC,227,2029,0.006
Cuba,PRIVATEELC,227,2030,0.006
Cuba,PRIVATEELC,227,2031,0.006
Cuba,PRIVATEELC,227,2032,0.006
Cuba,PRIVATEELC,227,2033,0.006
Cuba,PRIVATEELC,227,2034,0.006
Cuba,PRIVATEELC,227,2035,0.006
Cuba,PRIVATEELC,227,2036,0.006
Cuba,PRIVATEELC,227,2037,0.006
Cuba,PRIVATEELC,227,2038,0.006
Cuba,PRIVATEELC,227,2039,0.006
Cuba,PRIVATEELC,227,2040,0.006
Cuba,PRIVATEELC,227,2041,0.006
Cuba,PRIVATEELC,227,2042,0.006
Cuba,PRIVATEELC,227,2043,0.006
Cuba,PRIVATEELC,227,2044,0.006
Cuba,PRIVATEELC,227,2045,0.006
Cuba,PRIVATEELC,227,2046,0.006
Cuba,PRIVATEELC,227,2047,0.006
Cuba,PRIVATEELC,227,2048,0.006
Cuba,PRIVATEELC,227,2049,0.006
Cuba,PRIVATEELC,227,2050,0.006
Cuba,PRIVATEELC,227,2051,0.006
Cuba,PRIVATEELC,227,2052,0.006
Cuba,PRIVATEELC,227,2053,0.006
Cuba,PRIVATEELC,227,2054,0.006
Cuba,PRIVATEELC,227,2055,0.006
Cuba,PRIVATEELC,228,2019,0.007
Cuba,PRIVATEELC,228,2020,0.007
Cuba,PRIVATEELC,228,2021,0.007
Cuba,PRIVATEELC,228,2022,0.007
Cuba,PRIVATEELC,228,2023,0.007
Cuba,PRIVATEELC,228,2024,0.007
Cuba,PRIVATEELC,228,2025,0.007
Cuba,PRIVATEELC,228,2026,0.007
Cuba,PRIVATEELC,228,2027,0.007
Cuba,PRIVATEELC,228,2028,0.007
Cuba,PRIVATEELC,228,2029,0.007
Cuba,PRIVATEELC,228,2030,0.007
Cuba,PRIVATEELC,228,2031,0.007
Cuba,PRIVATEELC,228,2032,0.007
Cuba,PRIVATEELC,228,2033,0.007
Cuba,PRIVATEELC,228,2034,0.007
Cuba,PRIVATEELC,228,2035,0.007
Cuba,PRIVATEELC,228,2036,0.007
Cuba,PRIVATEELC,228,2037,0.007
Cuba,PRIVATEELC,228,2038,0.007
Cuba,PRIVATEELC,228,2039,0.007
Cuba,PRIVATEELC,228,2040,0.007
Cuba,PRIVATEELC,228,2041,0.007
Cuba,PRIVATEELC,228,2042,0.007
Cuba,PRIVATEELC,228,2043,0.007
Cuba,PRIVATEELC,228,2044,0.007
Cuba,PRIVATEELC,228,2045,0.007
Cuba,PRIVATEELC,228,2046,0.007
Cuba,PRIVATEELC,228,2047,0.007
Cuba,PRIVATEELC,228,2048,0.007
Cuba,PRIVATEELC,228,2049,0.007
Cuba,PRIVATEELC,228,2050,0.007
Cuba,PRIVATEELC,228,2051,0.007
Cuba,PRIVATEELC,228,2052,0.007
Cuba,PRIVATEELC,228,2053,0.007
Cuba,PRIVATEELC,228,2054,0.007
Cuba,PRIVATEELC,228,2055,0.007
Cuba,PRIVATEELC,311,2019,0.043
Cuba,PRIVATEELC,311,2020,0.043
Cuba,PRIVATEELC,311,2021,0.043
Cuba,PRIVATEELC,311,2022,0.043
Cuba,PRIVATEELC,311,2023,0.043
Cuba,PRIVATEELC,311,2024,0.043
Cuba,PRIVATEELC,311,2025,0.043
Cuba,PRIVATEELC,311,2026,0.043
Cuba,PRIVATEELC,311,2027,0.043
Cuba,PRIVATEELC,311,2028,0.043
Cuba,PRIVATEELC,311,2029,0.043
Cuba,PRIVATEELC,311,2030,0.043
Cuba,PRIVATEELC,311,2031,0.043
Cuba,PRIVATEELC,311,2032,0.043
Cuba,PRIVATEELC,311,2033,0.043
Cuba,PRIVATEELC,311,2034,0.043
Cuba,PRIVATEELC,311,2035,0.043
Cuba,PRIVATEELC,311,2036,0.043
Cuba,PRIVATEELC,311,2037,0.043
Cuba,PRIVATEELC,311,2038,0.043
Cuba,PRIVATEELC,311,2039,0.043
Cuba,PRIVATEELC,311,2040,0.043
Cuba,PRIVATEELC,311,2041,0.043
Cuba,PRIVATEELC,311,2042,0.043
Cuba,PRIVATEELC,311,2043,0.043
Cuba,PRIVATEELC,311,2044,0.043
Cuba,PRIVATEELC,311,2045,0.043
Cuba,PRIVATEELC,311,2046,0.043
Cuba,PRIVATEELC,311,2047,0.043
Cuba,PRIVATEELC,311,2048,0.043
Cuba,PRIVATEELC,311,2049,0.043
Cuba,PRIVATEELC,311,2050,0.043
Cuba,PRIVATEELC,311,2051,0.043
Cuba,PRIVATEELC,311,2052,0.043
Cuba,PRIVATEELC,311,2053,0.043
Cuba,PRIVATEELC,311,2054,0.043
Cuba,PRIVATEELC,311,2055,0.043
Cuba,PRIVATEELC,312,2019,0.037
Cuba,PRIVATEELC,312,2020,0.037
Cuba,PRIVATEELC,312,2021,0.037
Cuba,PRIVATEELC,312,2022,0.037
Cuba,PRIVATEELC,312,2023,0.037
Cuba,PRIVATEELC,312,2024,0.037
Cuba,PRIVATEELC,312,2025,0.037
Cuba,PRIVATEELC,312,2026,0.037
Cuba,PRIVATEELC,312,2027,0.037
Cuba,PRIVATEELC,312,2028,0.037
Cuba,PRIVATEELC,312,2029,0.037
Cuba,PRIVATEELC,312,2030,0.037
Cuba,PRIVATEELC,312,2031,0.037
Cuba,PRIVATEELC,312,2032,0.037
Cuba,PRIVATEELC,312,2033,0.037
Cuba,PRIVATEELC,312,2034,0.037
Cuba,PRIVATEELC,312,2035,0.037
Cuba,PRIVATEELC,312,2036,0.037
Cuba,PRIVATEELC,312,2037,0.037
Cuba,PRIVATEELC,312,2038,0.037
Cuba,PRIVATEELC,312,2039,0.037
Cuba,PRIVATEELC,312,2040,0.037
Cuba,PRIVATEELC,312,2041,0.037
Cuba,PRIVATEELC,312,2042,0.037
Cuba,PRIVATEELC,312,2043,0.037
Cuba,PRIVATEELC,312,2044,0.037
Cuba,PRIVATEELC,312,2045,0.037
Cuba,PRIVATEELC,312,2046,0.037
Cuba,PRIVATEELC,312,2047,0.037
Cuba,PRIVATEELC,312,2048,0.037
Cuba,PRIVATEELC,312,2049,0.037
Cuba,PRIVATEELC,312,2050,0.037
Cuba,PRIVATEELC,312,2051,0.037
Cuba,PRIVATEELC,312,2052,0.037
Cuba,PRIVATEELC,312,2053,0.037
Cuba,PRIVATEELC,312,2054,0.037
Cuba,PRIVATEELC,312,2055,0.037
Cuba,PRIVATEELC,313,2019,0.015
Cuba,PRIVATEELC,313,2020,0.015
Cuba,PRIVATEELC,313,2021,0.015
Cuba,PRIVATEELC,313,2022,0.015
Cuba,PRIVATEELC,313,2023,0.015
Cuba,PRIVATEELC,313,2024,0.015
Cuba,PRIVATEELC,313,2025,0.015
Cuba,PRIVATEELC,313,2026,0.015
Cuba,PRIVATEELC,313,2027,0.015
Cuba,PRIVATEELC,313,2028,0.015
Cuba,PRIVATEELC,313,2029,0.015
Cuba,PRIVATEELC,313,2030,0.015
Cuba,PRIVATEELC,313,2031,0.015
Cuba,PRIVATEELC,313,2032,0.015
Cuba,PRIVATEELC,313,2033,0.015
Cuba,PRIVATEELC,313,2034,0.015
Cuba,PRIVATEELC,313,2035,0.015
Cuba,PRIVATEELC,313,2036,0.015
Cuba,PRIVATEELC,313,2037,0.015
Cuba,PRIVATEELC,313,2038,0.015
Cuba,PRIVATEELC,313,2039,0.015
Cuba,PRIVATEELC,313,2040,0.015
Cuba,PRIVATEELC,313,2041,0.015
Cuba,PRIVATEELC,313,2042,0.015
Cuba,PRIVATEELC,313,2043,0.015
Cuba,PRIVATEELC,313,2044,0.015
Cuba,PRIVATEELC,313,2045,0.015
Cuba,PRIVATEELC,313,2046,0.015
Cuba,PRIVATEELC,313,2047,0.015
Cuba,PRIVATEELC,313,2048,0.015
Cuba,PRIVATEELC,313,2049,0.015
Cuba,PRIVATEELC,313,2050,0.015
Cuba,PRIVATEELC,313,2051,0.015
Cuba,PRIVATEELC,313,2052,0.015
Cuba,PRIVATEELC,313,2053,0.015
Cuba,PRIVATEELC,313,2054,0.015
Cuba,PRIVATEELC,313,2055,0.015
Cuba,PRIVATEELC,314,2019,0.024
Cuba,PRIVATEELC,314,2020,0.024
Cuba,PRIVATEELC,314,2021,0.024
Cuba,PRIVATEELC,314,2022,0.024
Cuba,PRIVATEELC,314,2023,0.024
Cuba,PRIVATEELC,314,2024,0.024
Cuba,PRIVATEELC,314,2025,0.024
Cuba,PRIVATEELC,314,2026,0.024
Cuba,PRIVATEELC,314,2027,0.024
Cuba,PRIVATEELC,314,2028,0.024
Cuba,PRIVATEELC,314,2029,0.024
Cuba,PRIVATEELC,314,2030,0.024
Cuba,PRIVATEELC,314,2031,0.024
Cuba,PRIVATEELC,314,2032,0.024
Cuba,PRIVATEELC,314,2033,0.024
Cuba,PRIVATEELC,314,2034,0.024
Cuba,PRIVATEELC,314,2035,0.024
Cuba,PRIVATEELC,314,2036,0.024
Cuba,PRIVATEELC,314,2037,0.024
Cuba,PRIVATEELC,314,2038,0.024
Cuba,PRIVATEELC,314,2039,0.024
Cuba,PRIVATEELC,314,2040,0.024
Cuba,PRIVATEELC,314,2041,0.024
Cuba,PRIVATEELC,314,2042,0.024
Cuba,PRIVATEELC,314,2043,0.024
Cuba,PRIVATEELC,314,2044,0.024
Cuba,PRIVATEELC,314,2045,0.024
Cuba,PRIVATEELC,314,2046,0.024
Cuba,PRIVATEELC,314,2047,0.024
Cuba,PRIVATEELC,314,2048,0.024
Cuba,PRIVATEELC,314,2049,0.024
Cuba,PRIVATEELC,314,2050,0.024
Cuba,PRIVATEELC,314,2051,0.024
Cuba,PRIVATEELC,314,2052,0.024
Cuba,PRIVATEELC,314,2053,0.024
Cuba,PRIVATEELC,314,2054,0.024
Cuba,PRIVATEELC,314,2055,0.024
Cuba,PRIVATEELC,315,2019,0.018
Cuba,PRIVATEELC,315,2020,0.018
Cuba,PRIVATEELC,315,2021,0.018
Cuba,PRIVATEELC,315,2022,0.018
Cuba,PRIVATEELC,315,2023,0.018
Cuba,PRIVATEELC,315,2024,0.018
Cuba,PRIVATEELC,315,2025,0.018
Cuba,PRIVATEELC,315,2026,0.018
Cuba,PRIVATEELC,315,2027,0.018
Cuba,PRIVATEELC,315,2028,0.018
Cuba,PRIVATEELC,315,2029,0.018
Cuba,PRIVATEELC,315,2030,0.018
Cuba,PRIVATEELC,315,2031,0.018
Cuba,PRIVATEELC,315,2032,0.018
Cuba,PRIVATEELC,315,2033,0.018
Cuba,PRIVATEELC,315,2034,0.018
Cuba,PRIVATEELC,315,2035,0.018
Cuba,PRIVATEELC,315,2036,0.018
Cuba,PRIVATEELC,315,2037,0.018
Cuba,PRIVATEELC,315,2038,0.018
Cuba,PRIVATEELC,315,2039,0.018
Cuba,PRIVATEELC,315,2040,0.018
Cuba,PRIVATEELC,315,2041,0.018
Cuba,PRIVATEELC,315,2042,0.018
Cuba,PRIVATEELC,315,2043,0.018
Cuba,PRIVATEELC,315,2044,0.018
Cuba,PRIVATEELC,315,2045,0.018
Cuba,PRIVATEELC,315,2046,0.018
Cuba,PRIVATEELC,315,2047,0.018
Cuba,PRIVATEELC,315,2048,0.018
Cuba,PRIVATEELC,315,2049,0.018
Cuba,PRIVATEELC,315,2050,0.018
Cuba,PRIVATEELC,315,2051,0.018
Cuba,PRIVATEELC,315,2052,0.018
Cuba,PRIVATEELC,315,2053,0.018
Cuba,PRIVATEELC,315,2054,0.018
Cuba,PRIVATEELC,315,2055,0.018
Cuba,PRIVATEELC,316,2019,0.025
Cuba,PRIVATEELC,316,2020,0.025
Cuba,PRIVATEELC,316,2021,0.025
Cuba,PRIVATEELC,316,2022,0.025
Cuba,PRIVATEELC,316,2023,0.025
Cuba,PRIVATEELC,316,2024,0.025
Cuba,PRIVATEELC,316,2025,0.025
Cuba,PRIVATEELC,316,2026,0.025
Cuba,PRIVATEELC,316,2027,0.025
Cuba,PRIVATEELC,316,2028,0.025
Cuba,PRIVATEELC,316,2029,0.025
Cuba,PRIVATEELC,316,2030,0.025
Cuba,PRIVATEELC,316,2031,0.025
Cuba,PRIVATEELC,316,2032,0.025
Cuba,PRIVATEELC,316,2033,0.025
Cuba,PRIVATEELC,316,2034,0.025
Cuba,PRIVATEELC,316,2035,0.025
Cuba,PRIVATEELC,316,2036,0.025
Cuba,PRIVATEELC,316,2037,0.025
Cuba,PRIVATEELC,316,2038,0.025
Cuba,PRIVATEELC,316,2039,0.025
Cuba,PRIVATEELC,316,2040,0.025
Cuba,PRIVATEELC,316,2041,0.025
Cuba,PRIVATEELC,316,2042,0.025
Cuba,PRIVATEELC,316,2043,0.025
Cuba,PRIVATEELC,316,2044,0.025
Cuba,PRIVATEELC,316,2045,0.025
Cuba,PRIVATEELC,316,2046,0.025
Cuba,PRIVATEELC,316,2047,0.025
Cuba,PRIVATEELC,316,2048,0.025
Cuba,PRIVATEELC,316,2049,0.025
Cuba,PRIVATEELC,316,2050,0.025
Cuba,PRIVATEELC,316,2051,0.025
Cuba,PRIVATEELC,316,2052,0.025
Cuba,PRIVATEELC,316,2053,0.025
Cuba,PRIVATEELC,316,2054,0.025
Cuba,PRIVATEELC,316,2055,0.025
Cuba,PRIVATEELC,317,2019,0.016
Cuba,PRIVATEELC,317,2020,0.016
Cuba,PRIVATEELC,317,2021,0.016
Cuba,PRIVATEELC,317,2022,0.016
Cuba,PRIVATEELC,317,2023,0.016
Cuba,PRIVATEELC,317,2024,0.016
Cuba,PRIVATEELC,317,2025,0.016
Cuba,PRIVATEELC,317,2026,0.016
Cuba,PRIVATEELC,317,2027,0.016
Cuba,PRIVATEELC,317,2028,0.016
Cuba,PRIVATEELC,317,2029,0.016
Cuba,PRIVATEELC,317,2030,0.016
Cuba,PRIVATEELC,317,2031,0.016
Cuba,PRIVATEELC,317,2032,0.016
Cuba,PRIVATEELC,317,2033,0.016
Cuba,PRIVATEELC,317,2034,0.016
Cuba,PRIVATEELC,317,2035,0.016
Cuba,PRIVATEELC,317,2036,0.016
Cuba,PRIVATEELC,317,2037,0.016
Cuba,PRIVATEELC,317,2038,0.016
Cuba,PRIVATEELC,317,2039,0.016
Cuba,PRIVATEELC,317,2040,0.016
Cuba,PRIVATEELC,317,2041,0.016
Cuba,PRIVATEELC,317,2042,0.016
Cuba,PRIVATEELC,317,2043,0.016
Cuba,PRIVATEELC,317,2044,0.016
Cuba,PRIVATEELC,317,2045,0.016
Cuba,PRIVATEELC,317,2046,0.016
Cuba,PRIVATEELC,317,2047,0.016
Cuba,PRIVATEELC,317,2048,0.016
Cuba,PRIVATEELC,317,2049,0.016
Cuba,PRIVATEELC,317,2050,0.016
Cuba,PRIVATEELC,317,2051,0.016
Cuba,PRIVATEELC,317,2052,0.016
Cuba,PRIVATEELC,317,2053,0.016
Cuba,PRIVATEELC,317,2054,0.016
Cuba,PRIVATEELC,317,2055,0.016
Cuba,PRIVATEELC,318,2019,0.017
Cuba,PRIVATEELC,318,2020,0.017
Cuba,PRIVATEELC,318,2021,0.017
Cuba,PRIVATEELC,318,2022,0.017
Cuba,PRIVATEELC,318,2023,0.017
Cuba,PRIVATEELC,318,2024,0.017
Cuba,PRIVATEELC,318,2025,0.017
Cuba,PRIVATEELC,318,2026,0.017
Cuba,PRIVATEELC,318,2027,0.017
Cuba,PRIVATEELC,318,2028,0.017
Cuba,PRIVATEELC,318,2029,0.017
Cuba,PRIVATEELC,318,2030,0.017
Cuba,PRIVATEELC,318,2031,0.017
Cuba,PRIVATEELC,318,2032,0.017
Cuba,PRIVATEELC,318,2033,0.017
Cuba,PRIVATEELC,318,2034,0.017
Cuba,PRIVATEELC,318,2035,0.017
Cuba,PRIVATEELC,318,2036,0.017
Cuba,PRIVATEELC,318,2037,0.017
Cuba,PRIVATEELC,318,2038,0.017
Cuba,PRIVATEELC,318,2039,0.017
Cuba,PRIVATEELC,318,2040,0.017
Cuba,PRIVATEELC,318,2041,0.017
Cuba,PRIVATEELC,318,2042,0.017
Cuba,PRIVATEELC,318,2043,0.017
Cuba,PRIVATEELC,318,2044,0.017
Cuba,PRIVATEELC,318,2045,0.017
Cuba,PRIVATEELC,318,2046,0.017
Cuba,PRIVATEELC,318,2047,0.017
Cuba,PRIVATEELC,318,2048,0.017
Cuba,PRIVATEELC,318,2049,0.017
Cuba,PRIVATEELC,318,2050,0.017
Cuba,PRIVATEELC,318,2051,0.017
Cuba,PRIVATEELC,318,2052,0.017
Cuba,PRIVATEELC,318,2053,0.017
Cuba,PRIVATEELC,318,2054,0.017
Cuba,PRIVATEELC,318,2055,0.017
Cuba,PRIVATEELC,321,2019,0.017
Cuba,PRIVATEELC,321,2020,0.017
Cuba,PRIVATEELC,321,2021,0.017
Cuba,PRIVATEELC,321,2022,0.017
Cuba,PRIVATEELC,321,2023,0.017
Cuba,PRIVATEELC,321,2024,0.017
Cuba,PRIVATEELC,321,2025,0.017
Cuba,PRIVATEELC,321,2026,0.017
Cuba,PRIVATEELC,321,2027,0.017
Cuba,PRIVATEELC,321,2028,0.017
Cuba,PRIVATEELC,321,2029,0.017
Cuba,PRIVATEELC,321,2030,0.017
Cuba,PRIVATEELC,321,2031,0.017
Cuba,PRIVATEELC,321,2032,0.017
Cuba,PRIVATEELC,321,2033,0.017
Cuba,PRIVATEELC,321,2034,0.017
Cuba,PRIVATEELC,321,2035,0.017
Cuba,PRIVATEELC,321,2036,0.017
Cuba,PRIVATEELC,321,2037,0.017
Cuba,PRIVATEELC,321,2038,0.017
Cuba,PRIVATEELC,321,2039,0.017
Cuba,PRIVATEELC,321,2040,0.017
Cuba,PRIVATEELC,321,2041,0.017
Cuba,PRIVATEELC,321,2042,0.017
Cuba,PRIVATEELC,321,2043,0.017
Cuba,PRIVATEELC,321,2044,0.017
Cuba,PRIVATEELC,321,2045,0.017
Cuba,PRIVATEELC,321,2046,0.017
Cuba,PRIVATEELC,321,2047,0.017
Cuba,PRIVATEELC,321,2048,0.017
Cuba,PRIVATEELC,321,2049,0.017
Cuba,PRIVATEELC,321,2050,0.017
Cuba,PRIVATEELC,321,2051,0.017
Cuba,PRIVATEELC,321,2052,0.017
Cuba,PRIVATEELC,321,2053,0.017
Cuba,PRIVATEELC,321,2054,0.017
Cuba,PRIVATEELC,321,2055,0.017
Cuba,PRIVATEELC,322,2019,0.015
Cuba,PRIVATEELC,322,2020,0.015
Cuba,PRIVATEELC,322,2021,0.015
Cuba,PRIVATEELC,322,2022,0.015
Cuba,PRIVATEELC,322,2023,0.015
Cuba,PRIVATEELC,322,2024,0.015
Cuba,PRIVATEELC,322,2025,0.015
Cuba,PRIVATEELC,322,2026,0.015
Cuba,PRIVATEELC,322,2027,0.015
Cuba,PRIVATEELC,322,2028,0.015
Cuba,PRIVATEELC,322,2029,0.015
Cuba,PRIVATEELC,322,2030,0.015
Cuba,PRIVATEELC,322,2031,0.015
Cuba,PRIVATEELC,322,2032,0.015
Cuba,PRIVATEELC,322,2033,0.015
Cuba,PRIVATEELC,322,2034,0.015
Cuba,PRIVATEELC,322,2035,0.015
Cuba,PRIVATEELC,322,2036,0.015
Cuba,PRIVATEELC,322,2037,0.015
Cuba,PRIVATEELC,322,2038,0.015
Cuba,PRIVATEELC,322,2039,0.015
Cuba,PRIVATEELC,322,2040,0.015
Cuba,PRIVATEELC,322,2041,0.015
Cuba,PRIVATEELC,322,2042,0.015
Cuba,PRIVATEELC,322,2043,0.015
Cuba,PRIVATEELC,322,2044,0.015
Cuba,PRIVATEELC,322,2045,0.015
Cuba,PRIVATEELC,322,2046,0.015
Cuba,PRIVATEELC,322,2047,0.015
Cuba,PRIVATEELC,322,2048,0.015
Cuba,PRIVATEELC,322,2049,0.015
Cuba,PRIVATEELC,322,2050,0.015
Cuba,PRIVATEELC,322,2051,0.015
Cuba,PRIVATEELC,322,2052,0.015
Cuba,PRIVATEELC,322,2053,0.015
Cuba,PRIVATEELC,322,2054,0.015
Cuba,PRIVATEELC,322,2055,0.015
Cuba,PRIVATEELC,323,2019,0.006
Cuba,PRIVATEELC,323,2020,0.006
Cuba,PRIVATEELC,323,2021,0.006
Cuba,PRIVATEELC,323,2022,0.006
Cuba,PRIVATEELC,323,2023,0.006
Cuba,PRIVATEELC,323,2024,0.006
Cuba,PRIVATEELC,323,2025,0.006
Cuba,PRIVATEELC,323,2026,0.006
Cuba,PRIVATEELC,323,2027,0.006
Cuba,PRIVATEELC,323,2028,0.006
Cuba,PRIVATEELC,323,2029,0.006
Cuba,PRIVATEELC,323,2030,0.006
Cuba,PRIVATEELC,323,2031,0.006
Cuba,PRIVATEELC,323,2032,0.006
Cuba,PRIVATEELC,323,2033,0.006
Cuba,PRIVATEELC,323,2034,0.006
Cuba,PRIVATEELC,323,2035,0.006
Cuba,PRIVATEELC,323,2036,0.006
Cuba,PRIVATEELC,323,2037,0.006
Cuba,PRIVATEELC,323,2038,0.006
Cuba,PRIVATEELC,323,2039,0.006
Cuba,PRIVATEELC,323,2040,0.006
Cuba,PRIVATEELC,323,2041,0.006
Cuba,PRIVATEELC,323,2042,0.006
Cuba,PRIVATEELC,323,2043,0.006
Cuba,PRIVATEELC,323,2044,0.006
Cuba,PRIVATEELC,323,2045,0.006
Cuba,PRIVATEELC,323,2046,0.006
Cuba,PRIVATEELC,323,2047,0.006
Cuba,PRIVATEELC,323,2048,0.006
Cuba,PRIVATEELC,323,2049,0.006
Cuba,PRIVATEELC,323,2050,0.006
Cuba,PRIVATEELC,323,2051,0.006
Cuba,PRIVATEELC,323,2052,0.006
Cuba,PRIVATEELC,323,2053,0.006
Cuba,PRIVATEELC,323,2054,0.006
Cuba,PRIVATEELC,323,2055,0.006
Cuba,PRIVATEELC,324,2019,0.009
Cuba,PRIVATEELC,324,2020,0.009
Cuba,PRIVATEELC,324,2021,0.009
Cuba,PRIVATEELC,324,2022,0.009
Cuba,PRIVATEELC,324,2023,0.009
Cuba,PRIVATEELC,324,2024,0.009
Cuba,PRIVATEELC,324,2025,0.009
Cuba,PRIVATEELC,324,2026,0.009
Cuba,PRIVATEELC,324,2027,0.009
Cuba,PRIVATEELC,324,2028,0.009
Cuba,PRIVATEELC,324,2029,0.009
Cuba,PRIVATEELC,324,2030,0.009
Cuba,PRIVATEELC,324,2031,0.009
Cuba,PRIVATEELC,324,2032,0.009
Cuba,PRIVATEELC,324,2033,0.009
Cuba,PRIVATEELC,324,2034,0.009
Cuba,PRIVATEELC,324,2035,0.009
Cuba,PRIVATEELC,324,2036,0.009
Cuba,PRIVATEELC,324,2037,0.009
Cuba,PRIVATEELC,324,2038,0.009
Cuba,PRIVATEELC,324,2039,0.009
Cuba,PRIVATEELC,324,2040,0.009
Cuba,PRIVATEELC,324,2041,0.009
Cuba,PRIVATEELC,324,2042,0.009
Cuba,PRIVATEELC,324,2043,0.009
Cuba,PRIVATEELC,324,2044,0.009
Cuba,PRIVATEELC,324,2045,0.009
Cuba,PRIVATEELC,324,2046,0.009
Cuba,PRIVATEELC,324,2047,0.009
Cuba,PRIVATEELC,324,2048,0.009
Cuba,PRIVATEELC,324,2049,0.009
Cuba,PRIVATEELC,324,2050,0.009
Cuba,PRIVATEELC,324,2051,0.009
Cuba,PRIVATEELC,324,2052,0.009
Cuba,PRIVATEELC,324,2053,0.009
Cuba,PRIVATEELC,324,2054,0.009
Cuba,PRIVATEELC,324,2055,0.009
Cuba,PRIVATEELC,325,2019,0.007
Cuba,PRIVATEELC,325,2020,0.007
Cuba,PRIVATEELC,325,2021,0.007
Cuba,PRIVATEELC,325,2022,0.007
Cuba,PRIVATEELC,325,2023,0.007
Cuba,PRIVATEELC,325,2024,0.007
Cuba,PRIVATEELC,325,2025,0.007
Cuba,PRIVATEELC,325,2026,0.007
Cuba,PRIVATEELC,325,2027,0.007
Cuba,PRIVATEELC,325,2028,0.007
Cuba,PRIVATEELC,325,2029,0.007
Cuba,PRIVATEELC,325,2030,0.007
Cuba,PRIVATEELC,325,2031,0.007
Cuba,PRIVATEELC,325,2032,0.007
Cuba,PRIVATEELC,325,2033,0.007
Cuba,PRIVATEELC,325,2034,0.007
Cuba,PRIVATEELC,325,2035,0.007
Cuba,PRIVATEELC,325,2036,0.007
Cuba,PRIVATEELC,325,2037,0.007
Cuba,PRIVATEELC,325,2038,0.007
Cuba,PRIVATEELC,325,2039,0.007
Cuba,PRIVATEELC,325,2040,0.007
Cuba,PRIVATEELC,325,2041,0.007
Cuba,PRIVATEELC,325,2042,0.007
Cuba,PRIVATEELC,325,2043,0.007
Cuba,PRIVATEELC,325,2044,0.007
Cuba,PRIVATEELC,325,2045,0.007
Cuba,PRIVATEELC,325,2046,0.007
Cuba,PRIVATEELC,325,2047,0.007
Cuba,PRIVATEELC,325,2048,0.007
Cuba,PRIVATEELC,325,2049,0.007
Cuba,PRIVATEELC,325,2050,0.007
Cuba,PRIVATEELC,325,2051,0.007
Cuba,PRIVATEELC,325,2052,0.007
Cuba,PRIVATEELC,325,2053,0.007
Cuba,PRIVATEELC,325,2054,0.007
Cuba,PRIVATEELC,325,2055,0.007
Cuba,PRIVATEELC,326,2019,0.01
Cuba,PRIVATEELC,326,2020,0.01
Cuba,PRIVATEELC,326,2021,0.01
Cuba,PRIVATEELC,326,2022,0.01
Cuba,PRIVATEELC,326,2023,0.01
Cuba,PRIVATEELC,326,2024,0.01
Cuba,PRIVATEELC,326,2025,0.01
Cuba,PRIVATEELC,326,2026,0.01
Cuba,PRIVATEELC,326,2027,0.01
Cuba,PRIVATEELC,326,2028,0.01
Cuba,PRIVATEELC,326,2029,0.01
Cuba,PRIVATEELC,326,2030,0.01
Cuba,PRIVATEELC,326,2031,0.01
Cuba,PRIVATEELC,326,2032,0.01
Cuba,PRIVATEELC,326,2033,0.01
Cuba,PRIVATEELC,326,2034,0.01
Cuba,PRIVATEELC,326,2035,0.01
Cuba,PRIVATEELC,326,2036,0.01
Cuba,PRIVATEELC,326,2037,0.01
Cuba,PRIVATEELC,326,2038,0.01
Cuba,PRIVATEELC,326,2039,0.01
Cuba,PRIVATEELC,326,2040,0.01
Cuba,PRIVATEELC,326,2041,0.01
Cuba,PRIVATEELC,326,2042,0.01
Cuba,PRIVATEELC,326,2043,0.01
Cuba,PRIVATEELC,326,2044,0.01
Cuba,PRIVATEELC,326,2045,0.01
Cuba,PRIVATEELC,326,2046,0.01
Cuba,PRIVATEELC,326,2047,0.01
Cuba,PRIVATEELC,326,2048,0.01
Cuba,PRIVATEELC,326,2049,0.01
Cuba,PRIVATEELC,326,2050,0.01
Cuba,PRIVATEELC,326,2051,0.01
Cuba,PRIVATEELC,326,2052,0.01
Cuba,PRIVATEELC,326,2053,0.01
Cuba,PRIVATEELC,326,2054,0.01
Cuba,PRIVATEELC,326,2055,0.01
Cuba,PRIVATEELC,327,2019,0.006
Cuba,PRIVATEELC,327,2020,0.006
Cuba,PRIVATEELC,327,2021,0.006
Cuba,PRIVATEELC,327,2022,0.006
Cuba,PRIVATEELC,327,2023,0.006
Cuba,PRIVATEELC,327,2024,0.006
Cuba,PRIVATEELC,327,2025,0.006
Cuba,PRIVATEELC,327,2026,0.006
Cuba,PRIVATEELC,327,2027,0.006
Cuba,PRIVATEELC,327,2028,0.006
Cuba,PRIVATEELC,327,2029,0.006
Cuba,PRIVATEELC,327,2030,0.006
Cuba,PRIVATEELC,327,2031,0.006
Cuba,PRIVATEELC,327,2032,0.006
Cuba,PRIVATEELC,327,2033,0.006
Cuba,PRIVATEELC,327,2034,0.006
Cuba,PRIVATEELC,327,2035,0.006
Cuba,PRIVATEELC,327,2036,0.006
Cuba,PRIVATEELC,327,2037,0.006
Cuba,PRIVATEELC,327,2038,0.006
Cuba,PRIVATEELC,327,2039,0.006
Cuba,PRIVATEELC,327,2040,0.006
Cuba,PRIVATEELC,327,2041,0.006
Cuba,PRIVATEELC,327,2042,0.006
Cuba,PRIVATEELC,327,2043,0.006
Cuba,PRIVATEELC,327,2044,0.006
Cuba,PRIVATEELC,327,2045,0.006
Cuba,PRIVATEELC,327,2046,0.006
Cuba,PRIVATEELC,327,2047,0.006
Cuba,PRIVATEELC,327,2048,0.006
Cuba,PRIVATEELC,327,2049,0.006
Cuba,PRIVATEELC,327,2050,0.006
Cuba,PRIVATEELC,327,2051,0.006
Cuba,PRIVATEELC,327,2052,0.006
Cuba,PRIVATEELC,327,2053,0.006
Cuba,PRIVATEELC,327,2054,0.006
Cuba,PRIVATEELC,327,2055,0.006
Cuba,PRIVATEELC,328,2019,0.007
Cuba,PRIVATEELC,328,2020,0.007
Cuba,PRIVATEELC,328,2021,0.007
Cuba,PRIVATEELC,328,2022,0.007
Cuba,PRIVATEELC,328,2023,0.007
Cuba,PRIVATEELC,328,2024,0.007
Cuba,PRIVATEELC,328,2025,0.007
Cuba,PRIVATEELC,328,2026,0.007
Cuba,PRIVATEELC,328,2027,0.007
Cuba,PRIVATEELC,328,2028,0.007
Cuba,PRIVATEELC,328,2029,0.007
Cuba,PRIVATEELC,328,2030,0.007
Cuba,PRIVATEELC,328,2031,0.007
Cuba,PRIVATEELC,328,2032,0.007
Cuba,PRIVATEELC,328,2033,0.007
Cuba,PRIVATEELC,328,2034,0.007
Cuba,PRIVATEELC,328,2035,0.007
Cuba,PRIVATEELC,328,2036,0.007
Cuba,PRIVATEELC,328,2037,0.007
Cuba,PRIVATEELC,328,2038,0.007
Cuba,PRIVATEELC,328,2039,0.007
Cuba,PRIVATEELC,328,2040,0.007
Cuba,PRIVATEELC,328,2041,0.007
Cuba,PRIVATEELC,328,2042,0.007
Cuba,PRIVATEELC,328,2043,0.007
Cuba,PRIVATEELC,328,2044,0.007
Cuba,PRIVATEELC,328,2045,0.007
Cuba,PRIVATEELC,328,2046,0.007
Cuba,PRIVATEELC,328,2047,0.007
Cuba,PRIVATEELC,328,2048,0.007
Cuba,PRIVATEELC,328,2049,0.007
Cuba,PRIVATEELC,328,2050,0.007
Cuba,PRIVATEELC,328,2051,0.007
Cuba,PRIVATEELC,328,2052,0.007
Cuba,PRIVATEELC,328,2053,0.007
Cuba,PRIVATEELC,328,2054,0.007
Cuba,PRIVATEELC,328,2055,0.007
Cuba,PRIVATEELC,411,2019,0.038
Cuba,PRIVATEELC,411,2020,0.038
Cuba,PRIVATEELC,411,2021,0.038
Cuba,PRIVATEELC,411,2022,0.038
Cuba,PRIVATEELC,411,2023,0.038
Cuba,PRIVATEELC,411,2024,0.038
Cuba,PRIVATEELC,411,2025,0.038
Cuba,PRIVATEELC,411,2026,0.038
Cuba,PRIVATEELC,411,2027,0.038
Cuba,PRIVATEELC,411,2028,0.038
Cuba,PRIVATEELC,411,2029,0.038
Cuba,PRIVATEELC,411,2030,0.038
Cuba,PRIVATEELC,411,2031,0.038
Cuba,PRIVATEELC,411,2032,0.038
Cuba,PRIVATEELC,411,2033,0.038
Cuba,PRIVATEELC,411,2034,0.038
Cuba,PRIVATEELC,411,2035,0.038
Cuba,PRIVATEELC,411,2036,0.038
Cuba,PRIVATEELC,411,2037,0.038
Cuba,PRIVATEELC,411,2038,0.038
Cuba,PRIVATEELC,411,2039,0.038
Cuba,PRIVATEELC,411,2040,0.038
Cuba,PRIVATEELC,411,2041,0.038
Cuba,PRIVATEELC,411,2042,0.038
Cuba,PRIVATEELC,411,2043,0.038
Cuba,PRIVATEELC,411,2044,0.038
Cuba,PRIVATEELC,411,2045,0.038
Cuba,PRIVATEELC,411,2046,0.038
Cuba,PRIVATEELC,411,2047,0.038
Cuba,PRIVATEELC,411,2048,0.038
Cuba,PRIVATEELC,411,2049,0.038
Cuba,PRIVATEELC,411,2050,0.038
Cuba,PRIVATEELC,411,2051,0.038
Cuba,PRIVATEELC,411,2052,0.038
Cuba,PRIVATEELC,411,2053,0.038
Cuba,PRIVATEELC,411,2054,0.038
Cuba,PRIVATEELC,411,2055,0.038
Cuba,PRIVATEELC,412,2019,0.033
Cuba,PRIVATEELC,412,2020,0.033
Cuba,PRIVATEELC,412,2021,0.033
Cuba,PRIVATEELC,412,2022,0.033
Cuba,PRIVATEELC,412,2023,0.033
Cuba,PRIVATEELC,412,2024,0.033
Cuba,PRIVATEELC,412,2025,0.033
Cuba,PRIVATEELC,412,2026,0.033
Cuba,PRIVATEELC,412,2027,0.033
Cuba,PRIVATEELC,412,2028,0.033
Cuba,PRIVATEELC,412,2029,0.033
Cuba,PRIVATEELC,412,2030,0.033
Cuba,PRIVATEELC,412,2031,0.033
Cuba,PRIVATEELC,412,2032,0.033
Cuba,PRIVATEELC,412,2033,0.033
Cuba,PRIVATEELC,412,2034,0.033
Cuba,PRIVATEELC,412,2035,0.033
Cuba,PRIVATEELC,412,2036,0.033
Cuba,PRIVATEELC,412,2037,0.033
Cuba,PRIVATEELC,412,2038,0.033
Cuba,PRIVATEELC,412,2039,0.033
Cuba,PRIVATEELC,412,2040,0.033
Cuba,PRIVATEELC,412,2041,0.033
Cuba,PRIVATEELC,412,2042,0.033
Cuba,PRIVATEELC,412,2043,0.033
Cuba,PRIVATEELC,412,2044,0.033
Cuba,PRIVATEELC,412,2045,0.033
Cuba,PRIVATEELC,412,2046,0.033
Cuba,PRIVATEELC,412,2047,0.033
Cuba,PRIVATEELC,412,2048,0.033
Cuba,PRIVATEELC,412,2049,0.033
Cuba,PRIVATEELC,412,2050,0.033
Cuba,PRIVATEELC,412,2051,0.033
Cuba,PRIVATEELC,412,2052,0.033
Cuba,PRIVATEELC,412,2053,0.033
Cuba,PRIVATEELC,412,2054,0.033
Cuba,PRIVATEELC,412,2055,0.033
Cuba,PRIVATEELC,413,2019,0.014
Cuba,PRIVATEELC,413,2020,0.014
Cuba,PRIVATEELC,413,2021,0.014
Cuba,PRIVATEELC,413,2022,0.014
Cuba,PRIVATEELC,413,2023,0.014
Cuba,PRIVATEELC,413,2024,0.014
Cuba,PRIVATEELC,413,2025,0.014
Cuba,PRIVATEELC,413,2026,0.014
Cuba,PRIVATEELC,413,2027,0.014
Cuba,PRIVATEELC,413,2028,0.014
Cuba,PRIVATEELC,413,2029,0.014
Cuba,PRIVATEELC,413,2030,0.014
Cuba,PRIVATEELC,413,2031,0.014
Cuba,PRIVATEELC,413,2032,0.014
Cuba,PRIVATEELC,413,2033,0.014
Cuba,PRIVATEELC,413,2034,0.014
Cuba,PRIVATEELC,413,2035,0.014
Cuba,PRIVATEELC,413,2036,0.014
Cuba,PRIVATEELC,413,2037,0.014
Cuba,PRIVATEELC,413,2038,0.014
Cuba,PRIVATEELC,413,2039,0.014
Cuba,PRIVATEELC,413,2040,0.014
Cuba,PRIVATEELC,413,2041,0.014
Cuba,PRIVATEELC,413,2042,0.014
Cuba,PRIVATEELC,413,2043,0.014
Cuba,PRIVATEELC,413,2044,0.014
Cuba,PRIVATEELC,413,2045,0.014
Cuba,PRIVATEELC,413,2046,0.014
Cuba,PRIVATEELC,413,2047,0.014
Cuba,PRIVATEELC,413,2048,0.014
Cuba,PRIVATEELC,413,2049,0.014
Cuba,PRIVATEELC,413,2050,0.014
Cuba,PRIVATEELC,413,2051,0.014
Cuba,PRIVATEELC,413,2052,0.014
Cuba,PRIVATEELC,413,2053,0.014
Cuba,PRIVATEELC,413,2054,0.014
Cuba,PRIVATEELC,413,2055,0.014
Cuba,PRIVATEELC,414,2019,0.022
Cuba,PRIVATEELC,414,2020,0.022
Cuba,PRIVATEELC,414,2021,0.022
Cuba,PRIVATEELC,414,2022,0.022
Cuba,PRIVATEELC,414,2023,0.022
Cuba,PRIVATEELC,414,2024,0.022
Cuba,PRIVATEELC,414,2025,0.022
Cuba,PRIVATEELC,414,2026,0.022
Cuba,PRIVATEELC,414,2027,0.022
Cuba,PRIVATEELC,414,2028,0.022
Cuba,PRIVATEELC,414,2029,0.022
Cuba,PRIVATEELC,414,2030,0.022
Cuba,PRIVATEELC,414,2031,0.022
Cuba,PRIVATEELC,414,2032,0.022
Cuba,PRIVATEELC,414,2033,0.022
Cuba,PRIVATEELC,414,2034,0.022
Cuba,PRIVATEELC,414,2035,0.022
Cuba,PRIVATEELC,414,2036,0.022
Cuba,PRIVATEELC,414,2037,0.022
Cuba,PRIVATEELC,414,2038,0.022
Cuba,PRIVATEELC,414,2039,0.022
Cuba,PRIVATEELC,414,2040,0.022
Cuba,PRIVATEELC,414,2041,0.022
Cuba,PRIVATEELC,414,2042,0.022
Cuba,PRIVATEELC,414,2043,0.022
Cuba,PRIVATEELC,414,2044,0.022
Cuba,PRIVATEELC,414,2045,0.022
Cuba,PRIVATEELC,414,2046,0.022
Cuba,PRIVATEELC,414,2047,0.022
Cuba,PRIVATEELC,414,2048,0.022
Cuba,PRIVATEELC,414,2049,0.022
Cuba,PRIVATEELC,414,2050,0.022
Cuba,PRIVATEELC,414,2051,0.022
Cuba,PRIVATEELC,414,2052,0.022
Cuba,PRIVATEELC,414,2053,0.022
Cuba,PRIVATEELC,414,2054,0.022
Cuba,PRIVATEELC,414,2055,0.022
Cuba,PRIVATEELC,415,2019,0.016
Cuba,PRIVATEELC,415,2020,0.016
Cuba,PRIVATEELC,415,2021,0.016
Cuba,PRIVATEELC,415,2022,0.016
Cuba,PRIVATEELC,415,2023,0.016
Cuba,PRIVATEELC,415,2024,0.016
Cuba,PRIVATEELC,415,2025,0.016
Cuba,PRIVATEELC,415,2026,0.016
Cuba,PRIVATEELC,415,2027,0.016
Cuba,PRIVATEELC,415,2028,0.016
Cuba,PRIVATEELC,415,2029,0.016
Cuba,PRIVATEELC,415,2030,0.016
Cuba,PRIVATEELC,415,2031,0.016
Cuba,PRIVATEELC,415,2032,0.016
Cuba,PRIVATEELC,415,2033,0.016
Cuba,PRIVATEELC,415,2034,0.016
Cuba,PRIVATEELC,415,2035,0.016
Cuba,PRIVATEELC,415,2036,0.016
Cuba,PRIVATEELC,415,2037,0.016
Cuba,PRIVATEELC,415,2038,0.016
Cuba,PRIVATEELC,415,2039,0.016
Cuba,PRIVATEELC,415,2040,0.016
Cuba,PRIVATEELC,415,2041,0.016
Cuba,PRIVATEELC,415,2042,0.016
Cuba,PRIVATEELC,415,2043,0.016
Cuba,PRIVATEELC,415,2044,0.016
Cuba,PRIVATEELC,415,2045,0.016
Cuba,PRIVATEELC,415,2046,0.016
Cuba,PRIVATEELC,415,2047,0.016
Cuba,PRIVATEELC,415,2048,0.016
Cuba,PRIVATEELC,415,2049,0.016
Cuba,PRIVATEELC,415,2050,0.016
Cuba,PRIVATEELC,415,2051,0.016
Cuba,PRIVATEELC,415,2052,0.016
Cuba,PRIVATEELC,415,2053,0.016
Cuba,PRIVATEELC,415,2054,0.016
Cuba,PRIVATEELC,415,2055,0.016
Cuba,PRIVATEELC,416,2019,0.022
Cuba,PRIVATEELC,416,2020,0.022
Cuba,PRIVATEELC,416,2021,0.022
Cuba,PRIVATEELC,416,2022,0.022
Cuba,PRIVATEELC,416,2023,0.022
Cuba,PRIVATEELC,416,2024,0.022
Cuba,PRIVATEELC,416,2025,0.022
Cuba,PRIVATEELC,416,2026,0.022
Cuba,PRIVATEELC,416,2027,0.022
Cuba,PRIVATEELC,416,2028,0.022
Cuba,PRIVATEELC,416,2029,0.022
Cuba,PRIVATEELC,416,2030,0.022
Cuba,PRIVATEELC,416,2031,0.022
Cuba,PRIVATEELC,416,2032,0.022
Cuba,PRIVATEELC,416,2033,0.022
Cuba,PRIVATEELC,416,2034,0.022
Cuba,PRIVATEELC,416,2035,0.022
Cuba,PRIVATEELC,416,2036,0.022
Cuba,PRIVATEELC,416,2037,0.022
Cuba,PRIVATEELC,416,2038,0.022
Cuba,PRIVATEELC,416,2039,0.022
Cuba,PRIVATEELC,416,2040,0.022
Cuba,PRIVATEELC,416,2041,0.022
Cuba,PRIVATEELC,416,2042,0.022
Cuba,PRIVATEELC,416,2043,0.022
Cuba,PRIVATEELC,416,2044,0.022
Cuba,PRIVATEELC,416,2045,0.022
Cuba,PRIVATEELC,416,2046,0.022
Cuba,PRIVATEELC,416,2047,0.022
Cuba,PRIVATEELC,416,2048,0.022
Cuba,PRIVATEELC,416,2049,0.022
Cuba,PRIVATEELC,416,2050,0.022
Cuba,PRIVATEELC,416,2051,0.022
Cuba,PRIVATEELC,416,2052,0.022
Cuba,PRIVATEELC,416,2053,0.022
Cuba,PRIVATEELC,416,2054,0.022
Cuba,PRIVATEELC,416,2055,0.022
Cuba,PRIVATEELC,417,2019,0.015
Cuba,PRIVATEELC,417,2020,0.015
Cuba,PRIVATEELC,417,2021,0.015
Cuba,PRIVATEELC,417,2022,0.015
Cuba,PRIVATEELC,417,2023,0.015
Cuba,PRIVATEELC,417,2024,0.015
Cuba,PRIVATEELC,417,2025,0.015
Cuba,PRIVATEELC,417,2026,0.015
Cuba,PRIVATEELC,417,2027,0.015
Cuba,PRIVATEELC,417,2028,0.015
Cuba,PRIVATEELC,417,2029,0.015
Cuba,PRIVATEELC,417,2030,0.015
Cuba,PRIVATEELC,417,2031,0.015
Cuba,PRIVATEELC,417,2032,0.015
Cuba,PRIVATEELC,417,2033,0.015
Cuba,PRIVATEELC,417,2034,0.015
Cuba,PRIVATEELC,417,2035,0.015
Cuba,PRIVATEELC,417,2036,0.015
Cuba,PRIVATEELC,417,2037,0.015
Cuba,PRIVATEELC,417,2038,0.015
Cuba,PRIVATEELC,417,2039,0.015
Cuba,PRIVATEELC,417,2040,0.015
Cuba,PRIVATEELC,417,2041,0.015
Cuba,PRIVATEELC,417,2042,0.015
Cuba,PRIVATEELC,417,2043,0.015
Cuba,PRIVATEELC,417,2044,0.015
Cuba,PRIVATEELC,417,2045,0.015
Cuba,PRIVATEELC,417,2046,0.015
Cuba,PRIVATEELC,417,2047,0.015
Cuba,PRIVATEELC,417,2048,0.015
Cuba,PRIVATEELC,417,2049,0.015
Cuba,PRIVATEELC,417,2050,0.015
Cuba,PRIVATEELC,417,2051,0.015
Cuba,PRIVATEELC,417,2052,0.015
Cuba,PRIVATEELC,417,2053,0.015
Cuba,PRIVATEELC,417,2054,0.015
Cuba,PRIVATEELC,417,2055,0.015
Cuba,PRIVATEELC,418,2019,0.017
Cuba,PRIVATEELC,418,2020,0.017
Cuba,PRIVATEELC,418,2021,0.017
Cuba,PRIVATEELC,418,2022,0.017
Cuba,PRIVATEELC,418,2023,0.017
Cuba,PRIVATEELC,418,2024,0.017
Cuba,PRIVATEELC,418,2025,0.017
Cuba,PRIVATEELC,418,2026,0.017
Cuba,PRIVATEELC,418,2027,0.017
Cuba,PRIVATEELC,418,2028,0.017
Cuba,PRIVATEELC,418,2029,0.017
Cuba,PRIVATEELC,418,2030,0.017
Cuba,PRIVATEELC,418,2031,0.017
Cuba,PRIVATEELC,418,2032,0.017
Cuba,PRIVATEELC,418,2033,0.017
Cuba,PRIVATEELC,418,2034,0.017
Cuba,PRIVATEELC,418,2035,0.017
Cuba,PRIVATEELC,418,2036,0.017
Cuba,PRIVATEELC,418,2037,0.017
Cuba,PRIVATEELC,418,2038,0.017
Cuba,PRIVATEELC,418,2039,0.017
Cuba,PRIVATEELC,418,2040,0.017
Cuba,PRIVATEELC,418,2041,0.017
Cuba,PRIVATEELC,418,2042,0.017
Cuba,PRIVATEELC,418,2043,0.017
Cuba,PRIVATEELC,418,2044,0.017
Cuba,PRIVATEELC,418,2045,0.017
Cuba,PRIVATEELC,418,2046,0.017
Cuba,PRIVATEELC,418,2047,0.017
Cuba,PRIVATEELC,418,2048,0.017
Cuba,PRIVATEELC,418,2049,0.017
Cuba,PRIVATEELC,418,2050,0.017
Cuba,PRIVATEELC,418,2051,0.017
Cuba,PRIVATEELC,418,2052,0.017
Cuba,PRIVATEELC,418,2053,0.017
Cuba,PRIVATEELC,418,2054,0.017
Cuba,PRIVATEELC,418,2055,0.017
Cuba,PRIVATEELC,421,2019,0.015
Cuba,PRIVATEELC,421,2020,0.015
Cuba,PRIVATEELC,421,2021,0.015
Cuba,PRIVATEELC,421,2022,0.015
Cuba,PRIVATEELC,421,2023,0.015
Cuba,PRIVATEELC,421,2024,0.015
Cuba,PRIVATEELC,421,2025,0.015
Cuba,PRIVATEELC,421,2026,0.015
Cuba,PRIVATEELC,421,2027,0.015
Cuba,PRIVATEELC,421,2028,0.015
Cuba,PRIVATEELC,421,2029,0.015
Cuba,PRIVATEELC,421,2030,0.015
Cuba,PRIVATEELC,421,2031,0.015
Cuba,PRIVATEELC,421,2032,0.015
Cuba,PRIVATEELC,421,2033,0.015
Cuba,PRIVATEELC,421,2034,0.015
Cuba,PRIVATEELC,421,2035,0.015
Cuba,PRIVATEELC,421,2036,0.015
Cuba,PRIVATEELC,421,2037,0.015
Cuba,PRIVATEELC,421,2038,0.015
Cuba,PRIVATEELC,421,2039,0.015
Cuba,PRIVATEELC,421,2040,0.015
Cuba,PRIVATEELC,421,2041,0.015
Cuba,PRIVATEELC,421,2042,0.015
Cuba,PRIVATEELC,421,2043,0.015
Cuba,PRIVATEELC,421,2044,0.015
Cuba,PRIVATEELC,421,2045,0.015
Cuba,PRIVATEELC,421,2046,0.015
Cuba,PRIVATEELC,421,2047,0.015
Cuba,PRIVATEELC,421,2048,0.015
Cuba,PRIVATEELC,421,2049,0.015
Cuba,PRIVATEELC,421,2050,0.015
Cuba,PRIVATEELC,421,2051,0.015
Cuba,PRIVATEELC,421,2052,0.015
Cuba,PRIVATEELC,421,2053,0.015
Cuba,PRIVATEELC,421,2054,0.015
Cuba,PRIVATEELC,421,2055,0.015
Cuba,PRIVATEELC,422,2019,0.013
Cuba,PRIVATEELC,422,2020,0.013
Cuba,PRIVATEELC,422,2021,0.013
Cuba,PRIVATEELC,422,2022,0.013
Cuba,PRIVATEELC,422,2023,0.013
Cuba,PRIVATEELC,422,2024,0.013
Cuba,PRIVATEELC,422,2025,0.013
Cuba,PRIVATEELC,422,2026,0.013
Cuba,PRIVATEELC,422,2027,0.013
Cuba,PRIVATEELC,422,2028,0.013
Cuba,PRIVATEELC,422,2029,0.013
Cuba,PRIVATEELC,422,2030,0.013
Cuba,PRIVATEELC,422,2031,0.013
Cuba,PRIVATEELC,422,2032,0.013
Cuba,PRIVATEELC,422,2033,0.013
Cuba,PRIVATEELC,422,2034,0.013
Cuba,PRIVATEELC,422,2035,0.013
Cuba,PRIVATEELC,422,2036,0.013
Cuba,PRIVATEELC,422,2037,0.013
Cuba,PRIVATEELC,422,2038,0.013
Cuba,PRIVATEELC,422,2039,0.013
Cuba,PRIVATEELC,422,2040,0.013
Cuba,PRIVATEELC,422,2041,0.013
Cuba,PRIVATEELC,422,2042,0.013
Cuba,PRIVATEELC,422,2043,0.013
Cuba,PRIVATEELC,422,2044,0.013
Cuba,PRIVATEELC,422,2045,0.013
Cuba,PRIVATEELC,422,2046,0.013
Cuba,PRIVATEELC,422,2047,0.013
Cuba,PRIVATEELC,422,2048,0.013
Cuba,PRIVATEELC,422,2049,0.013
Cuba,PRIVATEELC,422,2050,0.013
Cuba,PRIVATEELC,422,2051,0.013
Cuba,PRIVATEELC,422,2052,0.013
Cuba,PRIVATEELC,422,2053,0.013
Cuba,PRIVATEELC,422,2054,0.013
Cuba,PRIVATEELC,422,2055,0.013
Cuba,PRIVATEELC,423,2019,0.006
Cuba,PRIVATEELC,423,2020,0.006
Cuba,PRIVATEELC,423,2021,0.006
Cuba,PRIVATEELC,423,2022,0.006
Cuba,PRIVATEELC,423,2023,0.006
Cuba,PRIVATEELC,423,2024,0.006
Cuba,PRIVATEELC,423,2025,0.006
Cuba,PRIVATEELC,423,2026,0.006
Cuba,PRIVATEELC,423,2027,0.006
Cuba,PRIVATEELC,423,2028,0.006
Cuba,PRIVATEELC,423,2029,0.006
Cuba,PRIVATEELC,423,2030,0.006
Cuba,PRIVATEELC,423,2031,0.006
Cuba,PRIVATEELC,423,2032,0.006
Cuba,PRIVATEELC,423,2033,0.006
Cuba,PRIVATEELC,423,2034,0.006
Cuba,PRIVATEELC,423,2035,0.006
Cuba,PRIVATEELC,423,2036,0.006
Cuba,PRIVATEELC,423,2037,0.006
Cuba,PRIVATEELC,423,2038,0.006
Cuba,PRIVATEELC,423,2039,0.006
Cuba,PRIVATEELC,423,2040,0.006
Cuba,PRIVATEELC,423,2041,0.006
Cuba,PRIVATEELC,423,2042,0.006
Cuba,PRIVATEELC,423,2043,0.006
Cuba,PRIVATEELC,423,2044,0.006
Cuba,PRIVATEELC,423,2045,0.006
Cuba,PRIVATEELC,423,2046,0.006
Cuba,PRIVATEELC,423,2047,0.006
Cuba,PRIVATEELC,423,2048,0.006
Cuba,PRIVATEELC,423,2049,0.006
Cuba,PRIVATEELC,423,2050,0.006
Cuba,PRIVATEELC,423,2051,0.006
Cuba,PRIVATEELC,423,2052,0.006
Cuba,PRIVATEELC,423,2053,0.006
Cuba,PRIVATEELC,423,2054,0.006
Cuba,PRIVATEELC,423,2055,0.006
Cuba,PRIVATEELC,424,2019,0.008
Cuba,PRIVATEELC,424,2020,0.008
Cuba,PRIVATEELC,424,2021,0.008
Cuba,PRIVATEELC,424,2022,0.008
Cuba,PRIVATEELC,424,2023,0.008
Cuba,PRIVATEELC,424,2024,0.008
Cuba,PRIVATEELC,424,2025,0.008
Cuba,PRIVATEELC,424,2026,0.008
Cuba,PRIVATEELC,424,2027,0.008
Cuba,PRIVATEELC,424,2028,0.008
Cuba,PRIVATEELC,424,2029,0.008
Cuba,PRIVATEELC,424,2030,0.008
Cuba,PRIVATEELC,424,2031,0.008
Cuba,PRIVATEELC,424,2032,0.008
Cuba,PRIVATEELC,424,2033,0.008
Cuba,PRIVATEELC,424,2034,0.008
Cuba,PRIVATEELC,424,2035,0.008
Cuba,PRIVATEELC,424,2036,0.008
Cuba,PRIVATEELC,424,2037,0.008
Cuba,PRIVATEELC,424,2038,0.008
Cuba,PRIVATEELC,424,2039,0.008
Cuba,PRIVATEELC,424,2040,0.008
Cuba,PRIVATEELC,424,2041,0.008
Cuba,PRIVATEELC,424,2042,0.008
Cuba,PRIVATEELC,424,2043,0.008
Cuba,PRIVATEELC,424,2044,0.008
Cuba,PRIVATEELC,424,2045,0.008
Cuba,PRIVATEELC,424,2046,0.008
Cuba,PRIVATEELC,424,2047,0.008
Cuba,PRIVATEELC,424,2048,0.008
Cuba,PRIVATEELC,424,2049,0.008
Cuba,PRIVATEELC,424,2050,0.008
Cuba,PRIVATEELC,424,2051,0.008
Cuba,PRIVATEELC,424,2052,0.008
Cuba,PRIVATEELC,424,2053,0.008
Cuba,PRIVATEELC,424,2054,0.008
Cuba,PRIVATEELC,424,2055,0.008
Cuba,PRIVATEELC,425,2019,0.006
Cuba,PRIVATEELC,425,2020,0.006
Cuba,PRIVATEELC,425,2021,0.006
Cuba,PRIVATEELC,425,2022,0.006
Cuba,PRIVATEELC,425,2023,0.006
Cuba,PRIVATEELC,425,2024,0.006
Cuba,PRIVATEELC,425,2025,0.006
Cuba,PRIVATEELC,425,2026,0.006
Cuba,PRIVATEELC,425,2027,0.006
Cuba,PRIVATEELC,425,2028,0.006
Cuba,PRIVATEELC,425,2029,0.006
Cuba,PRIVATEELC,425,2030,0.006
Cuba,PRIVATEELC,425,2031,0.006
Cuba,PRIVATEELC,425,2032,0.006
Cuba,PRIVATEELC,425,2033,0.006
Cuba,PRIVATEELC,425,2034,0.006
Cuba,PRIVATEELC,425,2035,0.006
Cuba,PRIVATEELC,425,2036,0.006
Cuba,PRIVATEELC,425,2037,0.006
Cuba,PRIVATEELC,425,2038,0.006
Cuba,PRIVATEELC,425,2039,0.006
Cuba,PRIVATEELC,425,2040,0.006
Cuba,PRIVATEELC,425,2041,0.006
Cuba,PRIVATEELC,425,2042,0.006
Cuba,PRIVATEELC,425,2043,0.006
Cuba,PRIVATEELC,425,2044,0.006
Cuba,PRIVATEELC,425,2045,0.006
Cuba,PRIVATEELC,425,2046,0.006
Cuba,PRIVATEELC,425,2047,0.006
Cuba,PRIVATEELC,425,2048,0.006
Cuba,PRIVATEELC,425,2049,0.006
Cuba,PRIVATEELC,425,2050,0.006
Cuba,PRIVATEELC,425,2051,0.006
Cuba,PRIVATEELC,425,2052,0.006
Cuba,PRIVATEELC,425,2053,0.006
Cuba,PRIVATEELC,425,2054,0.006
Cuba,PRIVATEELC,425,2055,0.006
Cuba,PRIVATEELC,426,2019,0.009
Cuba,PRIVATEELC,426,2020,0.009
Cuba,PRIVATEELC,426,2021,0.009
Cuba,PRIVATEELC,426,2022,0.009
Cuba,PRIVATEELC,426,2023,0.009
Cuba,PRIVATEELC,426,2024,0.009
Cuba,PRIVATEELC,426,2025,0.009
Cuba,PRIVATEELC,426,2026,0.009
Cuba,PRIVATEELC,426,2027,0.009
Cuba,PRIVATEELC,426,2028,0.009
Cuba,PRIVATEELC,426,2029,0.009
Cuba,PRIVATEELC,426,2030,0.009
Cuba,PRIVATEELC,426,2031,0.009
Cuba,PRIVATEELC,426,2032,0.009
Cuba,PRIVATEELC,426,2033,0.009
Cuba,PRIVATEELC,426,2034,0.009
Cuba,PRIVATEELC,426,2035,0.009
Cuba,PRIVATEELC,426,2036,0.009
Cuba,PRIVATEELC,426,2037,0.009
Cuba,PRIVATEELC,426,2038,0.009
Cuba,PRIVATEELC,426,2039,0.009
Cuba,PRIVATEELC,426,2040,0.009
Cuba,PRIVATEELC,426,2041,0.009
Cuba,PRIVATEELC,426,2042,0.009
Cuba,PRIVATEELC,426,2043,0.009
Cuba,PRIVATEELC,426,2044,0.009
Cuba,PRIVATEELC,426,2045,0.009
Cuba,PRIVATEELC,426,2046,0.009
Cuba,PRIVATEELC,426,2047,0.009
Cuba,PRIVATEELC,426,2048,0.009
Cuba,PRIVATEELC,426,2049,0.009
Cuba,PRIVATEELC,426,2050,0.009
Cuba,PRIVATEELC,426,2051,0.009
Cuba,PRIVATEELC,426,2052,0.009
Cuba,PRIVATEELC,426,2053,0.009
Cuba,PRIVATEELC,426,2054,0.009
Cuba,PRIVATEELC,426,2055,0.009
Cuba,PRIVATEELC,427,2019,0.006
Cuba,PRIVATEELC,427,2020,0.006
Cuba,PRIVATEELC,427,2021,0.006
Cuba,PRIVATEELC,427,2022,0.006
Cuba,PRIVATEELC,427,2023,0.006
Cuba,PRIVATEELC,427,2024,0.006
Cuba,PRIVATEELC,427,2025,0.006
Cuba,PRIVATEELC,427,2026,0.006
Cuba,PRIVATEELC,427,2027,0.006
Cuba,PRIVATEELC,427,2028,0.006
Cuba,PRIVATEELC,427,2029,0.006
Cuba,PRIVATEELC,427,2030,0.006
Cuba,PRIVATEELC,427,2031,0.006
Cuba,PRIVATEELC,427,2032,0.006
Cuba,PRIVATEELC,427,2033,0.006
Cuba,PRIVATEELC,427,2034,0.006
Cuba,PRIVATEELC,427,2035,0.006
Cuba,PRIVATEELC,427,2036,0.006
Cuba,PRIVATEELC,427,2037,0.006
Cuba,PRIVATEELC,427,2038,0.006
Cuba,PRIVATEELC,427,2039,0.006
Cuba,PRIVATEELC,427,2040,0.006
Cuba,PRIVATEELC,427,2041,0.006
Cuba,PRIVATEELC,427,2042,0.006
Cuba,PRIVATEELC,427,2043,0.006
Cuba,PRIVATEELC,427,2044,0.006
Cuba,PRIVATEELC,427,2045,0.006
Cuba,PRIVATEELC,427,2046,0.006
Cuba,PRIVATEELC,427,2047,0.006
Cuba,PRIVATEELC,427,2048,0.006
Cuba,PRIVATEELC,427,2049,0.006
Cuba,PRIVATEELC,427,2050,0.006
Cuba,PRIVATEELC,427,2051,0.006
Cuba,PRIVATEELC,427,2052,0.006
Cuba,PRIVATEELC,427,2053,0.006
Cuba,PRIVATEELC,427,2054,0.006
Cuba,PRIVATEELC,427,2055,0.006
Cuba,PRIVATEELC,428,2019,0.007
Cuba,PRIVATEELC,428,2020,0.007
Cuba,PRIVATEELC,428,2021,0.007
Cuba,PRIVATEELC,428,2022,0.007
Cuba,PRIVATEELC,428,2023,0.007
Cuba,PRIVATEELC,428,2024,0.007
Cuba,PRIVATEELC,428,2025,0.007
Cuba,PRIVATEELC,428,2026,0.007
Cuba,PRIVATEELC,428,2027,0.007
Cuba,PRIVATEELC,428,2028,0.007
Cuba,PRIVATEELC,428,2029,0.007
Cuba,PRIVATEELC,428,2030,0.007
Cuba,PRIVATEELC,428,2031,0.007
Cuba,PRIVATEELC,428,2032,0.007
Cuba,PRIVATEELC,428,2033,0.007
Cuba,PRIVATEELC,428,2034,0.007
Cuba,PRIVATEELC,428,2035,0.007
Cuba,PRIVATEELC,428,2036,0.007
Cuba,PRIVATEELC,428,2037,0.007
Cuba,PRIVATEELC,428,2038,0.007
Cuba,PRIVATEELC,428,2039,0.007
Cuba,PRIVATEELC,428,2040,0.007
Cuba,PRIVATEELC,428,2041,0.007
Cuba,PRIVATEELC,428,2042,0.007
Cuba,PRIVATEELC,428,2043,0.007
Cuba,PRIVATEELC,428,2044,0.007
Cuba,PRIVATEELC,428,2045,0.007
Cuba,PRIVATEELC,428,2046,0.007
Cuba,PRIVATEELC,428,2047,0.007
Cuba,PRIVATEELC,428,2048,0.007
Cuba,PRIVATEELC,428,2049,0.007
Cuba,PRIVATEELC,428,2050,0.007
Cuba,PRIVATEELC,428,2051,0.007
Cuba,PRIVATEELC,428,2052,0.007
Cuba,PRIVATEELC,428,2053,0.007
Cuba,PRIVATEELC,428,2054,0.007
Cuba,PRIVATEELC,428,2055,0.007
